episode_index,split,benchmark_task_id,dataset_task_index,length,shard_file,shard_bytes,shard_sha256,decoded_pixels_sha256,source_data_file,camera1_video_file,camera2_video_file
1261,validation,6,30,110,outputs/wm/stage13_full_feature_cache/shards/episode_001261.safetensors,2713390,2c5b5b89379b9a0851b5549e6e8630d792bde7c211acde38c3168bb7d6f952f3,25fc9ba1277cdfaeab292503b9701f5a25437ea15402bf72f47888faa1737054,data/chunk-000/file-308.parquet,videos/observation.images.image/chunk-000/file-027.mp4,videos/observation.images.image2/chunk-000/file-027.mp4
1262,train,4,31,138,outputs/wm/stage13_full_feature_cache/shards/episode_001262.safetensors,3403802,606956a9dc4984cc641f69c5bc23701625b9d724f6ac929c2b127f4ab3be22f7,34c870781ccb3a48518818e8071086d349088630b7ce8edb62c6972168df9d52,data/chunk-000/file-308.parquet,videos/observation.images.image/chunk-000/file-027.mp4,videos/observation.images.image2/chunk-000/file-027.mp4
1263,validation,4,31,127,outputs/wm/stage13_full_feature_cache/shards/episode_001263.safetensors,3132575,5efd71ce2306e9ceb129c4b11c05643b7638e3a32796b83855e80395b918d5eb,706d28587b90467fa6ad678c9c553b001b30781b380ab50dc57e134cf9023ef3,data/chunk-000/file-308.parquet,videos/observation.images.image/chunk-000/file-027.mp4,videos/observation.images.image2/chunk-000/file-027.mp4
1264,train,5,32,100,outputs/wm/stage13_full_feature_cache/shards/episode_001264.safetensors,2466804,3b6ccb8553260cb0ade16a0abda288ed6bf05ac4c4ce65d2097f71ee15657ad0,86ed5ece3d055a8f7c40f9f1056a98b54fd49abb3bdef776357dca65e7388bec,data/chunk-000/file-308.parquet,videos/observation.images.image/chunk-000/file-027.mp4,videos/observation.images.image2/chunk-000/file-027.mp4
1265,train,5,32,116,outputs/wm/stage13_full_feature_cache/shards/episode_001265.safetensors,2861316,1f60981a572b8c557c1a360680513f30146507fbecf31dd6195bd0442c01e3e6,5c11305ff13ba77e5ae4cb688cf732d0913b7c7136e61870b587a4afe12a11d7,data/chunk-000/file-308.parquet,videos/observation.images.image/chunk-000/file-027.mp4,videos/observation.images.image2/chunk-000/file-027.mp4
1266,train,5,32,107,outputs/wm/stage13_full_feature_cache/shards/episode_001266.safetensors,2639403,afd1e4c7626d05ed0075ff7fe03a416814faee4516436b605b43e532ba3b3529,b1cd0db867b5ed8d532c0b1f9f8e205b9c8e29aace0e46a0e6e4028a7f47e1fa,data/chunk-000/file-309.parquet,videos/observation.images.image/chunk-000/file-027.mp4,videos/observation.images.image2/chunk-000/file-027.mp4
1267,train,7,33,124,outputs/wm/stage13_full_feature_cache/shards/episode_001267.safetensors,3058572,49fb95aa80d317ba85c14d2ad84128525225a63e3ec28acaf210d67859e6c69d,bf27fddabb3d10d6587cb7c75f2513bdcfab5fb2ff95485448bc788e4efd1242,data/chunk-000/file-309.parquet,videos/observation.images.image/chunk-000/file-027.mp4,videos/observation.images.image2/chunk-000/file-027.mp4
1268,validation,4,31,129,outputs/wm/stage13_full_feature_cache/shards/episode_001268.safetensors,3181889,7a82e9a3eab05de48b2a4ec916059c00c44b814b0f82e3bdb9255cbe74d570a1,ae010d7eeb8688d6da84e95cc1ce66b5a384201446c5ef86944671d9b5225126,data/chunk-000/file-309.parquet,videos/observation.images.image/chunk-000/file-027.mp4,videos/observation.images.image2/chunk-000/file-027.mp4
1269,validation,7,33,139,outputs/wm/stage13_full_feature_cache/shards/episode_001269.safetensors,3428435,da34700a4b8d953e2e88b08aa941a78ff727aae544b4395d1dd5da913b010fc5,94a62225c9fc90eba22321b1a1e9ed284b8e14df364b44f2a10a3c0d2b6ffe4f,data/chunk-000/file-309.parquet,videos/observation.images.image/chunk-000/file-027.mp4,videos/observation.images.image2/chunk-000/file-027.mp4
1270,validation,7,33,148,outputs/wm/stage13_full_feature_cache/shards/episode_001270.safetensors,3650348,2df942f910c0febc91b8ca5bc58f1bb0aea392acf1e8544e4e8927b5d2f5534e,28dfb695ea4f2a8d38512e14eaaed7b87ad45c4695beb6b41fbf4107c3966982,data/chunk-000/file-309.parquet,videos/observation.images.image/chunk-000/file-027.mp4,videos/observation.images.image2/chunk-000/file-027.mp4
1271,train,5,32,101,outputs/wm/stage13_full_feature_cache/shards/episode_001271.safetensors,2491461,0a73b71d847aba545619d25518e0d2bc252004013ddddd937b88434b94f15967,d440734314801cd3b252e26158181099ac620715da45aa467064edbd5a85168d,data/chunk-000/file-309.parquet,videos/observation.images.image/chunk-000/file-027.mp4,videos/observation.images.image2/chunk-000/file-027.mp4
1272,train,0,34,84,outputs/wm/stage13_full_feature_cache/shards/episode_001272.safetensors,2072300,1258ac668f69fcad1f257a8837c416e26054b7f28c5748eb35310377de7470ed,2a96357435cb7f2b8b87fddddf1c46e6bdd5516f536763c6ad69513157788573,data/chunk-000/file-309.parquet,videos/observation.images.image/chunk-000/file-027.mp4,videos/observation.images.image2/chunk-000/file-027.mp4
1273,train,0,34,85,outputs/wm/stage13_full_feature_cache/shards/episode_001273.safetensors,2096957,afbe62c6c2ac438a96dc69368e1c143134e15518e73626f745c0d4def2a4ed01,655e58bf3aece7c3db839698c7596225d7a7e3018f5fb79f92b1a3b98147068d,data/chunk-000/file-310.parquet,videos/observation.images.image/chunk-000/file-027.mp4,videos/observation.images.image2/chunk-000/file-027.mp4
1275,train,0,34,128,outputs/wm/stage13_full_feature_cache/shards/episode_001275.safetensors,3157224,9ddd7b623070c7237c551e270fff0253a707e600080fb04dd5944154e5fc1c13,6d9a36865e20559cad282f925f4854183f8ada1ceb381fb6fcfdd691bd0f876e,data/chunk-000/file-310.parquet,videos/observation.images.image/chunk-000/file-027.mp4,videos/observation.images.image2/chunk-000/file-027.mp4
1276,train,4,31,140,outputs/wm/stage13_full_feature_cache/shards/episode_001276.safetensors,3453116,4e32c8bfdd5a18aea4139688bed9538293912fc82d012f7975912ceefac9b657,2b615faa2e59e38535c2ac09c6004424a873460498b056d44865769a2da323ff,data/chunk-000/file-310.parquet,videos/observation.images.image/chunk-000/file-027.mp4,videos/observation.images.image2/chunk-000/file-027.mp4
1277,validation,6,30,111,outputs/wm/stage13_full_feature_cache/shards/episode_001277.safetensors,2738047,ac4385bdb333b5dc7022805a1341d0d29f896fc482b5d9d97dba7f8f69145d61,d1c70c107e2ba9d84a884163063f02ad0c525a5ea3281cb6c150a8ab53582320,data/chunk-000/file-310.parquet,videos/observation.images.image/chunk-000/file-027.mp4,videos/observation.images.image2/chunk-000/file-027.mp4
1278,train,3,35,101,outputs/wm/stage13_full_feature_cache/shards/episode_001278.safetensors,2491461,3f826bb665c2d81a1f49106bc58ea5c52efac695d1a91ef7d5bd043d883018e3,f5db440fd3fd2d740d068120c03fde7383212aec77e4086edefc30556a207acb,data/chunk-000/file-310.parquet,videos/observation.images.image/chunk-000/file-028.mp4,videos/observation.images.image2/chunk-000/file-028.mp4
1280,validation,8,36,107,outputs/wm/stage13_full_feature_cache/shards/episode_001280.safetensors,2639411,08a86194e52495f22c3386df1dc2aae4a7a3201cb76048d5515ad58c8c25b7da,44fdd44306626a4d8ed332952da53a04297d4a5186c0bf5869dcad0e71ee87f6,data/chunk-000/file-311.parquet,videos/observation.images.image/chunk-000/file-028.mp4,videos/observation.images.image2/chunk-000/file-028.mp4
1281,train,1,37,112,outputs/wm/stage13_full_feature_cache/shards/episode_001281.safetensors,2762696,35cee1738d5eca42bfc6bd20696ef278206f40e248c325d6a5668b6035dfb5f7,b762660b969e08ccec8a3ae850d313f2f2272950c91875736a02e4079e340ecd,data/chunk-000/file-311.parquet,videos/observation.images.image/chunk-000/file-028.mp4,videos/observation.images.image2/chunk-000/file-028.mp4
1282,train,0,34,84,outputs/wm/stage13_full_feature_cache/shards/episode_001282.safetensors,2072300,329fd407576d1237cd7adb460d675a3afb212ab72214d549ec17545e065d10a4,da789d669f54b80e5018a17c129cbcbda3c6b1a84ec46ad27897ba5ecb343275,data/chunk-000/file-311.parquet,videos/observation.images.image/chunk-000/file-028.mp4,videos/observation.images.image2/chunk-000/file-028.mp4
1283,train,2,38,135,outputs/wm/stage13_full_feature_cache/shards/episode_001283.safetensors,3329807,834219e93bdd52c0e9edd15fc9a9c2660366e8448be5c994265a914534f9ea18,80b65b1c0e583bb5337aea63271da885fab9b9b42e77ae056141ddab5ba63845,data/chunk-000/file-311.parquet,videos/observation.images.image/chunk-000/file-028.mp4,videos/observation.images.image2/chunk-000/file-028.mp4
1285,train,8,36,125,outputs/wm/stage13_full_feature_cache/shards/episode_001285.safetensors,3083237,2b01545e8725d60384444ba8d3b0ac06c362d580bc8e35546ff01083a6315b21,590b32660f71234cde90bae1e6f3f7fb182b508115ff197a01a8a4610d128004,data/chunk-000/file-311.parquet,videos/observation.images.image/chunk-000/file-028.mp4,videos/observation.images.image2/chunk-000/file-028.mp4
1286,train,1,37,132,outputs/wm/stage13_full_feature_cache/shards/episode_001286.safetensors,3255836,fa49e497b38f078e4357cf1d0b730da7f8bd918e65c6cec5fc3ed7381271d9b3,d4cb3d9192af8b085694724df9aa023bc7f0802472e4e739630656dc7cb2d0ee,data/chunk-000/file-312.parquet,videos/observation.images.image/chunk-000/file-028.mp4,videos/observation.images.image2/chunk-000/file-028.mp4
1287,train,2,38,100,outputs/wm/stage13_full_feature_cache/shards/episode_001287.safetensors,2466804,975a2b3b98c395f128e10efebc035cfea4296d31591f0f2268466ff5b22f913f,42625a6e0ebcd0c2586e1b94337af43821c06a9def3fa2d084cfee220b16c632,data/chunk-000/file-312.parquet,videos/observation.images.image/chunk-000/file-028.mp4,videos/observation.images.image2/chunk-000/file-028.mp4
1289,train,2,38,120,outputs/wm/stage13_full_feature_cache/shards/episode_001289.safetensors,2959944,1264e5719ee814fa5a210df182365cdc4c779e638741a06885d617a4ede5ba0e,36de95049473cb611fa952d8dc9c8c59ee9a01b12de7211235638973c9dd9114,data/chunk-000/file-312.parquet,videos/observation.images.image/chunk-000/file-028.mp4,videos/observation.images.image2/chunk-000/file-028.mp4
1290,train,9,39,164,outputs/wm/stage13_full_feature_cache/shards/episode_001290.safetensors,4044868,3cd0552f776224242d02e3da2beb4f1541bb99595b20b38b9a514c2f594b4fc7,4297d6d251602bace16e5192bf027121b61169b6eb4ef95b63a2fc1f96fcdc27,data/chunk-000/file-312.parquet,videos/observation.images.image/chunk-000/file-028.mp4,videos/observation.images.image2/chunk-000/file-028.mp4
1291,train,6,30,125,outputs/wm/stage13_full_feature_cache/shards/episode_001291.safetensors,3083245,7a34edcf22f4483685735bd53c9b7ff618dd7b222ec66e59cba07352f2b24523,689790940fdb41f1c9c3569bc02ecc5fc1243f356ca9da0c0989da806045fc47,data/chunk-000/file-312.parquet,videos/observation.images.image/chunk-000/file-028.mp4,videos/observation.images.image2/chunk-000/file-028.mp4
1292,train,6,30,157,outputs/wm/stage13_full_feature_cache/shards/episode_001292.safetensors,3872269,e9f30cdda18770639d4e53ba115075e3f562e6d59ca4e0b3618556c352d3cebc,4050a6463f5e384977e800b9cd7f107830edc6eae7f2e2cb97b6e7289d80b3f8,data/chunk-000/file-313.parquet,videos/observation.images.image/chunk-000/file-028.mp4,videos/observation.images.image2/chunk-000/file-028.mp4
1293,train,8,36,121,outputs/wm/stage13_full_feature_cache/shards/episode_001293.safetensors,2984601,995755fc6b1df87b8fac631196b2d73ad1719b7c61a2ea6ea198a53fec2e2876,3c0f9e7844501507887e56c77859cb43cd3f203ededa33c0d99110e1e73534eb,data/chunk-000/file-313.parquet,videos/observation.images.image/chunk-000/file-028.mp4,videos/observation.images.image2/chunk-000/file-028.mp4
1294,train,1,37,120,outputs/wm/stage13_full_feature_cache/shards/episode_001294.safetensors,2959952,f7595d4b4d486dc6976303dc4cff828b401a549c6daafc2eda445c1b8b5385cd,4c0afc2698715e483a72bff7fa1180080a1566625b4e698a097643eb8df3421e,data/chunk-000/file-313.parquet,videos/observation.images.image/chunk-000/file-028.mp4,videos/observation.images.image2/chunk-000/file-028.mp4
1295,train,9,39,137,outputs/wm/stage13_full_feature_cache/shards/episode_001295.safetensors,3379129,d3ff3f03b0e758c3985f07685cfd61fc311197be3bed3736ccb5fa609022e05f,fdf4557e486384121d3914be7c4556d9ccaf6bcba9edcade4f77db76e3d2195c,data/chunk-000/file-313.parquet,videos/observation.images.image/chunk-000/file-028.mp4,videos/observation.images.image2/chunk-000/file-028.mp4
1298,train,4,31,131,outputs/wm/stage13_full_feature_cache/shards/episode_001298.safetensors,3231203,2b8c630f2baab4fa118705b95bb53c47d6845292dcf7513220083370cf17cc25,ed59aef02c6c7b7630deb6a03f388cd94afc82591fd47b1cf41a9568d9205e52,data/chunk-000/file-314.parquet,videos/observation.images.image/chunk-000/file-028.mp4,videos/observation.images.image2/chunk-000/file-028.mp4
1299,train,2,38,121,outputs/wm/stage13_full_feature_cache/shards/episode_001299.safetensors,2984601,e45fcc10939a988915c51cf077a543cc0f3302af4c5cd09b4b6dfbb97502f0f8,bc9d088b8d6f97d90a31cd48fba3efa5ecb818490849b0c5c64f3caccba027e0,data/chunk-000/file-314.parquet,videos/observation.images.image/chunk-000/file-028.mp4,videos/observation.images.image2/chunk-000/file-028.mp4
1300,train,0,34,102,outputs/wm/stage13_full_feature_cache/shards/episode_001300.safetensors,2516134,c37e3363cbeb7de6c612050a32eb683fdac97f0b674054c0d2e28aa7be893ef7,5f9a3eafa54e95282ba890ea2699c365d3dccfd19818ff3add3cabde0732e8a2,data/chunk-000/file-314.parquet,videos/observation.images.image/chunk-000/file-028.mp4,videos/observation.images.image2/chunk-000/file-028.mp4
1301,train,6,30,141,outputs/wm/stage13_full_feature_cache/shards/episode_001301.safetensors,3477757,3deacdf33a0c8b63d10ad623185b4ccf7dc8ade36b8da6555e01d9c16c83566d,9b36dbcc1a5b7304d8cb1e701555b5bb7eaf1e470126504141d8f7ac6e08d4da,data/chunk-000/file-314.parquet,videos/observation.images.image/chunk-000/file-028.mp4,videos/observation.images.image2/chunk-000/file-028.mp4
1302,train,4,31,156,outputs/wm/stage13_full_feature_cache/shards/episode_001302.safetensors,3847628,da842a761abc497604f27fe2b8175b09325a5cdb0dc033715f60cc30c14cb65e,bf5bf8d4c8850f7d75bc1b41e6d496d8cb08ed1b7c4300e1c1cb73560dda1792,data/chunk-000/file-314.parquet,videos/observation.images.image/chunk-000/file-028.mp4,videos/observation.images.image2/chunk-000/file-028.mp4
1304,validation,6,30,113,outputs/wm/stage13_full_feature_cache/shards/episode_001304.safetensors,2787361,58bb626f6b686a0fa994af93217be3aafaccc27a4effe2f06aee724a41aeba41,eb6c8b1bd450097ba03b149ab7287948e0f6ea88045c4246c3c1242425c1901d,data/chunk-000/file-315.parquet,videos/observation.images.image/chunk-000/file-028.mp4,videos/observation.images.image2/chunk-000/file-028.mp4
1305,validation,1,37,143,outputs/wm/stage13_full_feature_cache/shards/episode_001305.safetensors,3527071,c7643337ffc5d671c5e08e17a33bd69a80dfb10c94e361bd22329392244101e8,2196542a2a4101a2f52ddecca69a369d47981766a9d53c569bf268ec72b8ac85,data/chunk-000/file-315.parquet,videos/observation.images.image/chunk-000/file-028.mp4,videos/observation.images.image2/chunk-000/file-028.mp4
1306,train,9,39,132,outputs/wm/stage13_full_feature_cache/shards/episode_001306.safetensors,3255844,611d249346d40c4e8152107132ac733a9c42cffc7416baf88bbf4a88e96f06f4,12693baf92f5aaaedf5a391668c0bc833c9f532c4ac858ec9858524e4d04616e,data/chunk-000/file-315.parquet,videos/observation.images.image/chunk-000/file-028.mp4,videos/observation.images.image2/chunk-000/file-028.mp4
1307,validation,8,36,138,outputs/wm/stage13_full_feature_cache/shards/episode_001307.safetensors,3403786,9b7a27122e265b1f304390776698af5b313efae0d5557b178e5d076a56299521,930f665d615aaed36ed026858f15a53ed21214ab01142ee3fa69d8926d276549,data/chunk-000/file-315.parquet,videos/observation.images.image/chunk-000/file-028.mp4,videos/observation.images.image2/chunk-000/file-028.mp4
1308,train,7,33,142,outputs/wm/stage13_full_feature_cache/shards/episode_001308.safetensors,3502406,01033fb4887f58e1ffe9b7f12512aa0ffe03511c3b7a4b4fa3688bdb84e2dafa,43890d82ccd0e234e518364eb6350e95216d9eae5d10602b1c4d9f84761df806,data/chunk-000/file-315.parquet,videos/observation.images.image/chunk-000/file-028.mp4,videos/observation.images.image2/chunk-000/file-028.mp4
1309,train,6,30,115,outputs/wm/stage13_full_feature_cache/shards/episode_001309.safetensors,2836667,956fb999682c8fffeb58d6cee976fd92d1569d14029ab7ae915125e5ec6ec6e3,5906b9cc450614969838f844a7d02b91796b5a60311a1e78cc9c6c5ccf4aa19b,data/chunk-000/file-315.parquet,videos/observation.images.image/chunk-000/file-028.mp4,videos/observation.images.image2/chunk-000/file-028.mp4
1310,train,2,38,111,outputs/wm/stage13_full_feature_cache/shards/episode_001310.safetensors,2738031,6d9c0be39d0a4cdb69f12399d6c9dd79a33fe00bbbeedea9b72ac552cda0f803,9677c9c222360e7765129a206a6b5a6b16d3f45b2533f4b5d7e85e38232ead38,data/chunk-000/file-316.parquet,videos/observation.images.image/chunk-000/file-028.mp4,videos/observation.images.image2/chunk-000/file-028.mp4
1313,train,5,32,113,outputs/wm/stage13_full_feature_cache/shards/episode_001313.safetensors,2787345,808fa3d9d7c73180606c4114237d6e0716b5312e169121d265f3b5a53ee7af77,b379da31cb68c92220b472068e26d548ea5e0ffc0f72ac5c1bcd3f4cb85b0a1f,data/chunk-000/file-316.parquet,videos/observation.images.image/chunk-000/file-028.mp4,videos/observation.images.image2/chunk-000/file-028.mp4
1314,train,6,30,117,outputs/wm/stage13_full_feature_cache/shards/episode_001314.safetensors,2885981,fe32e59bfb1569c47e6584c09e06f7df319bbee1386d82938a2815732902e0ae,a42612e0cade2deadcc57679149ec0ddfa9954c1de31a0abeaf96dcf5b463cb4,data/chunk-000/file-316.parquet,videos/observation.images.image/chunk-000/file-028.mp4,videos/observation.images.image2/chunk-000/file-028.mp4
1315,train,2,38,106,outputs/wm/stage13_full_feature_cache/shards/episode_001315.safetensors,2614746,e8ad38fe74e2c7fbb027c09638e397afacc330d3aa637ae95413185a281bea95,13070e66c713346c51e3be0731ab63fd8ec9b7a1b46f18aa62e6e247e0886b67,data/chunk-000/file-316.parquet,videos/observation.images.image/chunk-000/file-028.mp4,videos/observation.images.image2/chunk-000/file-028.mp4
1316,train,2,38,103,outputs/wm/stage13_full_feature_cache/shards/episode_001316.safetensors,2540775,124ab287e7e5b81afadfceb777c6d8fe3fb0bfd74d923b371693f8c84ee4e3fd,a8d665e8b510a399d2d82b69324685d4563aa625383aa850afdbe70c8c7594ec,data/chunk-000/file-316.parquet,videos/observation.images.image/chunk-000/file-028.mp4,videos/observation.images.image2/chunk-000/file-028.mp4
1317,train,2,38,114,outputs/wm/stage13_full_feature_cache/shards/episode_001317.safetensors,2812002,b92d323fb5422e62b52f452cc204243a885f2a3014890898dddcfe62a3c5f8b5,fcae59e43130e08fadff0cb8b930c0610a01315bf9699fb5af1815f9d5fef245,data/chunk-000/file-317.parquet,videos/observation.images.image/chunk-000/file-028.mp4,videos/observation.images.image2/chunk-000/file-028.mp4
1318,train,1,37,135,outputs/wm/stage13_full_feature_cache/shards/episode_001318.safetensors,3329807,69a3e70798dddf7a2d33262c2f6c70c2231ffc14762e4b196607764e043a46b4,6032a29fb67bf241756adf58a873eebb862f77660129cc319821f9155f8362c9,data/chunk-000/file-317.parquet,videos/observation.images.image/chunk-000/file-028.mp4,videos/observation.images.image2/chunk-000/file-028.mp4
1319,train,3,35,102,outputs/wm/stage13_full_feature_cache/shards/episode_001319.safetensors,2516118,2d5463e6924d14565a97f5227af278d7e88a068b42f8013025740d892a77716d,f89c5578b4c1ed592344bea31f99b39ff51bb3a2905227a619a7802539e2d2e4,data/chunk-000/file-317.parquet,videos/observation.images.image/chunk-000/file-028.mp4,videos/observation.images.image2/chunk-000/file-028.mp4
1320,train,2,38,123,outputs/wm/stage13_full_feature_cache/shards/episode_001320.safetensors,3033915,d47d2ff6f89a1198484b394f24fd755d5af89c11b7be8891d4000da5beea4c52,fd9901791acd6c2ef263e50d0370b824fbad8d99ff7252fe19ed2b77e5f56413,data/chunk-000/file-317.parquet,videos/observation.images.image/chunk-000/file-028.mp4,videos/observation.images.image2/chunk-000/file-028.mp4
1321,train,3,35,111,outputs/wm/stage13_full_feature_cache/shards/episode_001321.safetensors,2738031,cde967b54c0eff5d85430a30f4168079234882c806a076e8ad3e20e2ac5c5eef,df77a911f7f224e826ace8ce2cbc681dafaacd8da4d2ebaa2234967d02a2b0d0,data/chunk-000/file-317.parquet,videos/observation.images.image/chunk-000/file-028.mp4,videos/observation.images.image2/chunk-000/file-028.mp4
1322,train,1,37,120,outputs/wm/stage13_full_feature_cache/shards/episode_001322.safetensors,2959952,d8ac0e81dc31547f13af8374b0094645f3f085d1235e61a7ba90fdf1a5aabe96,9495428e6c8600d55051ea5ade9518294c7eaefc29b04a34175395f8b0b12c1f,data/chunk-000/file-317.parquet,videos/observation.images.image/chunk-000/file-028.mp4,videos/observation.images.image2/chunk-000/file-028.mp4
1324,train,3,35,99,outputs/wm/stage13_full_feature_cache/shards/episode_001324.safetensors,2442139,4e661f93b4870710733299f13a7e87a1b7e4a4542778781c345054a956fe0ecc,c50e421bdcd906afab32550e70fde5443cd2243a333b0ecf86d0ad29072f8be7,data/chunk-000/file-318.parquet,videos/observation.images.image/chunk-000/file-028.mp4,videos/observation.images.image2/chunk-000/file-028.mp4
1325,train,7,33,135,outputs/wm/stage13_full_feature_cache/shards/episode_001325.safetensors,3329807,e6a6e50ae2a4478bdfb3ad3c1a3dea8274771ed6de821293dffe52554d9131d7,003c3d37466246d50f85af45a587700795ed2ef4dd9248a14c880c4e8cb3e749,data/chunk-000/file-318.parquet,videos/observation.images.image/chunk-000/file-028.mp4,videos/observation.images.image2/chunk-000/file-028.mp4
1326,train,9,39,144,outputs/wm/stage13_full_feature_cache/shards/episode_001326.safetensors,3551728,90f176f1784a7ad2e6014d0418e8d46539929f542eb0bc88af4fd27f7da59a82,19b2a7b0949e4d87347af936e410f6186f7dd0bd17c77f6b426fb83e9348b1ef,data/chunk-000/file-318.parquet,videos/observation.images.image/chunk-000/file-028.mp4,videos/observation.images.image2/chunk-000/file-028.mp4
1327,train,0,34,124,outputs/wm/stage13_full_feature_cache/shards/episode_001327.safetensors,3058588,d8935eef90b97307d06709ab490b61bf435f33cbd780e85aa2b9b5e18ab63f25,f0375eae3e5936fab87e69ba6a176c8ff16570d6c5953fc33ee7ac32cbac473e,data/chunk-000/file-318.parquet,videos/observation.images.image/chunk-000/file-028.mp4,videos/observation.images.image2/chunk-000/file-028.mp4
1328,train,3,35,111,outputs/wm/stage13_full_feature_cache/shards/episode_001328.safetensors,2738031,c598bca7d0479e8c2f9aa66d7521f04baecd3a82d48057105e62edfaedb0fe91,1b27d56a8e19ccded572bf91c7f20681c99dcf8c0a9269411016ff21f53e1f23,data/chunk-000/file-318.parquet,videos/observation.images.image/chunk-000/file-029.mp4,videos/observation.images.image2/chunk-000/file-029.mp4
1329,train,6,30,124,outputs/wm/stage13_full_feature_cache/shards/episode_001329.safetensors,3058580,eaeaab69294d99e1afedfe84c221b85f3aa8777334094dd392c701ac7e478f40,c759fbfd220c752c186c887e163c6473145bfe710a0970a376d2c9110f00f9be,data/chunk-000/file-318.parquet,videos/observation.images.image/chunk-000/file-029.mp4,videos/observation.images.image2/chunk-000/file-029.mp4
1330,train,0,34,168,outputs/wm/stage13_full_feature_cache/shards/episode_001330.safetensors,4143504,02b61c38a489966ee67df6153d542f314c9c5b3483fd8e19a70db9fa9631cd47,652ea857a03318eb602e57b333d3f4d79ede5d57203294ee3e70dadbdd9e72f7,data/chunk-000/file-319.parquet,videos/observation.images.image/chunk-000/file-029.mp4,videos/observation.images.image2/chunk-000/file-029.mp4
1331,train,1,37,137,outputs/wm/stage13_full_feature_cache/shards/episode_001331.safetensors,3379121,09c028ebd4b76e3f4bc3deb51055e0e57dab320e9732ab76976f41b0f76256a7,dfbb5a04c8266003d2e3975db6acc87d71c314ec246cabd810d47cdfa22e809b,data/chunk-000/file-319.parquet,videos/observation.images.image/chunk-000/file-029.mp4,videos/observation.images.image2/chunk-000/file-029.mp4
1332,train,8,36,125,outputs/wm/stage13_full_feature_cache/shards/episode_001332.safetensors,3083237,8a07c5c53900be79a1dda8064e40988437df5975e0b61b1c2aa66fa3a9f0b5f8,f6d2a87203ce7cc48967defeeb1a94a0caa3acb8f1ae4a63da9fd30e1e0c2fcb,data/chunk-000/file-319.parquet,videos/observation.images.image/chunk-000/file-029.mp4,videos/observation.images.image2/chunk-000/file-029.mp4
1333,train,6,30,141,outputs/wm/stage13_full_feature_cache/shards/episode_001333.safetensors,3477757,d2f2f23c2dd56eff20b06eb8f244c2d090610153942223fd237a756ce19b474a,2fa3b332b1e47ce85dc8a253fb855bb3cea2901a7ec5f39b148c096b3da23b69,data/chunk-000/file-319.parquet,videos/observation.images.image/chunk-000/file-029.mp4,videos/observation.images.image2/chunk-000/file-029.mp4
1335,train,9,39,117,outputs/wm/stage13_full_feature_cache/shards/episode_001335.safetensors,2885981,62b4a7b70889fa363de8f020fe58438a88fe56de391fa51491a37f939fbce6a0,442e792fe0615159a5fc9fe72efadc1b9c1e09a33ce61710f7cf17303a4a1999,data/chunk-000/file-319.parquet,videos/observation.images.image/chunk-000/file-029.mp4,videos/observation.images.image2/chunk-000/file-029.mp4
1336,train,6,30,135,outputs/wm/stage13_full_feature_cache/shards/episode_001336.safetensors,3329815,13adb76dc4cc6820229b5360096f8d52bca06bdc235c736595bda05ad972c2aa,51cf942c2757fe78a5b2508133a25e77d6f082adafbd8f63e568730fdfddf254,data/chunk-000/file-320.parquet,videos/observation.images.image/chunk-000/file-029.mp4,videos/observation.images.image2/chunk-000/file-029.mp4
1337,train,6,30,133,outputs/wm/stage13_full_feature_cache/shards/episode_001337.safetensors,3280501,885bd5ba020d976ca0c08ed1e6c9f0b521d159c2675ae975daa32274650176cd,7b285152a2b3929dd80fae541bd3b50c6ab96d5e77bcc002967d1f570466a586,data/chunk-000/file-320.parquet,videos/observation.images.image/chunk-000/file-029.mp4,videos/observation.images.image2/chunk-000/file-029.mp4
1338,train,6,30,125,outputs/wm/stage13_full_feature_cache/shards/episode_001338.safetensors,3083245,7a6a7540dd12196c657bc31106aa11149324debc2f92124ec2b413f3c44b6d4c,0a390b4c376de2965fb9a971c564528c787b302823178e26a3d59b141ecd36e8,data/chunk-000/file-320.parquet,videos/observation.images.image/chunk-000/file-029.mp4,videos/observation.images.image2/chunk-000/file-029.mp4
1339,train,4,31,165,outputs/wm/stage13_full_feature_cache/shards/episode_001339.safetensors,4069541,688ca52b3d6a5f1bc3a0a1bfb4edc17f851caa2b5691d59a26e50c6ed544a37f,8fba2df7c894cba58b42cee87ea7e2c72972778af7daddcace525e3f85e0bafa,data/chunk-000/file-320.parquet,videos/observation.images.image/chunk-000/file-029.mp4,videos/observation.images.image2/chunk-000/file-029.mp4
1340,train,6,30,122,outputs/wm/stage13_full_feature_cache/shards/episode_001340.safetensors,3009266,40eb2938016914be99b4760ace59ed4a3614364d77db7d5486284a36d9a54fc2,53e43de9ac76533f864cd3d835c3bb8b123f7e08d2e3503b98f4f4df17d8a256,data/chunk-000/file-320.parquet,videos/observation.images.image/chunk-000/file-029.mp4,videos/observation.images.image2/chunk-000/file-029.mp4
1341,train,5,32,154,outputs/wm/stage13_full_feature_cache/shards/episode_001341.safetensors,3798290,d52aa8216fc24a743b9fa71ea7a358b917166d216552b3ff5bda0a0c34b4f57c,6d9e0adea8b89e435df89e0a08df99ddcab6dd45765d68f147cae92b67292c73,data/chunk-000/file-320.parquet,videos/observation.images.image/chunk-000/file-029.mp4,videos/observation.images.image2/chunk-000/file-029.mp4
1342,train,8,36,126,outputs/wm/stage13_full_feature_cache/shards/episode_001342.safetensors,3107894,2c8ab8e21a830e8999e3f5cd3dde91aa0e4387b75d45d3b3e294b21ec346e26d,ef36c7af3e2f2f29c849c4dd4af63d4d7e45dd2dbd4e6170edc716db29d258f6,data/chunk-000/file-321.parquet,videos/observation.images.image/chunk-000/file-029.mp4,videos/observation.images.image2/chunk-000/file-029.mp4
1343,train,5,32,108,outputs/wm/stage13_full_feature_cache/shards/episode_001343.safetensors,2664060,72bc047679ecdbf99862ce708d12886d375ba94099da3990e0080b4b7622a5e4,3a35fb6f2f1bf1cec2b016a61d2a7defc7980919cd4e2018f14e05c2db16cdbc,data/chunk-000/file-321.parquet,videos/observation.images.image/chunk-000/file-029.mp4,videos/observation.images.image2/chunk-000/file-029.mp4
1344,train,0,34,112,outputs/wm/stage13_full_feature_cache/shards/episode_001344.safetensors,2762704,5af4438137eae779cd4cfa34451a41551c3778403e2e268b07a8452c9d1c6854,c880685c9ed75c0a0504b590b7c23da8458826bd0624a099706839885432dd05,data/chunk-000/file-321.parquet,videos/observation.images.image/chunk-000/file-029.mp4,videos/observation.images.image2/chunk-000/file-029.mp4
1345,train,2,38,109,outputs/wm/stage13_full_feature_cache/shards/episode_001345.safetensors,2688717,a00fff9ec0af71082ba23bc63e7d3a02379635213aacdcc73c9381663075dd5e,8ccae4049ad75988e2812364e9e831fd259e0a6f693c8193f0ad39c9351e8012,data/chunk-000/file-321.parquet,videos/observation.images.image/chunk-000/file-029.mp4,videos/observation.images.image2/chunk-000/file-029.mp4
1346,train,8,36,123,outputs/wm/stage13_full_feature_cache/shards/episode_001346.safetensors,3033915,45ecc7cbcb0490898c48bcde888928e3a02172e98c9cf33a065ad32d910c987f,b5aa4ee3e32ebc525009fa0e4f28a6a0a9bcaefb4c77c8911257c717ffeae85a,data/chunk-000/file-321.parquet,videos/observation.images.image/chunk-000/file-029.mp4,videos/observation.images.image2/chunk-000/file-029.mp4
1347,train,0,34,92,outputs/wm/stage13_full_feature_cache/shards/episode_001347.safetensors,2269556,27b07d8020526c6a97af7f38255301b6e265c3e9a7d3b63413a0a4b6d9677fc0,1cf0be54347b926e1edd24a388716a5bd397cc7fb74e1aa050f86a6c206e6eae,data/chunk-000/file-321.parquet,videos/observation.images.image/chunk-000/file-029.mp4,videos/observation.images.image2/chunk-000/file-029.mp4
1348,train,8,36,114,outputs/wm/stage13_full_feature_cache/shards/episode_001348.safetensors,2812002,f27555841478efc51eee4436a8020fdd7572e649cf73d81de687b2d4088213d6,3f078f52be052b1251da4288eb78d41440efdce870a6447a2a9223e9d3e45ad4,data/chunk-000/file-321.parquet,videos/observation.images.image/chunk-000/file-029.mp4,videos/observation.images.image2/chunk-000/file-029.mp4
1349,train,4,31,153,outputs/wm/stage13_full_feature_cache/shards/episode_001349.safetensors,3773657,86567483119f0c3157387f1bedd73f3f1edc06d3d8cdb8f558899208f38c255e,e88f37277a3f3b536f6771dcfee1b9b608e830ca3953982b83667eadfcacabbd,data/chunk-000/file-322.parquet,videos/observation.images.image/chunk-000/file-029.mp4,videos/observation.images.image2/chunk-000/file-029.mp4
1350,train,1,37,127,outputs/wm/stage13_full_feature_cache/shards/episode_001350.safetensors,3132551,1bedfadfcefeafe942fef4215b3a2a78fab9cabc5cbbcf144b361631152037e6,c83e8ccbda0dbb7249863adefd96fc05a9698c066e78d86a5eda997b841262a8,data/chunk-000/file-322.parquet,videos/observation.images.image/chunk-000/file-029.mp4,videos/observation.images.image2/chunk-000/file-029.mp4
1351,train,9,39,125,outputs/wm/stage13_full_feature_cache/shards/episode_001351.safetensors,3083237,6b9cc0caef9b35e78de5dce2093eebf3b97d700890becda924572f088e733902,18ee2a734770a1090c06ec5dc6d778a8857563d339dea89523e5a2d955af9502,data/chunk-000/file-322.parquet,videos/observation.images.image/chunk-000/file-029.mp4,videos/observation.images.image2/chunk-000/file-029.mp4
1352,train,0,34,96,outputs/wm/stage13_full_feature_cache/shards/episode_001352.safetensors,2368184,69430eeaedbec6d3a3118738abe6e396720da3c2d2c4e7bc6138145202b62cb3,12542aa463a8ef60faf3ae5c9a9d010a9c89ee3ef6a284290df6e17be96a187f,data/chunk-000/file-322.parquet,videos/observation.images.image/chunk-000/file-029.mp4,videos/observation.images.image2/chunk-000/file-029.mp4
1353,train,2,38,107,outputs/wm/stage13_full_feature_cache/shards/episode_001353.safetensors,2639403,d800c2cd16857835a4500d58309d7418a1eb5361e75873a4d0a040966ec02b3e,e49d6e58ed192d4f872e27a72b95a149f092058a49f73d7bd29b0148a1a4b367,data/chunk-000/file-322.parquet,videos/observation.images.image/chunk-000/file-029.mp4,videos/observation.images.image2/chunk-000/file-029.mp4
1354,train,2,38,138,outputs/wm/stage13_full_feature_cache/shards/episode_001354.safetensors,3403778,8e99964876ebe2d74142e90f7b15b2a42d337006df9ed16b2cf558aeae2f971d,e2edc0cf911249b1e5e9bec78b4d4d5ca8d0cecde507ddda05e2956570e50f26,data/chunk-000/file-322.parquet,videos/observation.images.image/chunk-000/file-029.mp4,videos/observation.images.image2/chunk-000/file-029.mp4
1356,train,9,39,137,outputs/wm/stage13_full_feature_cache/shards/episode_001356.safetensors,3379129,8c7efa5708d2eba4f30b1232495429813e70ae92b5c6c00ecb602b061b46549f,e335a444af49a504c722604b2710eb736f0077b857fe44d1ef90ff135a75eb04,data/chunk-000/file-323.parquet,videos/observation.images.image/chunk-000/file-029.mp4,videos/observation.images.image2/chunk-000/file-029.mp4
1357,train,3,35,95,outputs/wm/stage13_full_feature_cache/shards/episode_001357.safetensors,2343511,ee3982aba2239a4fdb28668e04a7f4431e48e9fc02d43800534d887cbba97f97,28bca988ba17dc4a05f2281235afd19f16e1105e83518b9896c7f87eb5f49c40,data/chunk-000/file-323.parquet,videos/observation.images.image/chunk-000/file-029.mp4,videos/observation.images.image2/chunk-000/file-029.mp4
1358,train,2,38,105,outputs/wm/stage13_full_feature_cache/shards/episode_001358.safetensors,2590089,01cbb8223a4eb804f5e70de63ca0b6b27abc9318b8b49186b06f10a1b6f4189c,5d55f0670011abcc48f26a7b72453f75f6799c9c0345a55b029cb777c5933882,data/chunk-000/file-323.parquet,videos/observation.images.image/chunk-000/file-029.mp4,videos/observation.images.image2/chunk-000/file-029.mp4
1359,train,4,31,137,outputs/wm/stage13_full_feature_cache/shards/episode_001359.safetensors,3379145,18da23927419a6e0398d1d4e0ba7954393568b81f9d8957cb99a97b943b99a5c,d6da8ddadffac08d165605631d06b4e3c4778279840c66a83b2dbbf65fd70cde,data/chunk-000/file-323.parquet,videos/observation.images.image/chunk-000/file-029.mp4,videos/observation.images.image2/chunk-000/file-029.mp4
1362,train,7,33,144,outputs/wm/stage13_full_feature_cache/shards/episode_001362.safetensors,3551720,9dfe54e0037ae3fd7b85ca1b9d765582c21c2bc1677d6352e740ac28558bacf3,6d7f0b71bc4d19c3f0060aa18e56a10418d412b842fca898117ea7337276d399,data/chunk-000/file-324.parquet,videos/observation.images.image/chunk-000/file-029.mp4,videos/observation.images.image2/chunk-000/file-029.mp4
1364,train,7,33,167,outputs/wm/stage13_full_feature_cache/shards/episode_001364.safetensors,4118831,c7d29e154e1b13c093042605dfcd14c754d34001cd4bddecf42aff99798d7deb,a0416a0c81ba1f3cf3b1c36b6072cc1614760ebda6a5b3e3a77a2e7ab48c4747,data/chunk-000/file-324.parquet,videos/observation.images.image/chunk-000/file-029.mp4,videos/observation.images.image2/chunk-000/file-029.mp4
1365,validation,4,31,147,outputs/wm/stage13_full_feature_cache/shards/episode_001365.safetensors,3625723,67f7074b8e94539b2090110a741ed0024023dbec9bfe7783f824b3fff456c704,1e4114242a507fcd6e55955c3d48447e110230fafb91861d8ec031dcbab884dd,data/chunk-000/file-324.parquet,videos/observation.images.image/chunk-000/file-029.mp4,videos/observation.images.image2/chunk-000/file-029.mp4
1366,validation,3,35,94,outputs/wm/stage13_full_feature_cache/shards/episode_001366.safetensors,2318862,cbf0d192539e47ff881e003c6bf8fb602833e838d548d799a3ebb877250bc91f,060bfeac08761a84ca55172a4854f9c3997b53c20bceaad0da96a4f390ba6b12,data/chunk-000/file-325.parquet,videos/observation.images.image/chunk-000/file-029.mp4,videos/observation.images.image2/chunk-000/file-029.mp4
1367,train,3,35,89,outputs/wm/stage13_full_feature_cache/shards/episode_001367.safetensors,2195569,6d5818516b059bcc20d39fbf9bdb5b17cb45b6751a25b8848fc9bcfade7f4fdc,9c6f5d2a15b457aaf072d9c51ed3cd0ed1e8b34a5f8a6b4539ca10023389f04c,data/chunk-000/file-325.parquet,videos/observation.images.image/chunk-000/file-029.mp4,videos/observation.images.image2/chunk-000/file-029.mp4
1368,train,0,34,88,outputs/wm/stage13_full_feature_cache/shards/episode_001368.safetensors,2170928,835f508dca3c202cf2edd126da7d92c8483200753d4bede3df8eb47cd9be9505,e9b7b11542dbd53f64392e7abfcc5744b81c321010c2d55454b29b5e08f88241,data/chunk-000/file-325.parquet,videos/observation.images.image/chunk-000/file-029.mp4,videos/observation.images.image2/chunk-000/file-029.mp4
1369,train,7,33,133,outputs/wm/stage13_full_feature_cache/shards/episode_001369.safetensors,3280493,f42235278e1ba441ef49d1edcf19ff2fc1cfc2eb599c232f9393de12b2f22e33,e8c3e11db88c611703d224835d9f9b7d8e236838444546eb365ab0029a7c3c5d,data/chunk-000/file-325.parquet,videos/observation.images.image/chunk-000/file-029.mp4,videos/observation.images.image2/chunk-000/file-029.mp4
1370,validation,1,37,152,outputs/wm/stage13_full_feature_cache/shards/episode_001370.safetensors,3748984,299d72ac97ff8f07580da2f2e2b0ef7896d15fb289bb043767bf3355b5cc518c,3d1afe2e2ed515eae9efb716f6417a993b6ef85af9270153f480c72c5e8dcd9c,data/chunk-000/file-325.parquet,videos/observation.images.image/chunk-000/file-029.mp4,videos/observation.images.image2/chunk-000/file-029.mp4
1371,train,6,30,122,outputs/wm/stage13_full_feature_cache/shards/episode_001371.safetensors,3009266,7da0d52bcb7df169fec88cc527f50dc9f395143228943fe3222c9a71f628a8f7,058a4c336e41cc665fdd2264c3b5bd70b36304470b7bcc72a1f003e332376bf7,data/chunk-000/file-325.parquet,videos/observation.images.image/chunk-000/file-029.mp4,videos/observation.images.image2/chunk-000/file-029.mp4
1372,train,8,36,115,outputs/wm/stage13_full_feature_cache/shards/episode_001372.safetensors,2836659,20eaf2f9fe55345f392edea0e05549921e8074d1975bb09bc6521848658706f4,89e43177aeb68ed4f904134e35661fd91474fd9d74d96d226539fa38ad6b0f4c,data/chunk-000/file-325.parquet,videos/observation.images.image/chunk-000/file-029.mp4,videos/observation.images.image2/chunk-000/file-029.mp4
1373,train,4,31,156,outputs/wm/stage13_full_feature_cache/shards/episode_001373.safetensors,3847628,25820049906efb87ba063d23f4e2360ac0f07c106af6b6f46b4f24a9642e6f52,3664e9128db97963f52f08dc785af26a7514f6435f9bccd80b454a36160d71d3,data/chunk-000/file-326.parquet,videos/observation.images.image/chunk-000/file-029.mp4,videos/observation.images.image2/chunk-000/file-029.mp4
1375,train,1,37,125,outputs/wm/stage13_full_feature_cache/shards/episode_001375.safetensors,3083237,c5ee9068180da3a2db1d7c7db7d87d58cbfd6a71f0c70351ce3acbc8d68354d0,e22e386be1d231c60c71d02b4e171f60c2b3ef7d87e058972d45a1a763cfaf3f,data/chunk-000/file-326.parquet,videos/observation.images.image/chunk-000/file-029.mp4,videos/observation.images.image2/chunk-000/file-029.mp4
1376,train,1,37,126,outputs/wm/stage13_full_feature_cache/shards/episode_001376.safetensors,3107894,088e0a4c640f3646158382e4dbf6795cf82e09f12a00ab9092e8c184d60d9389,17a4569f0168d3a622e2ac6f683383bf8d2aa5f14130d04ec056d5ac5f0b30b8,data/chunk-000/file-326.parquet,videos/observation.images.image/chunk-000/file-029.mp4,videos/observation.images.image2/chunk-000/file-029.mp4
1377,validation,2,38,134,outputs/wm/stage13_full_feature_cache/shards/episode_001377.safetensors,3305158,eeeafa35281ff8f78198bf3239a5d7a4ccfe13631622d62c423e7e54e5691316,1268b1a9f3956793cca9fe9c769d6bd68583bf566955660b9e66d1b789b28d65,data/chunk-000/file-326.parquet,videos/observation.images.image/chunk-000/file-029.mp4,videos/observation.images.image2/chunk-000/file-029.mp4
1378,train,3,35,115,outputs/wm/stage13_full_feature_cache/shards/episode_001378.safetensors,2836659,7ffcff4804d2a179ef232d1bfbe62c77ef081f3087d8d3d1e797a8bff1f3be54,dbdd3135c80e9eac6dd8e3ee8e68392135b63901647299e87dd5b46e51c46dd3,data/chunk-000/file-326.parquet,videos/observation.images.image/chunk-000/file-030.mp4,videos/observation.images.image2/chunk-000/file-030.mp4
1379,train,0,34,75,outputs/wm/stage13_full_feature_cache/shards/episode_001379.safetensors,1850387,e8df872a2e0264278ae76d1919ddf1e61f9d6b823377d6a0df51408ea86b8007,23c1ea8e95121c850c306a2b80b216cb01ec814ccbdb0e3cf0daec3fbe41dd7b,data/chunk-000/file-327.parquet,videos/observation.images.image/chunk-000/file-030.mp4,videos/observation.images.image2/chunk-000/file-030.mp4
1381,train,7,33,128,outputs/wm/stage13_full_feature_cache/shards/episode_001381.safetensors,3157200,278096228547eea8784f92b7bd83143d0fa825533acdf6fd0ac069aa2344e80e,846e4abd5606c85420b6d00357b53be37e708ad24af77f69bfc79678ea5db366,data/chunk-000/file-327.parquet,videos/observation.images.image/chunk-000/file-030.mp4,videos/observation.images.image2/chunk-000/file-030.mp4
1382,train,0,34,121,outputs/wm/stage13_full_feature_cache/shards/episode_001382.safetensors,2984617,4ef3527a868a39926fbfb3df0387b5c40db316c20bb5e5b6642a2aeb43bd150e,5d3511d89505249718372ceae16aa36db1fa47a26b6d7be18577af893c69c746,data/chunk-000/file-327.parquet,videos/observation.images.image/chunk-000/file-030.mp4,videos/observation.images.image2/chunk-000/file-030.mp4
1383,train,2,38,114,outputs/wm/stage13_full_feature_cache/shards/episode_001383.safetensors,2812002,3b6d18bef13e39ae53ad40b10aee7bc3889d519f148b30d6181ad15f08c512d8,d80bd898bd9327ee260cbe5be73eeecfe538c22eb08ed814777884de342ea83a,data/chunk-000/file-327.parquet,videos/observation.images.image/chunk-000/file-030.mp4,videos/observation.images.image2/chunk-000/file-030.mp4
1384,train,7,33,126,outputs/wm/stage13_full_feature_cache/shards/episode_001384.safetensors,3107886,7bbf0bbb478ff37fbf6465ac8c6ef3a889db1bd95f4b4a134f373db8f020339b,bf83b9700e0039cf941bc86d5dba49aa30196e86c0bf00fbf2fb5f80027c1590,data/chunk-000/file-327.parquet,videos/observation.images.image/chunk-000/file-030.mp4,videos/observation.images.image2/chunk-000/file-030.mp4
1385,validation,2,38,108,outputs/wm/stage13_full_feature_cache/shards/episode_001385.safetensors,2664068,fb37f1ad6cf454490fd9ad016fb6b98848618ca2aee211f8c7ecc8248e062519,5b12c119c944668fcde815f452a543c6aa055bb709f838a1051b69aaec64b3c8,data/chunk-000/file-327.parquet,videos/observation.images.image/chunk-000/file-030.mp4,videos/observation.images.image2/chunk-000/file-030.mp4
1386,train,3,35,97,outputs/wm/stage13_full_feature_cache/shards/episode_001386.safetensors,2392825,141ff1fb1059edeb4e6ee18b05daae4f6e173374f264804f1c0c99578062982e,6eac73dd8ec73abcb0bb9d754b75d10dbb0c4ace7679851ed148162c487d6e38,data/chunk-000/file-328.parquet,videos/observation.images.image/chunk-000/file-030.mp4,videos/observation.images.image2/chunk-000/file-030.mp4
1387,train,8,36,138,outputs/wm/stage13_full_feature_cache/shards/episode_001387.safetensors,3403778,7daa8d66abaedc47acab5488e4c5d73317eb8becae34c8bc0426a7c1c73ce9e8,46c007447fca874bf6d1c8494b48f1c2d1e7493e53a01a8aff8da4bb2723e758,data/chunk-000/file-328.parquet,videos/observation.images.image/chunk-000/file-030.mp4,videos/observation.images.image2/chunk-000/file-030.mp4
1388,train,5,32,106,outputs/wm/stage13_full_feature_cache/shards/episode_001388.safetensors,2614746,3a3c72d0bcf2d9987f096552a360a98488a30e57d191df5be8ff8d25e945f9d6,b4b6fc5906c5b1b8163509737fe87b61aac2826111e616b47babf21c1b429387,data/chunk-000/file-328.parquet,videos/observation.images.image/chunk-000/file-030.mp4,videos/observation.images.image2/chunk-000/file-030.mp4
1389,train,7,33,136,outputs/wm/stage13_full_feature_cache/shards/episode_001389.safetensors,3354464,466473d5193758f63b1895eb64fdf491372ea2653d62cff6240ca8b72515540d,f86c25afc942e1d365445320bdb2ee43fe88aff1341b30f8f415ee2cbd31fcae,data/chunk-000/file-328.parquet,videos/observation.images.image/chunk-000/file-030.mp4,videos/observation.images.image2/chunk-000/file-030.mp4
1390,train,9,39,130,outputs/wm/stage13_full_feature_cache/shards/episode_001390.safetensors,3206522,d1ae4c096b81e140b61296143dbe1360cf2a50b17980f77dd2575375e9d06cf9,3f471814e75135e2ef934a8753c525920d4ac78fef58732246eb8f98479d1cc4,data/chunk-000/file-328.parquet,videos/observation.images.image/chunk-000/file-030.mp4,videos/observation.images.image2/chunk-000/file-030.mp4
1391,train,3,35,96,outputs/wm/stage13_full_feature_cache/shards/episode_001391.safetensors,2368168,05d6415a6f6e441e31110abd6c7e1634045b9be5d78b616b75d942befbb91bac,19829e64d0ec045aaf01a80e62c1f155cad30c25fc3c055b2194de7ca0142a09,data/chunk-000/file-328.parquet,videos/observation.images.image/chunk-000/file-030.mp4,videos/observation.images.image2/chunk-000/file-030.mp4
1392,train,8,36,122,outputs/wm/stage13_full_feature_cache/shards/episode_001392.safetensors,3009258,bea93f4d75994ef6e877a0391e318fd8c0b8eda2aa98b3a1863b22549cb9e8a8,e37923d5abaab965ff119f6774633533bf786ce144c9cd819da84b87307bed27,data/chunk-000/file-328.parquet,videos/observation.images.image/chunk-000/file-030.mp4,videos/observation.images.image2/chunk-000/file-030.mp4
1393,train,8,36,109,outputs/wm/stage13_full_feature_cache/shards/episode_001393.safetensors,2688717,3063e23723126dca0b4fe3612c6d33c17e90a2fbec11ca88236e1db87ae9f3b0,2dc3e16fd1d69d96b51c77569b4fefe069cf5938fc7602576433ba9c6869b0ae,data/chunk-000/file-329.parquet,videos/observation.images.image/chunk-000/file-030.mp4,videos/observation.images.image2/chunk-000/file-030.mp4
1394,train,4,31,163,outputs/wm/stage13_full_feature_cache/shards/episode_001394.safetensors,4020227,7158bb9e43740906041c7c33cd86a1af8551c0c6de683692ad415ec94f77e8bc,62a0e54309615801b7c5a8c52a685f398a21da5d546fb25561eb734853d4cbd5,data/chunk-000/file-329.parquet,videos/observation.images.image/chunk-000/file-030.mp4,videos/observation.images.image2/chunk-000/file-030.mp4
1395,validation,0,34,87,outputs/wm/stage13_full_feature_cache/shards/episode_001395.safetensors,2146279,d4065444ed73abfe6e6f1aebdf4745eebf73e2456a5e9c0d8a8db225362d95da,3258d60e072f804a11226223c8245d412ad90485ad1f6d181dc7fa6abccceec8,data/chunk-000/file-329.parquet,videos/observation.images.image/chunk-000/file-030.mp4,videos/observation.images.image2/chunk-000/file-030.mp4
1396,train,5,32,110,outputs/wm/stage13_full_feature_cache/shards/episode_001396.safetensors,2713374,85ab6106dd314da556c2266dcd2ab36256fea97284b4a61c2cb8f1f3cecda6a0,4c96b9394f1d1bc64455e87aa6987b09085aa333baf6800d138361aa9f9a6c82,data/chunk-000/file-329.parquet,videos/observation.images.image/chunk-000/file-030.mp4,videos/observation.images.image2/chunk-000/file-030.mp4
1397,train,0,34,95,outputs/wm/stage13_full_feature_cache/shards/episode_001397.safetensors,2343527,ab3101260b0e44e8ffcce32b98a3be81291b84310746c859e6092063fbc39844,9260070d74a67573155448bc8065251fd326518336fc09226241b1fab82b83f2,data/chunk-000/file-329.parquet,videos/observation.images.image/chunk-000/file-030.mp4,videos/observation.images.image2/chunk-000/file-030.mp4
1398,train,7,33,142,outputs/wm/stage13_full_feature_cache/shards/episode_001398.safetensors,3502406,3b0260ac3df7158b6577dcd1c3d44b11fc6f413db0f3266193634f299d51525f,8dbad5f45f1d802bd0cfca494e582ecf35c90018f65125e427bcaa78831149ae,data/chunk-000/file-329.parquet,videos/observation.images.image/chunk-000/file-030.mp4,videos/observation.images.image2/chunk-000/file-030.mp4
1399,train,1,37,145,outputs/wm/stage13_full_feature_cache/shards/episode_001399.safetensors,3576377,42fc45d86eca65234afabead1d02547b5da3cbaccce717ad108b9229233edc7f,8a36c24978b184a2d590e75c053bc7e9f0000ea7c1e20df560a39e6d12122572,data/chunk-000/file-330.parquet,videos/observation.images.image/chunk-000/file-030.mp4,videos/observation.images.image2/chunk-000/file-030.mp4
1400,train,9,39,140,outputs/wm/stage13_full_feature_cache/shards/episode_001400.safetensors,3453100,282ae1fc2f52a2491310d12d0a52b582b6ae842bd226ac8b94a50afec51a1d7f,f28f71a196de62a622d67452291e8d70f8f9c88c8e5d0cb21c20538d91d6c3e3,data/chunk-000/file-330.parquet,videos/observation.images.image/chunk-000/file-030.mp4,videos/observation.images.image2/chunk-000/file-030.mp4
1401,train,0,34,89,outputs/wm/stage13_full_feature_cache/shards/episode_001401.safetensors,2195585,dade11d0035966d587f2bbf5c3c8e12bca2c234a62099bf4b778ccd1dc97cbf6,adc699bc72405fb4a00d85fa2b834d3299ed8f3e6d66aa755cdf668d75741808,data/chunk-000/file-330.parquet,videos/observation.images.image/chunk-000/file-030.mp4,videos/observation.images.image2/chunk-000/file-030.mp4
1402,train,9,39,173,outputs/wm/stage13_full_feature_cache/shards/episode_001402.safetensors,4266781,12d285a34bb6a6eea700451d7d5dcaa1a110f7241a9c782edf32854f07de16d0,7f71347e766dbc3536c287e74e3da35d8a673167ac75f4e449a09718a39c2e81,data/chunk-000/file-330.parquet,videos/observation.images.image/chunk-000/file-030.mp4,videos/observation.images.image2/chunk-000/file-030.mp4
1403,train,8,36,137,outputs/wm/stage13_full_feature_cache/shards/episode_001403.safetensors,3379121,490454a00f5953c5ea3c0e70d36dd7af37a011f12646e07aff3015c681e05fc7,8d0eaa7785bc77fff81c95584b51dcf3356d8371daccfd084ab18c7e935dc6fe,data/chunk-000/file-330.parquet,videos/observation.images.image/chunk-000/file-030.mp4,videos/observation.images.image2/chunk-000/file-030.mp4
1404,train,5,32,91,outputs/wm/stage13_full_feature_cache/shards/episode_001404.safetensors,2244883,5587e757c9dece3f6e4915c7b9bbd02d9e444414e2e5ddafebed3497f0766aa1,a9199aeee952cc87597be107201ba6c18623921b4d8e0ea64561429bed6f3225,data/chunk-000/file-330.parquet,videos/observation.images.image/chunk-000/file-030.mp4,videos/observation.images.image2/chunk-000/file-030.mp4
1405,train,3,35,92,outputs/wm/stage13_full_feature_cache/shards/episode_001405.safetensors,2269540,1599546d80d5c813dc9d32402dbe130cf071e3580da23f1b7ba3b25fa2002753,2460365a77c58de07a9d829c03b0f61edacfe698088c36620750d78b050bee04,data/chunk-000/file-331.parquet,videos/observation.images.image/chunk-000/file-030.mp4,videos/observation.images.image2/chunk-000/file-030.mp4
1406,train,1,37,126,outputs/wm/stage13_full_feature_cache/shards/episode_001406.safetensors,3107894,7b9bc7034cf37bae3565aaf191ac4e46e516d483d6f9e0c5d6b3e3cb628fd5a5,6cda9bcc17ab47256dfe8ca6fca123cf412abc12ab2956f046e3509e5bcb0c6a,data/chunk-000/file-331.parquet,videos/observation.images.image/chunk-000/file-030.mp4,videos/observation.images.image2/chunk-000/file-030.mp4
1407,validation,7,33,130,outputs/wm/stage13_full_feature_cache/shards/episode_001407.safetensors,3206522,bdeb518e8522119df87ba55c7bc659a981094dbd83a0be466a364d5982731db0,90a31da0b81a8d98af61a3f6385607d79e900935160d170abc676c137d869d46,data/chunk-000/file-331.parquet,videos/observation.images.image/chunk-000/file-030.mp4,videos/observation.images.image2/chunk-000/file-030.mp4
1408,train,9,39,136,outputs/wm/stage13_full_feature_cache/shards/episode_001408.safetensors,3354472,0139d17aab6da0da09bacd01d8a930caafedd16edd4dea539c7cbc1061859957,55f8152159fa990cdb7f55b8da3bfca4599414ce5f2e6331a76716c29c47bb50,data/chunk-000/file-331.parquet,videos/observation.images.image/chunk-000/file-030.mp4,videos/observation.images.image2/chunk-000/file-030.mp4
1409,train,8,36,110,outputs/wm/stage13_full_feature_cache/shards/episode_001409.safetensors,2713374,0fc6b31e8746e747679d78891962919f8bf0b109cf151a330d28539b9383cf30,04d71d15b7379f7a2b3324ee76a2dd9c4ce6a05dc789ef2e0ebf238c1f7b2c51,data/chunk-000/file-331.parquet,videos/observation.images.image/chunk-000/file-030.mp4,videos/observation.images.image2/chunk-000/file-030.mp4
1410,train,0,34,89,outputs/wm/stage13_full_feature_cache/shards/episode_001410.safetensors,2195585,71075f4ac16ccedc14ff3d1d06fef7518cffe0198ea5a61c30efe9858aa459a9,de76d5262c3e08a79db54f43c42112dbe2894a5356e78c9b0b896b8fe12b6e73,data/chunk-000/file-331.parquet,videos/observation.images.image/chunk-000/file-030.mp4,videos/observation.images.image2/chunk-000/file-030.mp4
1411,train,9,39,139,outputs/wm/stage13_full_feature_cache/shards/episode_001411.safetensors,3428443,5d63221a744ddcba16aece04b10ae64d5ea6a08d4fdb384696700476dc4e1d32,26065bec1b727fd78f25bb650dd6c9b7b67b01378c0d38490b52a3cdf87942f7,data/chunk-000/file-331.parquet,videos/observation.images.image/chunk-000/file-030.mp4,videos/observation.images.image2/chunk-000/file-030.mp4
1412,train,9,39,145,outputs/wm/stage13_full_feature_cache/shards/episode_001412.safetensors,3576385,1901af793d43e3ffab26f870d65ea42a48e99120e7ff43f08494191e05366581,28855948fe6248f8caaeec1035a2ff08359f75ad22d3701e7abb899823d090e1,data/chunk-000/file-332.parquet,videos/observation.images.image/chunk-000/file-030.mp4,videos/observation.images.image2/chunk-000/file-030.mp4
1413,train,8,36,97,outputs/wm/stage13_full_feature_cache/shards/episode_001413.safetensors,2392825,7e95598c163a95024356c016d2d644afb8da6f7a24507b3b7f522d9304733234,263d6faf483b58b0a0948e7ab2ee107c11cde687b76180650921ffd975ab2085,data/chunk-000/file-332.parquet,videos/observation.images.image/chunk-000/file-030.mp4,videos/observation.images.image2/chunk-000/file-030.mp4
1414,train,1,37,155,outputs/wm/stage13_full_feature_cache/shards/episode_001414.safetensors,3822947,c825582016d095200a0eb35ec7537c96e2da58454959f75cae956eae48f2c934,b4ef9efce496096f4f7d8cbdf7d10e1d7fbb7eb1b548b5a2dee806a157da046f,data/chunk-000/file-332.parquet,videos/observation.images.image/chunk-000/file-030.mp4,videos/observation.images.image2/chunk-000/file-030.mp4
1415,train,6,30,133,outputs/wm/stage13_full_feature_cache/shards/episode_001415.safetensors,3280501,6c62370f07d62aaa9b183caf38bc3b749f3999c06a40aa5b42e49829654b87a7,c47d6eecbea9921178ff0d54ce2ba3a22af50ab65fed84ef754fd2f7ff67d580,data/chunk-000/file-332.parquet,videos/observation.images.image/chunk-000/file-030.mp4,videos/observation.images.image2/chunk-000/file-030.mp4
1416,train,6,30,133,outputs/wm/stage13_full_feature_cache/shards/episode_001416.safetensors,3280501,827804605c77d504fe0921feabb339c65d5cadefc8161398288c3304d95a7f43,cb87fca5134071082d1764dbd0d197f3b7a746baa9108948444378f33a83ce28,data/chunk-000/file-332.parquet,videos/observation.images.image/chunk-000/file-030.mp4,videos/observation.images.image2/chunk-000/file-030.mp4
1417,train,8,36,96,outputs/wm/stage13_full_feature_cache/shards/episode_001417.safetensors,2368168,0cd01e74fa2f4e93bdbfb892e2c5185dc1e5d6bf859357e53dd97013151f310c,7e77e35a2685b2eae788003c9c0399d9b69af1c0f3ca061628dd86f00dfaf6e1,data/chunk-000/file-332.parquet,videos/observation.images.image/chunk-000/file-030.mp4,videos/observation.images.image2/chunk-000/file-030.mp4
1418,train,6,30,152,outputs/wm/stage13_full_feature_cache/shards/episode_001418.safetensors,3748984,2cbcd3136103c4e07d612c3e09be0e4602c2ba56da8976bf28f1cd5a07f88081,e9e02e64769d785f15e032cd9139e2d233b47779085df81655e82b9d1b4ca13e,data/chunk-000/file-333.parquet,videos/observation.images.image/chunk-000/file-030.mp4,videos/observation.images.image2/chunk-000/file-030.mp4
1419,validation,9,39,135,outputs/wm/stage13_full_feature_cache/shards/episode_001419.safetensors,3329815,ab0b53dc70b9ca8d861925a2ac4be9802f5ed008b544621d0e5743c728247f7f,d04bea32f395181920f77c825340343a2c1e809c0826586c0ca95b35dbfb0f6c,data/chunk-000/file-333.parquet,videos/observation.images.image/chunk-000/file-030.mp4,videos/observation.images.image2/chunk-000/file-030.mp4
1420,train,4,31,156,outputs/wm/stage13_full_feature_cache/shards/episode_001420.safetensors,3847628,92f904a0d39ac867a98d816cbdab3f4603c004b5e5d6ae5cc12b441a1171686f,bcfe10ced5e487ce684a584906a687d4c7c6796f67ee863b3e5d79434f065839,data/chunk-000/file-333.parquet,videos/observation.images.image/chunk-000/file-030.mp4,videos/observation.images.image2/chunk-000/file-030.mp4
1421,validation,6,30,118,outputs/wm/stage13_full_feature_cache/shards/episode_001421.safetensors,2910646,20dd9403d27e1299e355d1a40fd811b60b8dc9e6e2a71840a385ab2d140d6cc7,506de2a4b63d4db6891bd9b6955cbe6feb8f24c62f25bd82234fa3f239dc363b,data/chunk-000/file-333.parquet,videos/observation.images.image/chunk-000/file-030.mp4,videos/observation.images.image2/chunk-000/file-030.mp4
1422,train,7,33,129,outputs/wm/stage13_full_feature_cache/shards/episode_001422.safetensors,3181857,d09597fed6c8485a4adbcc9ad7f5b2625ef340a4e2ca05f4f6587ade54e3b4b0,c0494a235f9002d5c8b4371685f0fdecfca1c45972e9a0f586ad78acf43f6b02,data/chunk-000/file-333.parquet,videos/observation.images.image/chunk-000/file-030.mp4,videos/observation.images.image2/chunk-000/file-030.mp4
1423,train,7,33,137,outputs/wm/stage13_full_feature_cache/shards/episode_001423.safetensors,3379121,2f99b0af523e0a14347d7a1c530d134c5019f432e2a9d42e5cbf68b83fa2834b,854bf3002ac8cc00ca28438e82cd3a5c2d9301344be40c3f5c625aca55f531e1,data/chunk-000/file-333.parquet,videos/observation.images.image/chunk-000/file-030.mp4,videos/observation.images.image2/chunk-000/file-030.mp4
1424,train,7,33,129,outputs/wm/stage13_full_feature_cache/shards/episode_001424.safetensors,3181857,b0cf3544d17c1f1409362b3e94e5a469d94f52a4c0f80d07c0907b648b9a7d48,831d4265f4a2c0ec9eef27165cf654736e86bcbf6bc237473f62868f75ae2eca,data/chunk-000/file-334.parquet,videos/observation.images.image/chunk-000/file-030.mp4,videos/observation.images.image2/chunk-000/file-030.mp4
1425,train,0,34,86,outputs/wm/stage13_full_feature_cache/shards/episode_001425.safetensors,2121614,3fa25970035cd859ecd266e473d45fae50de46be3cafcb700a2b6e2a486501df,cd65df900ac7c485ebbd2754ac859eaa3c5cc5666e9c126006af73a63d5b0fa8,data/chunk-000/file-334.parquet,videos/observation.images.image/chunk-000/file-030.mp4,videos/observation.images.image2/chunk-000/file-030.mp4
1426,train,2,38,115,outputs/wm/stage13_full_feature_cache/shards/episode_001426.safetensors,2836659,8476ef924bd041a86de4515193edf722c57b3a72c6863e9077b0863bcc9b2de4,cf4e991f9ff93f5824755c4fdec6d6a9a93d70539f202967d2d58c6677d5aee4,data/chunk-000/file-334.parquet,videos/observation.images.image/chunk-000/file-030.mp4,videos/observation.images.image2/chunk-000/file-030.mp4
1427,train,1,37,150,outputs/wm/stage13_full_feature_cache/shards/episode_001427.safetensors,3699662,c91ffdd6bb5c0546bd433094b4e0528fc6f60d6215b4ce3a5af4cc5bc7b852cc,ba63317e55753cf3df65adf882ecb4436667355bddad3c1d0c0b81cea3e8ca24,data/chunk-000/file-334.parquet,videos/observation.images.image/chunk-000/file-030.mp4,videos/observation.images.image2/chunk-000/file-030.mp4
1428,validation,2,38,111,outputs/wm/stage13_full_feature_cache/shards/episode_001428.safetensors,2738039,fa31ec79a7ccab7af3e92374b86a3f323b215dd97a271628d1ee37363f20740d,a0c3c248b1f873d1fe96f028fbaa345e1b6539f1b29b398277adc4f408f32d6e,data/chunk-000/file-334.parquet,videos/observation.images.image/chunk-000/file-031.mp4,videos/observation.images.image2/chunk-000/file-031.mp4
1429,train,6,30,123,outputs/wm/stage13_full_feature_cache/shards/episode_001429.safetensors,3033923,c1a1aa17f8b6bcff089c5f696400e23d0cfc416b370b95278661ef9105472b2a,744bdca4740bc490144b271a83cd962d9698bfbb25831eda5489386f2af744b1,data/chunk-000/file-334.parquet,videos/observation.images.image/chunk-000/file-031.mp4,videos/observation.images.image2/chunk-000/file-031.mp4
1430,train,4,31,169,outputs/wm/stage13_full_feature_cache/shards/episode_001430.safetensors,4168169,c6645c766123bcf087ffc0641fe3a69534d7e9c1447c210ceee71ff7fff4a651,dbf124a0c734919ad2fcb8b877a808ff1475de8b1a1020a96d2da84f2e921050,data/chunk-000/file-335.parquet,videos/observation.images.image/chunk-000/file-031.mp4,videos/observation.images.image2/chunk-000/file-031.mp4
1431,train,1,37,134,outputs/wm/stage13_full_feature_cache/shards/episode_001431.safetensors,3305150,e113b78cb28f18710ae432949190af26be21de9978c3edd057dd7490988d8588,41a97943aeaed1f6822111261642c6242c941fe0d21b45fb072718806ec4d6a8,data/chunk-000/file-335.parquet,videos/observation.images.image/chunk-000/file-031.mp4,videos/observation.images.image2/chunk-000/file-031.mp4
1432,train,2,38,131,outputs/wm/stage13_full_feature_cache/shards/episode_001432.safetensors,3231179,3c42f6fd6a637544402407e2c777bf974808c81b750809ef0d86f528dfa9a2ee,32dd68901980040d0b24c1166030edfdde3cea207fa7582fb424a5525bc7bc2e,data/chunk-000/file-335.parquet,videos/observation.images.image/chunk-000/file-031.mp4,videos/observation.images.image2/chunk-000/file-031.mp4
1433,train,5,32,142,outputs/wm/stage13_full_feature_cache/shards/episode_001433.safetensors,3502406,77a5665310f94c484ba02826f4c12c924677e6a00f5cbd7f30db839565a0af3a,1c8deedeec076821c4af50a35ea42d0e03366d96da51eefeb8865f25b1d89d98,data/chunk-000/file-335.parquet,videos/observation.images.image/chunk-000/file-031.mp4,videos/observation.images.image2/chunk-000/file-031.mp4
1434,train,4,31,134,outputs/wm/stage13_full_feature_cache/shards/episode_001434.safetensors,3305174,e3d8ea177b9d94797a0ee83c68ded4af18c436d6dab5be1134fc03976759e96d,49c6d08ad11b9e73d8f290267435ce8182c21c99196652cb68c15cfb79f25666,data/chunk-000/file-335.parquet,videos/observation.images.image/chunk-000/file-031.mp4,videos/observation.images.image2/chunk-000/file-031.mp4
1435,validation,9,39,142,outputs/wm/stage13_full_feature_cache/shards/episode_001435.safetensors,3502414,9e763624e4bbb3c97ad49c546e6668dd821bdba6693bc585d56c01a13fefed5d,fff086c05f38d3b7f300240e49884e73c7ccb0234913690d0dd1c2449db19a19,data/chunk-000/file-336.parquet,videos/observation.images.image/chunk-000/file-031.mp4,videos/observation.images.image2/chunk-000/file-031.mp4
1436,train,1,37,109,outputs/wm/stage13_full_feature_cache/shards/episode_001436.safetensors,2688725,91463c52220ef2ee1d7c3e18d4ec252b8417c705d41a427efbf31764666340ea,0fa7f05f6b207f94573ab45e24116de46a18a60f59f0f7b861ca63555f380662,data/chunk-000/file-336.parquet,videos/observation.images.image/chunk-000/file-031.mp4,videos/observation.images.image2/chunk-000/file-031.mp4
1437,train,3,35,100,outputs/wm/stage13_full_feature_cache/shards/episode_001437.safetensors,2466804,9fa37fdd33d71852db8bb20b3f636c4056cedbb0437a11acc8396fd46329e250,20a69ece76ac0424c73450f9c60b2564cd486175221b7c27c886675cb82e51e4,data/chunk-000/file-336.parquet,videos/observation.images.image/chunk-000/file-031.mp4,videos/observation.images.image2/chunk-000/file-031.mp4
1438,train,8,36,106,outputs/wm/stage13_full_feature_cache/shards/episode_001438.safetensors,2614746,d93536489eef71bc97a388918d555698fa4d01f6c282830c477ab4ef485e8e62,b1ffa8d9fb5d9f4727e3e518b49ccf0f097f90b8d3dea23c458f39303ca7bee4,data/chunk-000/file-336.parquet,videos/observation.images.image/chunk-000/file-031.mp4,videos/observation.images.image2/chunk-000/file-031.mp4
1439,train,9,39,139,outputs/wm/stage13_full_feature_cache/shards/episode_001439.safetensors,3428443,9bd0470c0fa236bad5943e156a5b3a9acd854378ee74c955dc545475a3338ac5,aab2815d44d4f75444294a554affc1385b2d4069d555846067a3c8b9b02b0734,data/chunk-000/file-336.parquet,videos/observation.images.image/chunk-000/file-031.mp4,videos/observation.images.image2/chunk-000/file-031.mp4
1440,train,2,38,129,outputs/wm/stage13_full_feature_cache/shards/episode_001440.safetensors,3181865,47a33f9508e0985264b910502495ab500d718612eb6dac816d973762f9d572aa,1b593f701a975c190129117a3d86e99cbf4f4adc11b024f42ea115abf68c998c,data/chunk-000/file-336.parquet,videos/observation.images.image/chunk-000/file-031.mp4,videos/observation.images.image2/chunk-000/file-031.mp4
1441,train,4,31,153,outputs/wm/stage13_full_feature_cache/shards/episode_001441.safetensors,3773657,2492516986397615ab0b7dd8b3e3fd8da8d5afa515beb31f0e211357aefbc22c,8254ba4bc52fbd90fab0a74ab6e63eabe73daa2a1ee461898bf211ef8e76c2d1,data/chunk-000/file-337.parquet,videos/observation.images.image/chunk-000/file-031.mp4,videos/observation.images.image2/chunk-000/file-031.mp4
1442,train,2,38,124,outputs/wm/stage13_full_feature_cache/shards/episode_001442.safetensors,3058572,871f114b3f2b6f09e09d97a2f12970dc654a260b170f3fc7db5db74d0a719b6f,ebd8be87a0067f06cbf83c4f910390f452aebecebf974154d07c78e23b55aaa2,data/chunk-000/file-337.parquet,videos/observation.images.image/chunk-000/file-031.mp4,videos/observation.images.image2/chunk-000/file-031.mp4
1443,train,5,32,128,outputs/wm/stage13_full_feature_cache/shards/episode_001443.safetensors,3157208,1e673911eabcb307d75c0ab225f2931b548e607c8756c2fa86d106dc20217c38,3ff906defabdd487b2abb18a5a8dda5b528cb58c8314671e9caff76d8f72d368,data/chunk-000/file-337.parquet,videos/observation.images.image/chunk-000/file-031.mp4,videos/observation.images.image2/chunk-000/file-031.mp4
1444,train,9,39,136,outputs/wm/stage13_full_feature_cache/shards/episode_001444.safetensors,3354472,6b62fcbbab86f0c13c054de258511f8508598a71958ae15e10740edb6d602a08,d160245f5698cf2d56398270516531ffe58224c97f87694b9eff9181acc86416,data/chunk-000/file-337.parquet,videos/observation.images.image/chunk-000/file-031.mp4,videos/observation.images.image2/chunk-000/file-031.mp4
1445,train,2,38,109,outputs/wm/stage13_full_feature_cache/shards/episode_001445.safetensors,2688717,6fd3e582b9c3810eec075e77214b8dbf78313fe7211e73ea1c699d3b524409e5,cc7fe3f3013e35542e09550177458bd7a91f15b98069ddfc92f51dfb865983c5,data/chunk-000/file-337.parquet,videos/observation.images.image/chunk-000/file-031.mp4,videos/observation.images.image2/chunk-000/file-031.mp4
1447,train,9,39,131,outputs/wm/stage13_full_feature_cache/shards/episode_001447.safetensors,3231179,c6a30db984e03a734ffc579fd85764185a1af61c9a9636f5567a7fd1afe47e58,c4f80ea29694df278bdfe3465b69cd5f3af231a915e238b1cfca51fba1cbed10,data/chunk-000/file-338.parquet,videos/observation.images.image/chunk-000/file-031.mp4,videos/observation.images.image2/chunk-000/file-031.mp4
1448,train,6,30,119,outputs/wm/stage13_full_feature_cache/shards/episode_001448.safetensors,2935295,3c9286e1075ae93106fcd562e0f7eed77b9fcbe01373952e6038d04e2ed4e2b5,d612946966b69bafdcb7cbc2e969d300b7be42dca82838ee89903ec25ce82d9e,data/chunk-000/file-338.parquet,videos/observation.images.image/chunk-000/file-031.mp4,videos/observation.images.image2/chunk-000/file-031.mp4
1449,train,0,34,93,outputs/wm/stage13_full_feature_cache/shards/episode_001449.safetensors,2294213,7cd4cf4788d9d27ac549bbbac1764c90c17dbfeac4bedd149f3c55f637a8f161,c712490eeca700f930904d79d5a2038a1ba5d181dee58371b3e9509ac7919dac,data/chunk-000/file-338.parquet,videos/observation.images.image/chunk-000/file-031.mp4,videos/observation.images.image2/chunk-000/file-031.mp4
1450,train,0,34,92,outputs/wm/stage13_full_feature_cache/shards/episode_001450.safetensors,2269556,da24978e5dd03b62a9ffc5ff8e06ef382391210fe2c75daee64245f098b3a303,287f6f1d505ab62c32e5dd78a5fd52b581c43198b9ea616008f2da9700918519,data/chunk-000/file-338.parquet,videos/observation.images.image/chunk-000/file-031.mp4,videos/observation.images.image2/chunk-000/file-031.mp4
1451,train,8,36,111,outputs/wm/stage13_full_feature_cache/shards/episode_001451.safetensors,2738031,44e9d1179bc48cb613729f55b8772e01f8cc91ebf9ee527774d2ecab2fc06aa1,ce26e81d219659e96d3207309b5d4a571c8ec571a2ebc3aa95db8e4a79b1963e,data/chunk-000/file-338.parquet,videos/observation.images.image/chunk-000/file-031.mp4,videos/observation.images.image2/chunk-000/file-031.mp4
1452,train,3,35,96,outputs/wm/stage13_full_feature_cache/shards/episode_001452.safetensors,2368168,3d88ff8c09fec619ce746f635eb7d8dfbde540108f9b257f83dfee28048715ca,06417a9891fed65c2182f78e4899b2a7e14ab2aa5814bf6b55eecbd631012d56,data/chunk-000/file-338.parquet,videos/observation.images.image/chunk-000/file-031.mp4,videos/observation.images.image2/chunk-000/file-031.mp4
1453,train,4,31,158,outputs/wm/stage13_full_feature_cache/shards/episode_001453.safetensors,3896942,20f2c03cdf1441fa4e82dad6ea560c482cf7f65ad43fceed9bd9de2fc0b6e646,11e098eb8cc889387dae79bdfb14655b362dfa23362fd84a74b7912829e35e67,data/chunk-000/file-338.parquet,videos/observation.images.image/chunk-000/file-031.mp4,videos/observation.images.image2/chunk-000/file-031.mp4
1454,train,9,39,145,outputs/wm/stage13_full_feature_cache/shards/episode_001454.safetensors,3576385,675d5bc6568a617c2aa8181e1f90c4162feeafca6f6d4f5457d36b39ca68705a,eae291583474964d237a5e232f5234349bd8b103feacc49e071984f41d9bdf2d,data/chunk-000/file-339.parquet,videos/observation.images.image/chunk-000/file-031.mp4,videos/observation.images.image2/chunk-000/file-031.mp4
1455,train,2,38,143,outputs/wm/stage13_full_feature_cache/shards/episode_001455.safetensors,3527063,3cb7a856feaf4fd33a2558a8d33abba0f314c19a15a5ba28d9dd1be2397782a0,dccc59b3c3eb7d3fb9ca18126e1b96e377d32b33db3b139de40409d100e0e889,data/chunk-000/file-339.parquet,videos/observation.images.image/chunk-000/file-031.mp4,videos/observation.images.image2/chunk-000/file-031.mp4
1456,train,6,30,129,outputs/wm/stage13_full_feature_cache/shards/episode_001456.safetensors,3181873,e818bd586befd082c0ab4d0713dadc1cc9eb4c30ad858b620e84711b4b6c4591,7b36b502080a3b91e146f64cc6cef34595a919d5fe25fb455f9b1fceec0f3d7d,data/chunk-000/file-339.parquet,videos/observation.images.image/chunk-000/file-031.mp4,videos/observation.images.image2/chunk-000/file-031.mp4
1457,train,3,35,96,outputs/wm/stage13_full_feature_cache/shards/episode_001457.safetensors,2368168,381ee6e308fe49cfe1db7c3dec898ee582634d27b9b87dc56b72326a713a822e,c988d3dc4cd6ffee187ec5adc0226a59f32dc8288f0c9408c7e311903d59f3f8,data/chunk-000/file-339.parquet,videos/observation.images.image/chunk-000/file-031.mp4,videos/observation.images.image2/chunk-000/file-031.mp4
1458,train,9,39,130,outputs/wm/stage13_full_feature_cache/shards/episode_001458.safetensors,3206522,5cc77db1cc3adb1666c1e27b319ec1ef42e33606a5755a60f60024d16124ca10,b101f4612fa0d0662885ad9aeba6097432808ca639f7afa364ec57ddf920b6fb,data/chunk-000/file-339.parquet,videos/observation.images.image/chunk-000/file-031.mp4,videos/observation.images.image2/chunk-000/file-031.mp4
1460,train,2,38,109,outputs/wm/stage13_full_feature_cache/shards/episode_001460.safetensors,2688717,1a8feed307bdd15910ce447e0388aeb84114b47b910e870b1c2e9810f559ca53,0cd189b1a8da87d49d48aaa41825f620c69371be4a0fbf307dd8bcef8e0e8261,data/chunk-000/file-339.parquet,videos/observation.images.image/chunk-000/file-031.mp4,videos/observation.images.image2/chunk-000/file-031.mp4
1461,train,4,31,167,outputs/wm/stage13_full_feature_cache/shards/episode_001461.safetensors,4118855,2c780a3a4f0336f624d288eb12c9500655d2bcfdee3f4078203d791fa1b0ec65,8dfb831c6fef5263ab4c7de5369784d685868422ce278b9a44af7ea3b2479a48,data/chunk-000/file-340.parquet,videos/observation.images.image/chunk-000/file-031.mp4,videos/observation.images.image2/chunk-000/file-031.mp4
1462,validation,5,32,129,outputs/wm/stage13_full_feature_cache/shards/episode_001462.safetensors,3181865,864494b0148fb4693fdf2cc32cd1b34448352c57600110a917bc118ec4847fa1,380909f1048cc63c77055959cac1be928b3c9099b29446177b086ffe9b37559a,data/chunk-000/file-340.parquet,videos/observation.images.image/chunk-000/file-031.mp4,videos/observation.images.image2/chunk-000/file-031.mp4
1463,train,3,35,97,outputs/wm/stage13_full_feature_cache/shards/episode_001463.safetensors,2392825,fffa7feb774b071ad36828fe40dddb16d88c3e782961539a3815776e60dd65e1,948f4a07187263c6a4f0867fe18eeb846c0bded4913c04ce66a60eebf777f7bd,data/chunk-000/file-340.parquet,videos/observation.images.image/chunk-000/file-031.mp4,videos/observation.images.image2/chunk-000/file-031.mp4
1464,train,8,36,113,outputs/wm/stage13_full_feature_cache/shards/episode_001464.safetensors,2787345,44879bd5f1d604612b0ab75b9afe2c49d52134957ba481073340d62f3aec22b9,c7ee223e7ef56a30b5ae60cc70fc53bd515a01d359594972f27bb8939f73f2fc,data/chunk-000/file-340.parquet,videos/observation.images.image/chunk-000/file-031.mp4,videos/observation.images.image2/chunk-000/file-031.mp4
1465,train,5,32,111,outputs/wm/stage13_full_feature_cache/shards/episode_001465.safetensors,2738031,c9e51dfe10a240d91810c454ba319c7c411c6abd6df5b2ca68c500d0acc3e632,3fba49433e5cd9bab613d3c7f9b5b40e49320e4e85275d832a8c64b2c18b5916,data/chunk-000/file-340.parquet,videos/observation.images.image/chunk-000/file-031.mp4,videos/observation.images.image2/chunk-000/file-031.mp4
1466,train,2,38,125,outputs/wm/stage13_full_feature_cache/shards/episode_001466.safetensors,3083237,ba8d06797ee257726542e102126f8b2e83c0e139a7caf9e479d390da6f7223d3,b0647b6bd28755522fd520970cc539c110a5c85961c689b5e62e1e9dd99b8834,data/chunk-000/file-340.parquet,videos/observation.images.image/chunk-000/file-031.mp4,videos/observation.images.image2/chunk-000/file-031.mp4
1467,validation,8,36,109,outputs/wm/stage13_full_feature_cache/shards/episode_001467.safetensors,2688725,5ce056738a634323f73bedfd073e9f6dbab711c8700e8e89e848ff8bf7deda8f,5d16ec66afcacbebf28dccaf6a6efc6e684df283ee7de4ba49354d2cade3e082,data/chunk-000/file-341.parquet,videos/observation.images.image/chunk-000/file-031.mp4,videos/observation.images.image2/chunk-000/file-031.mp4
1468,train,3,35,95,outputs/wm/stage13_full_feature_cache/shards/episode_001468.safetensors,2343511,dc15788edd436916896a44e1583318a7cfdfde12f83618c0b2c97b0f0f5a8839,23847fa2ca369c9bca7931edffeb48b9da35bfab53639cf7478d615a43c70880,data/chunk-000/file-341.parquet,videos/observation.images.image/chunk-000/file-031.mp4,videos/observation.images.image2/chunk-000/file-031.mp4
1469,validation,5,32,137,outputs/wm/stage13_full_feature_cache/shards/episode_001469.safetensors,3379121,e6e6d2c7ebdb0c40a704dafaace4a0f367b6ff303f725b95919d13d22a3e8ec9,5da27e606b3650b8019941bb46e1e01850bf9191ef57926b85f009b53f6c9a68,data/chunk-000/file-341.parquet,videos/observation.images.image/chunk-000/file-031.mp4,videos/observation.images.image2/chunk-000/file-031.mp4
1471,train,8,36,95,outputs/wm/stage13_full_feature_cache/shards/episode_001471.safetensors,2343511,3213d89247c587b3d84fe7b59868a5ca6ae5aab57a87f942b4beb2f137b5927e,f847d101ca907b061c15d4449fb72bd4cec709591dd7cef25fbec4332468a17c,data/chunk-000/file-341.parquet,videos/observation.images.image/chunk-000/file-031.mp4,videos/observation.images.image2/chunk-000/file-031.mp4
1472,train,6,30,122,outputs/wm/stage13_full_feature_cache/shards/episode_001472.safetensors,3009266,6b6c575aa01743c8e523ff1f18dbaeff5b8a9b2411e8e91eacb09ec8e6505743,ba0b6f7b92ae19209dc42a043976b53878c47e81dbff29d4a172dfb29eae93d0,data/chunk-000/file-341.parquet,videos/observation.images.image/chunk-000/file-031.mp4,videos/observation.images.image2/chunk-000/file-031.mp4
1473,train,6,30,124,outputs/wm/stage13_full_feature_cache/shards/episode_001473.safetensors,3058580,20960d867907948ef1c8eb82e19031188ef6a9743bc9b8f1943083b2c79d0976,87d3edfada72439c162d9c9d51c13d844324bd1e818e7745ae79de12c599d014,data/chunk-000/file-341.parquet,videos/observation.images.image/chunk-000/file-031.mp4,videos/observation.images.image2/chunk-000/file-031.mp4
1474,train,4,31,158,outputs/wm/stage13_full_feature_cache/shards/episode_001474.safetensors,3896942,26b392aab86ffeac79814a4c340eda6c3daa1867ab02defb0eaecb10d34b6f83,978b4dbfe61466b646887cf50504ae95ef81e75eafa66d7892957915eda590ff,data/chunk-000/file-342.parquet,videos/observation.images.image/chunk-000/file-031.mp4,videos/observation.images.image2/chunk-000/file-031.mp4
1475,train,3,35,111,outputs/wm/stage13_full_feature_cache/shards/episode_001475.safetensors,2738031,7d1a157f6a3e1e948212d0acb2758feb269e792a739590ef6d5b1bb330214387,45905c48ef936eef661f15b1fef3cd7992a9c3aaf35217c87185051888d3b049,data/chunk-000/file-342.parquet,videos/observation.images.image/chunk-000/file-031.mp4,videos/observation.images.image2/chunk-000/file-031.mp4
1476,train,9,39,125,outputs/wm/stage13_full_feature_cache/shards/episode_001476.safetensors,3083237,904711e5304eeb6411a21a2c59218ff6cc7907673f0a97a1d4d2c218acc72816,6d6fbea1a3a49dfb9cfcd613f4f7971c29ce2321de906ea692f2e63cdda72b8a,data/chunk-000/file-342.parquet,videos/observation.images.image/chunk-000/file-031.mp4,videos/observation.images.image2/chunk-000/file-031.mp4
1477,train,9,39,131,outputs/wm/stage13_full_feature_cache/shards/episode_001477.safetensors,3231179,c2f320bb3fcc340bfb5e8a193ff3390e1814ac82f110c54425595006598a0d79,8b910ec452306344cb507d60f3dbcd6da84be6a67fb4bf8a9a013853b9eca41d,data/chunk-000/file-342.parquet,videos/observation.images.image/chunk-000/file-031.mp4,videos/observation.images.image2/chunk-000/file-031.mp4
1478,train,2,38,122,outputs/wm/stage13_full_feature_cache/shards/episode_001478.safetensors,3009258,dde2e543e434237df014eabd6ee31d07c1eb9d5e003dc23d23c1662cc3f216ac,97f0e516bf085a28cebdf3b175c5ae46a1521aa6d5d8097a64b2f5e263c188d8,data/chunk-000/file-342.parquet,videos/observation.images.image/chunk-000/file-032.mp4,videos/observation.images.image2/chunk-000/file-032.mp4
1479,train,2,38,115,outputs/wm/stage13_full_feature_cache/shards/episode_001479.safetensors,2836659,2e8abee9ce07bd859e8cf2718c92e9ef695e6453970dd9f123f41aef422653fd,6f1819d77679370f8f9e703899fc256c0c73d545cf54992e00a2087c24a09bd8,data/chunk-000/file-342.parquet,videos/observation.images.image/chunk-000/file-032.mp4,videos/observation.images.image2/chunk-000/file-032.mp4
1481,train,5,32,118,outputs/wm/stage13_full_feature_cache/shards/episode_001481.safetensors,2910630,ef437ecfb1f6ce9bde262707e914d0ac37e5f51b205bcf17542bcb712a0de5b1,f19d4e8a58f257ff7a6033a654b5d30fda1b015e7065659c76f0527adf3e0683,data/chunk-000/file-343.parquet,videos/observation.images.image/chunk-000/file-032.mp4,videos/observation.images.image2/chunk-000/file-032.mp4
1482,train,5,32,98,outputs/wm/stage13_full_feature_cache/shards/episode_001482.safetensors,2417482,c743dcfb7c86ad73bdac7f191f952b566656d6375a030af7db6772d9528c1ae1,4ba5568f5251b3f5b965b8e8f9db183e7ed609ba398b40d3d882eaae6c9a5eff,data/chunk-000/file-343.parquet,videos/observation.images.image/chunk-000/file-032.mp4,videos/observation.images.image2/chunk-000/file-032.mp4
1484,train,9,39,182,outputs/wm/stage13_full_feature_cache/shards/episode_001484.safetensors,4488694,62d152a14f09c2c3ffef72c57f174cf693854621fcd2ccf66a8aadd675e995a0,88c386a1e837f6072bd4151ddefd6ffa88d1474ddfa40c4e996d4431d56111ff,data/chunk-000/file-343.parquet,videos/observation.images.image/chunk-000/file-032.mp4,videos/observation.images.image2/chunk-000/file-032.mp4
1485,train,6,30,123,outputs/wm/stage13_full_feature_cache/shards/episode_001485.safetensors,3033923,ae3833f976f98ca7f0448512bb0030b177ef9839b3285f6d596a8c5a2c0d71f0,8cb1c7a41d305be2489e4779f73dcef78f8ccf728281a0d0a92c4504452a7ef4,data/chunk-000/file-343.parquet,videos/observation.images.image/chunk-000/file-032.mp4,videos/observation.images.image2/chunk-000/file-032.mp4
1486,train,1,37,124,outputs/wm/stage13_full_feature_cache/shards/episode_001486.safetensors,3058580,79dfdbe12ce1a00314592961465d3d31dea3879d9958e1f719f70b2a00bbcf7b,2568d419a2b9ab1e838d2f403a620a07f894db1d79fe1e147a8df72d79d5d4de,data/chunk-000/file-344.parquet,videos/observation.images.image/chunk-000/file-032.mp4,videos/observation.images.image2/chunk-000/file-032.mp4
1487,train,3,35,103,outputs/wm/stage13_full_feature_cache/shards/episode_001487.safetensors,2540775,07d1be4907199c003976b66057831360ede57d3536f59343d1cb237295a3d480,4c2eee4aadf9ae133c2c1174a9f3d51c159d98885ec991b5ccc6a568e7ec0c0c,data/chunk-000/file-344.parquet,videos/observation.images.image/chunk-000/file-032.mp4,videos/observation.images.image2/chunk-000/file-032.mp4
1488,train,8,36,133,outputs/wm/stage13_full_feature_cache/shards/episode_001488.safetensors,3280493,b332f7649353b8782565b6f5bcccb05306365701713b68dd693dbfbc7c2f404b,c5fa3a1db15b653eced71d8f4c3af27e724e422c457dc22f21b6e5b8b6d880fc,data/chunk-000/file-344.parquet,videos/observation.images.image/chunk-000/file-032.mp4,videos/observation.images.image2/chunk-000/file-032.mp4
1489,train,3,35,86,outputs/wm/stage13_full_feature_cache/shards/episode_001489.safetensors,2121598,f42b5688b2c53efac14ac9f3a99942f12308686c2b980f0fdf97cc7204162abf,1abfc5ee2cd075bb4ede1d4edb9ed1c390f83b0e7449d03f24d7988e0a5eb2e3,data/chunk-000/file-344.parquet,videos/observation.images.image/chunk-000/file-032.mp4,videos/observation.images.image2/chunk-000/file-032.mp4
1490,train,1,37,127,outputs/wm/stage13_full_feature_cache/shards/episode_001490.safetensors,3132551,f96e43789fdf06bd040a8ff359c486c05a1fce14b8dfba11e485feab5d0ac2b6,c2db5a2c4813339e6817bf6fdfea401505631ee571d6da3c0eefecba06a09521,data/chunk-000/file-344.parquet,videos/observation.images.image/chunk-000/file-032.mp4,videos/observation.images.image2/chunk-000/file-032.mp4
1491,validation,0,34,100,outputs/wm/stage13_full_feature_cache/shards/episode_001491.safetensors,2466828,badbf998547b9f9d7f83d528b6b109905c1aa800eb46e6900b89a2c00322cff8,66816733eb5b9a3b0129c7abf489fcbebada0d2e5e43ac558fcc1732b5cfc8d1,data/chunk-000/file-344.parquet,videos/observation.images.image/chunk-000/file-032.mp4,videos/observation.images.image2/chunk-000/file-032.mp4
1492,train,7,33,137,outputs/wm/stage13_full_feature_cache/shards/episode_001492.safetensors,3379121,b32d06a0583078449df3647537fc9dc382137af85d011c14697d28cbbc021424,d80947c74ea764bb3fefe659318e7112f2b6e58e32a8e62a1f099fd7cb6848c9,data/chunk-000/file-344.parquet,videos/observation.images.image/chunk-000/file-032.mp4,videos/observation.images.image2/chunk-000/file-032.mp4
1493,train,0,34,84,outputs/wm/stage13_full_feature_cache/shards/episode_001493.safetensors,2072300,e70a04c1b529ba1136d9826933fc1c652f56ce3b491d97b6403570dcf0ac7b5b,8564c16c4bbe1d169d99d5566245717624e998723a564edec8f732a3071fd8bc,data/chunk-000/file-345.parquet,videos/observation.images.image/chunk-000/file-032.mp4,videos/observation.images.image2/chunk-000/file-032.mp4
1494,train,4,31,142,outputs/wm/stage13_full_feature_cache/shards/episode_001494.safetensors,3502430,a6ea2b9df832652260a05dcbe686bfca8e68b1ad77c7ae630812ba26dc7f582c,1367523ca9f9d57ce8f3fd6ff56bec75cc18b14f0065bb03ffea278d77872ad7,data/chunk-000/file-345.parquet,videos/observation.images.image/chunk-000/file-032.mp4,videos/observation.images.image2/chunk-000/file-032.mp4
1495,train,1,37,135,outputs/wm/stage13_full_feature_cache/shards/episode_001495.safetensors,3329807,6e30b57d1222ff58e5134eb742cfd7ef93899b3e9a38f74df826a429a4dd167b,a2c9b56b4e5fa2ce5465f6cf772c42f0e283f5c9ee49f7c4ae1d339662a7bfa6,data/chunk-000/file-345.parquet,videos/observation.images.image/chunk-000/file-032.mp4,videos/observation.images.image2/chunk-000/file-032.mp4
1496,train,5,32,100,outputs/wm/stage13_full_feature_cache/shards/episode_001496.safetensors,2466804,eff1c166769fd97f90ba53396ab04d51235570d18458158f01ba8331642faad2,e376791afd8aa9f447237085249f7690d1729d255b49b076a008391fa1cba31b,data/chunk-000/file-345.parquet,videos/observation.images.image/chunk-000/file-032.mp4,videos/observation.images.image2/chunk-000/file-032.mp4
1497,train,9,39,140,outputs/wm/stage13_full_feature_cache/shards/episode_001497.safetensors,3453100,6e132bd2267d7881237aa32534d97192250bde4fca33ebf956dc81c5a426b69e,e6d23c129ebbccef08d33ace1b4e86a3db38514115eda8f5955d28b8fd32045d,data/chunk-000/file-345.parquet,videos/observation.images.image/chunk-000/file-032.mp4,videos/observation.images.image2/chunk-000/file-032.mp4
1499,validation,1,37,117,outputs/wm/stage13_full_feature_cache/shards/episode_001499.safetensors,2885981,854761f1b7352a33a380f36d2da72b3e07dcadb6c199fa7f7363cfd87f1f3a18,dee8bf5e7f0586de9dec017d1bd3c5114dbab75012298c93af6ec5717b1bebb3,data/chunk-000/file-346.parquet,videos/observation.images.image/chunk-000/file-032.mp4,videos/observation.images.image2/chunk-000/file-032.mp4
1501,train,1,37,154,outputs/wm/stage13_full_feature_cache/shards/episode_001501.safetensors,3798290,34391adb2084a452cf28c59eee48eadf1d394764537fb4a00fe2c18451a2a907,6da7fd7d48ccd392ae581fbfd609f183a5c940488c89527272720d0c294f6943,data/chunk-000/file-346.parquet,videos/observation.images.image/chunk-000/file-032.mp4,videos/observation.images.image2/chunk-000/file-032.mp4
1502,train,6,30,146,outputs/wm/stage13_full_feature_cache/shards/episode_001502.safetensors,3601042,bbd487caeb722848d5411cc400f164e654a7aba68e1de3c4b16bfcfe7eac97ab,db26f1b333a878983722a6ca63cd6b1128d197d868f0e81c0f959f11731bab67,data/chunk-000/file-346.parquet,videos/observation.images.image/chunk-000/file-032.mp4,videos/observation.images.image2/chunk-000/file-032.mp4
1503,train,8,36,105,outputs/wm/stage13_full_feature_cache/shards/episode_001503.safetensors,2590089,81ce2b6e813726f19fde397bb32a36583950f9d0085c11b6436ad5268c3e7245,603f0d711ae321894c2cf3e992200a28ac6fbf5cced0f61328d832ba34a97391,data/chunk-000/file-346.parquet,videos/observation.images.image/chunk-000/file-032.mp4,videos/observation.images.image2/chunk-000/file-032.mp4
1504,train,0,34,89,outputs/wm/stage13_full_feature_cache/shards/episode_001504.safetensors,2195585,842d821f3ca49bb714e8e0e1b666471b7349338a90c0148a41594436b30f8deb,03c4d60cb8285ba85cbcd5c0b0e8d02ea09711115f67c37bf504ca859410d60f,data/chunk-000/file-346.parquet,videos/observation.images.image/chunk-000/file-032.mp4,videos/observation.images.image2/chunk-000/file-032.mp4
1505,train,4,31,150,outputs/wm/stage13_full_feature_cache/shards/episode_001505.safetensors,3699686,743d55ca732994ae81cd11c2bae1d8c864112ba5187067609898598b99f96f2d,4c5c59b97350abb14989a77f8ac15518cc05d7b17fe29bdd6a2829b1541144cc,data/chunk-000/file-347.parquet,videos/observation.images.image/chunk-000/file-032.mp4,videos/observation.images.image2/chunk-000/file-032.mp4
1506,train,0,34,79,outputs/wm/stage13_full_feature_cache/shards/episode_001506.safetensors,1949015,4542d7dd7970b00923a646ac91d4baadc5de0afcd69da70085eee7157c8f734e,7ec5ac919f573e644a3e23f353d71b239024bd51360607481dd13ff19279b033,data/chunk-000/file-347.parquet,videos/observation.images.image/chunk-000/file-032.mp4,videos/observation.images.image2/chunk-000/file-032.mp4
1507,train,8,36,107,outputs/wm/stage13_full_feature_cache/shards/episode_001507.safetensors,2639403,7cdb528c8488c1dcc482e12da62673cd4523b20c90888f9055fb70a35aa5f766,e8886d749e8daf4aade1efb7816f295d03361acfda69e0f30c7ae96701d89ef5,data/chunk-000/file-347.parquet,videos/observation.images.image/chunk-000/file-032.mp4,videos/observation.images.image2/chunk-000/file-032.mp4
1508,train,1,37,113,outputs/wm/stage13_full_feature_cache/shards/episode_001508.safetensors,2787353,35f1e9c066a7eb7d1e18782a0147ec4dbaee613e81c86e9bb7d2a09f86967a09,93542c6312bb62f295226772c14210a30f9f38f17824490f4b16ba2b1044b018,data/chunk-000/file-347.parquet,videos/observation.images.image/chunk-000/file-032.mp4,videos/observation.images.image2/chunk-000/file-032.mp4
1509,train,2,38,123,outputs/wm/stage13_full_feature_cache/shards/episode_001509.safetensors,3033915,bd3a428a7b0cab347a937d983b3d169a041b95e1d01d0f051b054ab3d872b803,cb9c92ae0bba174ae4005cc27387ee0751c355941eaadc1d49db26f708506337,data/chunk-000/file-347.parquet,videos/observation.images.image/chunk-000/file-032.mp4,videos/observation.images.image2/chunk-000/file-032.mp4
1510,train,2,38,114,outputs/wm/stage13_full_feature_cache/shards/episode_001510.safetensors,2812002,3bd7a3d28fa1d6cd3a9e8fc4647dafcfa9b3ada157beb651f249f1e6caa7ee65,5a9e767c29b0a611c9f56e51e8848b60e72e1a3bef93863adbe611646a92d5c9,data/chunk-000/file-347.parquet,videos/observation.images.image/chunk-000/file-032.mp4,videos/observation.images.image2/chunk-000/file-032.mp4
1511,train,9,39,124,outputs/wm/stage13_full_feature_cache/shards/episode_001511.safetensors,3058580,06293e5c4f164971d8dd3f12e7bcd89777eac64c761f8d671b6f130ab9788f14,536b3b13ec75e0d2cf6ed3f545388b8e3458d889ef7b5af13c36ffd3d67e811f,data/chunk-000/file-347.parquet,videos/observation.images.image/chunk-000/file-032.mp4,videos/observation.images.image2/chunk-000/file-032.mp4
1512,train,9,39,138,outputs/wm/stage13_full_feature_cache/shards/episode_001512.safetensors,3403786,f27315e8a56b56c7f831501c7f732be1e87344443269be72412a95e01eb8d4cb,c6c436cb8aadd4ca11893ba76c80d0de1385ac6aa3719243d98029191982cf3b,data/chunk-000/file-348.parquet,videos/observation.images.image/chunk-000/file-032.mp4,videos/observation.images.image2/chunk-000/file-032.mp4
1513,train,8,36,111,outputs/wm/stage13_full_feature_cache/shards/episode_001513.safetensors,2738031,8bf24a137680ac289178d0c1d36222f54fa2a687bdadf8d37d45bc7cd8c1019b,ea5f855ec1969f2c7ceee436af4595843d75e28152082fcd7b758b4d8456014f,data/chunk-000/file-348.parquet,videos/observation.images.image/chunk-000/file-032.mp4,videos/observation.images.image2/chunk-000/file-032.mp4
1514,train,2,38,119,outputs/wm/stage13_full_feature_cache/shards/episode_001514.safetensors,2935287,b9239c1e1ef0675161573826654da55bb527fdd4fa7e7de9b134d44d912cfba6,3e8d1849ac258d03b12abf0a3f82300643f52f6da86aae39974c84d68896d10b,data/chunk-000/file-348.parquet,videos/observation.images.image/chunk-000/file-032.mp4,videos/observation.images.image2/chunk-000/file-032.mp4
1515,train,8,36,114,outputs/wm/stage13_full_feature_cache/shards/episode_001515.safetensors,2812002,49be58b8ddbeefffa5191b45830bbaf7ba06df9013e16b8dd174b8fc8a6e84b3,688f452690143535f7f67ae6fcaeb9fb2bc76642f404ce041e9f8a222d59af1e,data/chunk-000/file-348.parquet,videos/observation.images.image/chunk-000/file-032.mp4,videos/observation.images.image2/chunk-000/file-032.mp4
1516,validation,7,33,136,outputs/wm/stage13_full_feature_cache/shards/episode_001516.safetensors,3354464,01ce74390324dd81fe75fb86cd6778bfb5159ac88e755a9b74b4aeafd38ec321,20e81b1ce243e976e1daeca984322d3887753a06667de7b4ed0d1c251fac55f8,data/chunk-000/file-348.parquet,videos/observation.images.image/chunk-000/file-032.mp4,videos/observation.images.image2/chunk-000/file-032.mp4
1517,train,0,34,127,outputs/wm/stage13_full_feature_cache/shards/episode_001517.safetensors,3132567,f33a2fc2ded75ab7463c46d1567f8b366ad8b5589628c8b4487dbda93bb5fa01,5d8d3d382ea3fc7213b04b4d14afb1615d940bfd5e7d86d7ae0cb07171410e8b,data/chunk-000/file-348.parquet,videos/observation.images.image/chunk-000/file-032.mp4,videos/observation.images.image2/chunk-000/file-032.mp4
1518,train,9,39,133,outputs/wm/stage13_full_feature_cache/shards/episode_001518.safetensors,3280501,2cc9a44cd2cae988e05b62e21823692eb0879b24d17329ba81622f068e3d1d53,60adc372642218df080b7f7fd9b0acb7c8153e2268fedb6cdccf282361369895,data/chunk-000/file-349.parquet,videos/observation.images.image/chunk-000/file-032.mp4,videos/observation.images.image2/chunk-000/file-032.mp4
1519,train,5,32,121,outputs/wm/stage13_full_feature_cache/shards/episode_001519.safetensors,2984601,d2c2acda5a44dd0ccfe5e8901024de9e31a4ff0d62352fbe3ed44b97eaf137e5,a3f6a2d1db9fc5a10437b6f046e7f6ac0b403b01d0c3e1506b60153d67eab15a,data/chunk-000/file-349.parquet,videos/observation.images.image/chunk-000/file-032.mp4,videos/observation.images.image2/chunk-000/file-032.mp4
1520,train,9,39,134,outputs/wm/stage13_full_feature_cache/shards/episode_001520.safetensors,3305158,99c31bf2a16369c178d613d4de80274a07e5d235faa873f8971381aedb346e2b,f290c27108c896ca833abecdb376c1564c6ca3e883e088b3102bba62c12f90c3,data/chunk-000/file-349.parquet,videos/observation.images.image/chunk-000/file-032.mp4,videos/observation.images.image2/chunk-000/file-032.mp4
1521,train,5,32,128,outputs/wm/stage13_full_feature_cache/shards/episode_001521.safetensors,3157208,93899d5f18c97b36b03358dd541399a9ae2699e1bce0085267224f505256f7b6,278c1c8c0c2f116d44e6546b8cdeb2d121bb2c7a7337c92e523aaf28de04bd6e,data/chunk-000/file-349.parquet,videos/observation.images.image/chunk-000/file-032.mp4,videos/observation.images.image2/chunk-000/file-032.mp4
1522,train,3,35,97,outputs/wm/stage13_full_feature_cache/shards/episode_001522.safetensors,2392825,3cd8ab969191cda2d43bbb1b95743b97e5351cdb0fac14101d864540dba18cb0,3c01f6229f29066a2460424dd5d0718d3e33f7e6f6f1c24eead52e66793ff252,data/chunk-000/file-349.parquet,videos/observation.images.image/chunk-000/file-032.mp4,videos/observation.images.image2/chunk-000/file-032.mp4
1523,train,9,39,130,outputs/wm/stage13_full_feature_cache/shards/episode_001523.safetensors,3206522,1c91b4407414fa7441dc934323950b4810274aeecc33b7288c1713bfb4c97d10,783bedcedb4a09fe845ba1d3a32eff765871c59460e732061a6a08df8350d03e,data/chunk-000/file-349.parquet,videos/observation.images.image/chunk-000/file-032.mp4,videos/observation.images.image2/chunk-000/file-032.mp4
1524,train,5,32,123,outputs/wm/stage13_full_feature_cache/shards/episode_001524.safetensors,3033915,86ba0b8dec9b9708f648c6bd72a53e3d3bb782ad01ab6d302f6fe7ddc65bcf94,f2a1be77d5885b9b36291726e5fb72bf98bd7d6476da4e42a5a5511a134a44fb,data/chunk-000/file-350.parquet,videos/observation.images.image/chunk-000/file-032.mp4,videos/observation.images.image2/chunk-000/file-032.mp4
1525,train,5,32,119,outputs/wm/stage13_full_feature_cache/shards/episode_001525.safetensors,2935287,083b6bfaaa04c2a9213e9ca768a1141737ecde5202869c6c56947b54958fa096,59fc3bd9e59bec4cb1a5eaa82d2e2bbb7273cfbac4c6fba7fd1162f6233a3d23,data/chunk-000/file-350.parquet,videos/observation.images.image/chunk-000/file-032.mp4,videos/observation.images.image2/chunk-000/file-032.mp4
1527,train,0,34,134,outputs/wm/stage13_full_feature_cache/shards/episode_001527.safetensors,3305166,c34529d86b03c4f0fd3c1112391fc1c7400225476c02cffbc44b4fe73e27d58c,0bb5e8b2ced752f029cf0cbae18a1b9ced5307fc41af9b6f049b9490daaff8a0,data/chunk-000/file-350.parquet,videos/observation.images.image/chunk-000/file-032.mp4,videos/observation.images.image2/chunk-000/file-032.mp4
1528,train,3,35,113,outputs/wm/stage13_full_feature_cache/shards/episode_001528.safetensors,2787345,87d2edd9433023f91a43fa05467d9984365ac99456aba765563ffda0e600b60b,7c10908c94201843c475e7fd7f1decd71e8b0d4ff585d12a05ee30eabdc92b8c,data/chunk-000/file-350.parquet,videos/observation.images.image/chunk-000/file-033.mp4,videos/observation.images.image2/chunk-000/file-033.mp4
1529,validation,1,37,111,outputs/wm/stage13_full_feature_cache/shards/episode_001529.safetensors,2738039,118fd410292f15b55b9c2383cf348c9edf0f9c0e864c4b112b2dd52c7bc3d4f4,f325c66bd6f98f0826523cacafb9912ea4b0d8253186b40e554187bd7abef00c,data/chunk-000/file-350.parquet,videos/observation.images.image/chunk-000/file-033.mp4,videos/observation.images.image2/chunk-000/file-033.mp4
1530,validation,9,39,126,outputs/wm/stage13_full_feature_cache/shards/episode_001530.safetensors,3107902,167618770117f0fc968c8a27c58f54ba2a52b03f8c68331844ded911f38a318b,ffda5066540c74bab2e82ef42c730aa7288ebd1b48ac4f4b6cc2aa8ae99822cf,data/chunk-000/file-351.parquet,videos/observation.images.image/chunk-000/file-033.mp4,videos/observation.images.image2/chunk-000/file-033.mp4
1531,train,9,39,142,outputs/wm/stage13_full_feature_cache/shards/episode_001531.safetensors,3502414,866bf105f3690b726d95223510cc92e4c07b5fd8d634823625168cc863ff79b1,02b576008d92f116af603515aed17b7bf420498cdf3955e3a66dcc9d63040ad1,data/chunk-000/file-351.parquet,videos/observation.images.image/chunk-000/file-033.mp4,videos/observation.images.image2/chunk-000/file-033.mp4
1532,train,0,34,96,outputs/wm/stage13_full_feature_cache/shards/episode_001532.safetensors,2368184,a9224b84395f8c0b0ec8985fc307e20b63be87039c42783a57b9d850a29d2417,bc2cad8b50f2180b7e005fd254cd0eacae7a80f7321b7fee2af9174d3657f473,data/chunk-000/file-351.parquet,videos/observation.images.image/chunk-000/file-033.mp4,videos/observation.images.image2/chunk-000/file-033.mp4
1533,train,8,36,165,outputs/wm/stage13_full_feature_cache/shards/episode_001533.safetensors,4069517,8549c0c11fe8b0cbdcac0edd52de0c4e7e99dab1a759489be97a1b77312c4549,6103d03ead71a161cc796b2c5160492aecc176fefa03063820b4a4339677573f,data/chunk-000/file-351.parquet,videos/observation.images.image/chunk-000/file-033.mp4,videos/observation.images.image2/chunk-000/file-033.mp4
1534,train,6,30,127,outputs/wm/stage13_full_feature_cache/shards/episode_001534.safetensors,3132559,1edb5375ddf2e8ecd475cd64476b82647a997ce2cce1cf11dc6667743225f03b,d70cc3d1b031f907b17bf994af4215307b8c55384dbfc99e0d2921cb04c1150d,data/chunk-000/file-351.parquet,videos/observation.images.image/chunk-000/file-033.mp4,videos/observation.images.image2/chunk-000/file-033.mp4
1535,validation,3,35,92,outputs/wm/stage13_full_feature_cache/shards/episode_001535.safetensors,2269548,d86c02293863d95da33351880c8d9cae4804814a35b069b40749c54ac2dccfca,7bcfaad39a3364eb8ca5fdd3cc13aaa5ac3cd3a85f08b25b38cf09061472d936,data/chunk-000/file-351.parquet,videos/observation.images.image/chunk-000/file-033.mp4,videos/observation.images.image2/chunk-000/file-033.mp4
1536,train,8,36,121,outputs/wm/stage13_full_feature_cache/shards/episode_001536.safetensors,2984601,4e709370d9c15f6fb557528f9bab75107931ab75457aa3986d16efcbfbaa4dc6,a658c2d772a979da19cd47c43631354b49807857345b1aa55efbcd7449b30539,data/chunk-000/file-352.parquet,videos/observation.images.image/chunk-000/file-033.mp4,videos/observation.images.image2/chunk-000/file-033.mp4
1537,train,4,31,132,outputs/wm/stage13_full_feature_cache/shards/episode_001537.safetensors,3255860,d44ee83858fba05657a14d63a9c48aa7000b6310de672ae108d8ae04565ecf9a,cc0f04e64f8742469a76148d4a99e3a7993f5f5d0ef5f538dc9da78b81b057f9,data/chunk-000/file-352.parquet,videos/observation.images.image/chunk-000/file-033.mp4,videos/observation.images.image2/chunk-000/file-033.mp4
1538,train,7,33,145,outputs/wm/stage13_full_feature_cache/shards/episode_001538.safetensors,3576377,5eb35234195dddab904bec16c62c570ccc3949518219c02f67302c5b8570ccca,df3c5ac0fcbb9d10adfaa843ba70ec1d6a1b099629ae050b5b2aa3244a93f6fc,data/chunk-000/file-352.parquet,videos/observation.images.image/chunk-000/file-033.mp4,videos/observation.images.image2/chunk-000/file-033.mp4
1539,train,6,30,122,outputs/wm/stage13_full_feature_cache/shards/episode_001539.safetensors,3009266,08d8349883abcef145d172a1b8eefc8857c02635fd20df24eee0b84a2666ab07,32977847e0cbb220b731e086d1057f5fd4178932e1f17bfa5701444bbcf49941,data/chunk-000/file-352.parquet,videos/observation.images.image/chunk-000/file-033.mp4,videos/observation.images.image2/chunk-000/file-033.mp4
1540,train,8,36,104,outputs/wm/stage13_full_feature_cache/shards/episode_001540.safetensors,2565432,439326d7f907ec6088ea1216b10240f2ba28da0f4c1de1acf4e377ac87f05e6f,413a1349ba5f0b05df4579487cbadadcd01ea861bc9fe96f51f2066e6c0780f8,data/chunk-000/file-352.parquet,videos/observation.images.image/chunk-000/file-033.mp4,videos/observation.images.image2/chunk-000/file-033.mp4
1541,train,1,37,143,outputs/wm/stage13_full_feature_cache/shards/episode_001541.safetensors,3527063,61e6addf53ccb902ffcebb777a985cd0513fc642648d317256915559a853d611,9d8b2b3c3d5123efbdfc37058b88be265d6a66ea02e0040e42675fa418edafc0,data/chunk-000/file-352.parquet,videos/observation.images.image/chunk-000/file-033.mp4,videos/observation.images.image2/chunk-000/file-033.mp4
1542,train,8,36,117,outputs/wm/stage13_full_feature_cache/shards/episode_001542.safetensors,2885973,c5df86ededbedfbde2d321fadabb61e09db6262888a6e7e8e54a39b3cc30271d,af42996dc579916aa73a04e07a5865126198d63f6ad979abd7f487e7faa1dfd3,data/chunk-000/file-353.parquet,videos/observation.images.image/chunk-000/file-033.mp4,videos/observation.images.image2/chunk-000/file-033.mp4
1543,train,4,31,145,outputs/wm/stage13_full_feature_cache/shards/episode_001543.safetensors,3576401,c9de07f1bd88c743fc8a7b1b989f3cea447c28343898c2ff7647e0199b25098b,8faf342952eb688c2084a4dbc6ff66b3d6d06c38ec8e79621eb44c5131102293,data/chunk-000/file-353.parquet,videos/observation.images.image/chunk-000/file-033.mp4,videos/observation.images.image2/chunk-000/file-033.mp4
1544,train,6,30,121,outputs/wm/stage13_full_feature_cache/shards/episode_001544.safetensors,2984609,e28475691011215fb321a7c168268192ce4eeef78140609391a0a8e47fb7bc57,4059904e8dd4210bf5e41ff478ef8a6943424a67e0d82292e2c071d4a1470570,data/chunk-000/file-353.parquet,videos/observation.images.image/chunk-000/file-033.mp4,videos/observation.images.image2/chunk-000/file-033.mp4
1545,validation,2,38,106,outputs/wm/stage13_full_feature_cache/shards/episode_001545.safetensors,2614754,2bb7180d4645970f3604854edba1448335705cbcbc1e5abb93dacc2cd6a17aeb,3f974158600422ad92ce57e53cd0781a2c74761d3f64dbf231cf42eba5407edd,data/chunk-000/file-353.parquet,videos/observation.images.image/chunk-000/file-033.mp4,videos/observation.images.image2/chunk-000/file-033.mp4
1546,train,8,36,173,outputs/wm/stage13_full_feature_cache/shards/episode_001546.safetensors,4266773,a986a14cab72bd6f0dd410e536b970a090d97d41f850c0e84b7e86fe63e99fbd,9ae5deddd6a9b18c31897e8a757afacc6fd8c75da0b3a8a99fe60be65db46770,data/chunk-000/file-353.parquet,videos/observation.images.image/chunk-000/file-033.mp4,videos/observation.images.image2/chunk-000/file-033.mp4
1547,train,8,36,104,outputs/wm/stage13_full_feature_cache/shards/episode_001547.safetensors,2565432,7a2f70ab0c201f4916192a13aba61c2be594c96c2dc00ea5f50b68a6bf09049f,055873dc67374b8cf03091496b6f86f25af45cc78acf2a42e1e63edffbc07594,data/chunk-000/file-353.parquet,videos/observation.images.image/chunk-000/file-033.mp4,videos/observation.images.image2/chunk-000/file-033.mp4
1548,train,3,35,96,outputs/wm/stage13_full_feature_cache/shards/episode_001548.safetensors,2368168,0e1a3a0abd04b609c419d4b94bca4dc8fdf3d902fba6cc5aab48728fc4ffd45f,64e955bccdb773217860aee7c89c86847c34030e6a43c3e50b3e5fed840f7f7e,data/chunk-000/file-354.parquet,videos/observation.images.image/chunk-000/file-033.mp4,videos/observation.images.image2/chunk-000/file-033.mp4
1549,train,2,38,125,outputs/wm/stage13_full_feature_cache/shards/episode_001549.safetensors,3083237,a67cb34989f71047dc444febb5a0802cb12d885e337272fedaab0299d5059006,97a8df8656764f6c9b667525f3b0ccc29a3063db4d467b6d932c60b2be3540f5,data/chunk-000/file-354.parquet,videos/observation.images.image/chunk-000/file-033.mp4,videos/observation.images.image2/chunk-000/file-033.mp4
1550,train,1,37,120,outputs/wm/stage13_full_feature_cache/shards/episode_001550.safetensors,2959952,6d1106c2005290f901b386cbe4205b3fbe18dfb890318fceafb2c7cb08725d92,f03ebcb03a9c8392aca90368b6c1fd97ec2a5e27879d4c4945c4393ce5fe3f88,data/chunk-000/file-354.parquet,videos/observation.images.image/chunk-000/file-033.mp4,videos/observation.images.image2/chunk-000/file-033.mp4
1551,train,4,31,151,outputs/wm/stage13_full_feature_cache/shards/episode_001551.safetensors,3724343,d60d9f4e8d4e8240d0d21c58f087448e434efa00c292047b088660107a360995,a2b5a3988b59af46b80297121b39ac953eda22dea06e9bc84dd30892c33b326a,data/chunk-000/file-354.parquet,videos/observation.images.image/chunk-000/file-033.mp4,videos/observation.images.image2/chunk-000/file-033.mp4
1552,train,8,36,110,outputs/wm/stage13_full_feature_cache/shards/episode_001552.safetensors,2713374,82c21a58f707970129b3ce1f08d35340d13df0e8e96cf0103b79c98d6db4f829,8ca85b3e49682c6ab6c0ac2decae73025325156cdfb7fa6119a1fd959e333293,data/chunk-000/file-354.parquet,videos/observation.images.image/chunk-000/file-033.mp4,videos/observation.images.image2/chunk-000/file-033.mp4
1553,train,7,33,133,outputs/wm/stage13_full_feature_cache/shards/episode_001553.safetensors,3280493,82c4e8c40c66ad4bf35269818b41b539fadac6e3288181819797c09e49f64f22,f56bc7fe102fe87da18f5e1d10ad0adf8c1912a3e8274e469dd957223aa42a70,data/chunk-000/file-354.parquet,videos/observation.images.image/chunk-000/file-033.mp4,videos/observation.images.image2/chunk-000/file-033.mp4
1554,train,3,35,101,outputs/wm/stage13_full_feature_cache/shards/episode_001554.safetensors,2491461,7344e18836b80356281cf0cac5f795fdfe67f45a5f29c39a55431cb69b45ac4c,2d13f1e9b016bd0d31887ce2522d292eed16566da128e48e2efa0f32e812977f,data/chunk-000/file-354.parquet,videos/observation.images.image/chunk-000/file-033.mp4,videos/observation.images.image2/chunk-000/file-033.mp4
1555,train,1,37,131,outputs/wm/stage13_full_feature_cache/shards/episode_001555.safetensors,3231179,742a36e5c7b1ba2955fb30c0f103ffd219494e8fcecf79448952a2af8d1d4660,0257fa632f0fa2c70b24216541a4197845f42e88a0a48dc3059c2fb5113c03fe,data/chunk-000/file-355.parquet,videos/observation.images.image/chunk-000/file-033.mp4,videos/observation.images.image2/chunk-000/file-033.mp4
1558,train,1,37,117,outputs/wm/stage13_full_feature_cache/shards/episode_001558.safetensors,2885981,856aa7f8370834f776463cee257fd95d774cc280ffcfd1769d16b0cb0f7eef54,35cdec4a64645504b97511ee832243af9cc498861a82a5c30fd934122e1baace,data/chunk-000/file-355.parquet,videos/observation.images.image/chunk-000/file-033.mp4,videos/observation.images.image2/chunk-000/file-033.mp4
1559,train,1,37,112,outputs/wm/stage13_full_feature_cache/shards/episode_001559.safetensors,2762696,3bac08399b9682b5a919256fb4c8fb5be9c2a68db2342af38a91c051db93176b,2fe289de8d15e155eab2642c37ebfc4b8bbdf0db318ecb163eea87970e0bfeb0,data/chunk-000/file-355.parquet,videos/observation.images.image/chunk-000/file-033.mp4,videos/observation.images.image2/chunk-000/file-033.mp4
1560,train,0,34,105,outputs/wm/stage13_full_feature_cache/shards/episode_001560.safetensors,2590105,85e269d7560ceef4390deabc09fbd658002895aa13d7619ee05fd871d66224d8,84a4ef49613bec5541f5a59caef3cf4f9bd6bb774979b4e0bd2bc262cf0b9e41,data/chunk-000/file-355.parquet,videos/observation.images.image/chunk-000/file-033.mp4,videos/observation.images.image2/chunk-000/file-033.mp4
1561,train,5,32,121,outputs/wm/stage13_full_feature_cache/shards/episode_001561.safetensors,2984601,b631c6233008c2b681385ee52a8294600b749936d9230474cced7ffb796f5041,36990480741a2c24efdf4b1e3a883a5393f1148c725063bb8b20165b19d134b2,data/chunk-000/file-355.parquet,videos/observation.images.image/chunk-000/file-033.mp4,videos/observation.images.image2/chunk-000/file-033.mp4
1563,train,0,34,151,outputs/wm/stage13_full_feature_cache/shards/episode_001563.safetensors,3724335,a6ceeeb484c4a26da195645b783557883a62eccbd5dfc074d097881c24d8c9c7,935d8925a0a16c8ebbc74560a68917a52155de8c5264b2c1232137d9bd07900b,data/chunk-000/file-356.parquet,videos/observation.images.image/chunk-000/file-033.mp4,videos/observation.images.image2/chunk-000/file-033.mp4
1564,train,6,30,114,outputs/wm/stage13_full_feature_cache/shards/episode_001564.safetensors,2812010,5c7401b9be18caa4860eab1e7740bd9671b70654536a7bfa875b3edbe51344ba,ca2af63acf451cb374b19fc7f3e8ad6b5455d748e048d30d1a6047934e6a0216,data/chunk-000/file-356.parquet,videos/observation.images.image/chunk-000/file-033.mp4,videos/observation.images.image2/chunk-000/file-033.mp4
1565,train,8,36,110,outputs/wm/stage13_full_feature_cache/shards/episode_001565.safetensors,2713374,2486a8a2912281666413b49875c224fa743b1e86fb44b7acbede2e812e3ddd7c,e82f3bd78565a56f05a48a7841c9df19ac1b813407eecba674d9e11d9075df70,data/chunk-000/file-356.parquet,videos/observation.images.image/chunk-000/file-033.mp4,videos/observation.images.image2/chunk-000/file-033.mp4
1567,train,0,34,92,outputs/wm/stage13_full_feature_cache/shards/episode_001567.safetensors,2269556,a0f2ed6674da16bf2b58404873d4c59aec08a80df073fb80af910d1520531f77,0a892f6ad4b688fd91d55a1ce1b5b5997371004782e7822f45a0425c0f67809c,data/chunk-000/file-356.parquet,videos/observation.images.image/chunk-000/file-033.mp4,videos/observation.images.image2/chunk-000/file-033.mp4
1568,train,0,34,92,outputs/wm/stage13_full_feature_cache/shards/episode_001568.safetensors,2269556,c5d8f1d5c04e3936199a8e567eae4db1f0d8ea02771612ed8a673e2ca6629a17,430a53e89b363b7568f5343198da63d07b43a97236229b61fd23a39b256d8332,data/chunk-000/file-356.parquet,videos/observation.images.image/chunk-000/file-033.mp4,videos/observation.images.image2/chunk-000/file-033.mp4
1569,train,3,35,103,outputs/wm/stage13_full_feature_cache/shards/episode_001569.safetensors,2540775,ad51151b02dc379f46b64527f4aff83266f27b92862ab79716aad068d06bb5de,d16d61bb1705eed35d088220529564ad9867403cd26fe6081e5287a0c6ab01f2,data/chunk-000/file-357.parquet,videos/observation.images.image/chunk-000/file-033.mp4,videos/observation.images.image2/chunk-000/file-033.mp4
1570,train,3,35,106,outputs/wm/stage13_full_feature_cache/shards/episode_001570.safetensors,2614746,eb4044f47fd8e61a33f5cba9e1384254fca642ead04ce6717d8d15aeccb0b319,6c6243eaaee6e8327433b4d372231a2e61d81ed7a21408ece3355998040f2c63,data/chunk-000/file-357.parquet,videos/observation.images.image/chunk-000/file-033.mp4,videos/observation.images.image2/chunk-000/file-033.mp4
1571,train,7,33,133,outputs/wm/stage13_full_feature_cache/shards/episode_001571.safetensors,3280493,31271e397f8aa5da5ad067375619acdf89cab30a9f27f3e0135c0470196e4d54,a127006f03a895b4bcc086e521bba2a9939d3149f4a2d228a500e158172364fd,data/chunk-000/file-357.parquet,videos/observation.images.image/chunk-000/file-033.mp4,videos/observation.images.image2/chunk-000/file-033.mp4
1572,train,8,36,116,outputs/wm/stage13_full_feature_cache/shards/episode_001572.safetensors,2861316,5c8e9f0c21687eb949d5d8bf07a38ac377e1883fc27e7438778267092990e14a,25201ea791b7666a6d4713c047b7c1cc4130e02b55df942782929ed59d557f6d,data/chunk-000/file-357.parquet,videos/observation.images.image/chunk-000/file-033.mp4,videos/observation.images.image2/chunk-000/file-033.mp4
1573,train,2,38,117,outputs/wm/stage13_full_feature_cache/shards/episode_001573.safetensors,2885973,54ad9e2eacac9da64fb9823eb1ae77e3a2ccded531fb52ca8176111202ada9c5,6b066f382fab2618c72f3aba5e61a962f6d58727c124d6cef5f3b1aa47541b33,data/chunk-000/file-357.parquet,videos/observation.images.image/chunk-000/file-033.mp4,videos/observation.images.image2/chunk-000/file-033.mp4
1574,validation,0,34,105,outputs/wm/stage13_full_feature_cache/shards/episode_001574.safetensors,2590113,783a53d3004d8e72867c8cc056e8285081743ee47c2fefb105d0d6ea95cf4e9a,265aa17ed81fa4ef6fa0bcbfffb56fa728c32aac9f33d8777a39545f2841a91e,data/chunk-000/file-357.parquet,videos/observation.images.image/chunk-000/file-033.mp4,videos/observation.images.image2/chunk-000/file-033.mp4
1575,train,6,30,133,outputs/wm/stage13_full_feature_cache/shards/episode_001575.safetensors,3280501,c62e621b019bc53fcde0cc993c5ba838baed14e4f54c21d0f9bedc2fb02d573a,6d13f2ee8abe97621194ebceabd69a78d68ce7c14a3e37f692d0db90497fb6f5,data/chunk-000/file-357.parquet,videos/observation.images.image/chunk-000/file-033.mp4,videos/observation.images.image2/chunk-000/file-033.mp4
1576,train,4,31,158,outputs/wm/stage13_full_feature_cache/shards/episode_001576.safetensors,3896942,3b348bd31004f8419bf51ca756dedbcd7751ae623ce01290fdd046b7d884361a,98814d1d886b142ae235af53c4d4a48df8f48fe4fda0fe4050aa36f5c84d8816,data/chunk-000/file-358.parquet,videos/observation.images.image/chunk-000/file-033.mp4,videos/observation.images.image2/chunk-000/file-033.mp4
1577,validation,5,32,111,outputs/wm/stage13_full_feature_cache/shards/episode_001577.safetensors,2738039,1d0d32fe02fe68177de3f22877f8da4b5b956051507185541951653a88852486,bedacde60c08074f8c5248cd3d79f21c56fc5f31c3c7f8432b3c01738b74f110,data/chunk-000/file-358.parquet,videos/observation.images.image/chunk-000/file-033.mp4,videos/observation.images.image2/chunk-000/file-033.mp4
1578,train,3,35,99,outputs/wm/stage13_full_feature_cache/shards/episode_001578.safetensors,2442139,30b63fb2252ab9d90fa0526d62b09a54773e19568bf85d8a1f6f77b101965eca,3483651c08f49feae708c362d53e73cfa48a5a4267b1ce9425407235d36f445f,data/chunk-000/file-358.parquet,videos/observation.images.image/chunk-000/file-034.mp4,videos/observation.images.image2/chunk-000/file-034.mp4
1579,train,0,34,108,outputs/wm/stage13_full_feature_cache/shards/episode_001579.safetensors,2664076,e429a14668b64b4d0c883b6467cb83255ad04f2d199500a34af1aa0df97b0691,37f076a749df5439782e3a43b259497b8efc994ccbc3a2966d6ddf330871ecea,data/chunk-000/file-358.parquet,videos/observation.images.image/chunk-000/file-034.mp4,videos/observation.images.image2/chunk-000/file-034.mp4
1580,train,3,35,100,outputs/wm/stage13_full_feature_cache/shards/episode_001580.safetensors,2466804,e3566ab314b746a70f900fe90ebc9b2dc2cf83628dc236c415b21d9a1316e453,580d720578181553d4ad5c3b550b1acb08e7d74f94792fa049eb934c8dca7fc6,data/chunk-000/file-358.parquet,videos/observation.images.image/chunk-000/file-034.mp4,videos/observation.images.image2/chunk-000/file-034.mp4
1581,train,4,31,132,outputs/wm/stage13_full_feature_cache/shards/episode_001581.safetensors,3255860,dd086137790f8e761711476f60f3236736f450131e0a4a3b48ee22e49ba5105c,010f6f74f8b9d11e988cb85e0b790494a08715535568171ff004ef0e2f8ed684,data/chunk-000/file-358.parquet,videos/observation.images.image/chunk-000/file-034.mp4,videos/observation.images.image2/chunk-000/file-034.mp4
1582,train,4,31,137,outputs/wm/stage13_full_feature_cache/shards/episode_001582.safetensors,3379145,25aa6a65fad637bdddf0f24b5b8b6bb16857a2259ea13c378d5a23f0f1b0f3ea,70bd79796b119f0d8e23c1139e55d7a3d2ab93539398615bc97833725f730213,data/chunk-000/file-359.parquet,videos/observation.images.image/chunk-000/file-034.mp4,videos/observation.images.image2/chunk-000/file-034.mp4
1583,train,0,34,97,outputs/wm/stage13_full_feature_cache/shards/episode_001583.safetensors,2392841,4e438c7fd81ebc36d224b94783e8f12252730d13837efbcc5e3acbb6f19dcbb6,864da52142aaa20947efb9d9c1e96b178f272c3ef28eaac0232d6a4a4238c211,data/chunk-000/file-359.parquet,videos/observation.images.image/chunk-000/file-034.mp4,videos/observation.images.image2/chunk-000/file-034.mp4
1586,train,4,31,131,outputs/wm/stage13_full_feature_cache/shards/episode_001586.safetensors,3231203,2ff6f30bd3b764c28b46610e5b790c69aa51f6273e94819b0064133037a6390c,6347cfad7a48d813df33209b58617f0eef11b423ea19908d7c7f970604e3ab00,data/chunk-000/file-359.parquet,videos/observation.images.image/chunk-000/file-034.mp4,videos/observation.images.image2/chunk-000/file-034.mp4
1587,train,1,37,137,outputs/wm/stage13_full_feature_cache/shards/episode_001587.safetensors,3379121,ab5f22145e377438083959760d0d604c9dfc08abdd7d83d35e91a9aa63d0f39b,d053a656325056e317549df42ec35c0560504220f60497a44f9b03ff04bd9000,data/chunk-000/file-359.parquet,videos/observation.images.image/chunk-000/file-034.mp4,videos/observation.images.image2/chunk-000/file-034.mp4
1588,train,1,37,189,outputs/wm/stage13_full_feature_cache/shards/episode_001588.safetensors,4661285,cc7cd77654afa977fd53ba99411427b2916fc27a65ee192984a9e944e8be390f,eff6bde9ef67e6c2dc693077507518c2fdad2b2c1784c9e164437180cd7fba8f,data/chunk-000/file-360.parquet,videos/observation.images.image/chunk-000/file-034.mp4,videos/observation.images.image2/chunk-000/file-034.mp4
1590,train,7,33,164,outputs/wm/stage13_full_feature_cache/shards/episode_001590.safetensors,4044860,a9a66c5651c840b6c23cf20e8a5fbb310000874b397ef62c5b6e8175ba2bf369,6693bd95fd22d8d834e667df4339a6f1cefc024971c3b70811401d5fcf3724e7,data/chunk-000/file-360.parquet,videos/observation.images.image/chunk-000/file-034.mp4,videos/observation.images.image2/chunk-000/file-034.mp4
1591,train,4,31,170,outputs/wm/stage13_full_feature_cache/shards/episode_001591.safetensors,4192826,e663b048c14a18008b71d0ac5aba9af456ce06e1e0898b825b0f849c14943169,fa9bead77166bfd7d2d5d1553aed878d7114bb7d3f638fd4884a9171c03257a6,data/chunk-000/file-360.parquet,videos/observation.images.image/chunk-000/file-034.mp4,videos/observation.images.image2/chunk-000/file-034.mp4
1592,train,3,35,95,outputs/wm/stage13_full_feature_cache/shards/episode_001592.safetensors,2343511,de937387388d7be910db37528c841e5008131504ec197f10ae0ab7bcc8f85f92,fced7ebc9bf5a861c27afa130278cb090382d7a14a2c541e46e6aad5e16fa93a,data/chunk-000/file-360.parquet,videos/observation.images.image/chunk-000/file-034.mp4,videos/observation.images.image2/chunk-000/file-034.mp4
1594,train,5,32,110,outputs/wm/stage13_full_feature_cache/shards/episode_001594.safetensors,2713374,1f5b974fc7c2815beb3785b7226ac3c2231ea8e7b6f81802035fcc92c738d88c,24b084dde7b21812a103d4bc683d607827fda4ad20d3cac0cab6e2d79875de70,data/chunk-000/file-361.parquet,videos/observation.images.image/chunk-000/file-034.mp4,videos/observation.images.image2/chunk-000/file-034.mp4
1595,train,4,31,139,outputs/wm/stage13_full_feature_cache/shards/episode_001595.safetensors,3428459,48c74e58ba566aec4ce270044d4a69e228a11d677f95315d3bf9da51775e403a,17cb8d9cd765a0e78164871bb4a5919a84cb8a7971d2b4686532c9faf92a8c18,data/chunk-000/file-361.parquet,videos/observation.images.image/chunk-000/file-034.mp4,videos/observation.images.image2/chunk-000/file-034.mp4
1596,train,1,37,141,outputs/wm/stage13_full_feature_cache/shards/episode_001596.safetensors,3477749,48c12c44558f960dd23cfd0eec28d81ffab6982fa0755abb0260eb87ba832a39,809f911104f497310fdff2a09451a5e5b65e48a8fccf79108c79b39de4b25219,data/chunk-000/file-361.parquet,videos/observation.images.image/chunk-000/file-034.mp4,videos/observation.images.image2/chunk-000/file-034.mp4
1597,validation,0,34,96,outputs/wm/stage13_full_feature_cache/shards/episode_001597.safetensors,2368192,dca181719b78cc35e07b87317a82d2e789af8423200130480118fdba758b8400,37a8c3bff9e065bdfdeb6fa0be172481c5df64c6505bb4bc34195ce3ada8fd31,data/chunk-000/file-361.parquet,videos/observation.images.image/chunk-000/file-034.mp4,videos/observation.images.image2/chunk-000/file-034.mp4
1598,train,5,32,129,outputs/wm/stage13_full_feature_cache/shards/episode_001598.safetensors,3181865,ec1165cfb5a929aaf727142a0a2a26232878d7eec8d406c380819bbb1ac56a14,3dedd3ee87cf9d7c94547af2c24158ce776b97f8fb3c756be27c6855c2f3f729,data/chunk-000/file-361.parquet,videos/observation.images.image/chunk-000/file-034.mp4,videos/observation.images.image2/chunk-000/file-034.mp4
1599,train,8,36,116,outputs/wm/stage13_full_feature_cache/shards/episode_001599.safetensors,2861316,857fbcc92dd5adf8120bcf6f7de39e9a15ff40567b02255b0b225be1b39effa9,3caa5add585c9d5c78a8b7700dbb00a46430b7e728c2deda18fdc8e28fde60b7,data/chunk-000/file-361.parquet,videos/observation.images.image/chunk-000/file-034.mp4,videos/observation.images.image2/chunk-000/file-034.mp4
1600,train,3,35,97,outputs/wm/stage13_full_feature_cache/shards/episode_001600.safetensors,2392825,7e34156ed70e4f2bb37a171848b7d71de96bf49190367c54740e53908c164b8b,7d4a11d7b9c25e66af38583e4f55858fbd4575456005200ddafa638f5b4f402c,data/chunk-000/file-361.parquet,videos/observation.images.image/chunk-000/file-034.mp4,videos/observation.images.image2/chunk-000/file-034.mp4
1601,train,1,37,134,outputs/wm/stage13_full_feature_cache/shards/episode_001601.safetensors,3305150,b57dbd425bbdf2578c5cd3255f5df7f125e46b245c53e5a49757a9307ea0524d,4532e2ac6f7783a0c1adfd428ac552c3ff82933fd8cef4635af2f896f5f61bd9,data/chunk-000/file-362.parquet,videos/observation.images.image/chunk-000/file-034.mp4,videos/observation.images.image2/chunk-000/file-034.mp4
1602,train,0,34,95,outputs/wm/stage13_full_feature_cache/shards/episode_001602.safetensors,2343527,a694f3113c4dd7765dc81e4059df02561136c0b618a9e7ab85e2335139d00e12,a7a6e0bbb8b9937b28c2e5e3d5b8637a2620b5cce0ebd632ddcc34996c2cdba4,data/chunk-000/file-362.parquet,videos/observation.images.image/chunk-000/file-034.mp4,videos/observation.images.image2/chunk-000/file-034.mp4
1603,validation,2,38,122,outputs/wm/stage13_full_feature_cache/shards/episode_001603.safetensors,3009266,8f6b93932584694d398f139aa1e4d3062c77d0131d5dad7a49d8dd9b3e8aa159,018700027096c7eda8acd4462c0840f6f0ef15f73dd2d35660e1f514dc716edd,data/chunk-000/file-362.parquet,videos/observation.images.image/chunk-000/file-034.mp4,videos/observation.images.image2/chunk-000/file-034.mp4
1604,train,6,30,120,outputs/wm/stage13_full_feature_cache/shards/episode_001604.safetensors,2959952,a3e8fa44d065cf1d27b058f5ee9a39fac899696581a5474a41b6faa62952d96c,b5c0c538895b8716a0890ff10ee6074283b7315d6fce5d068e9737ce3a5c5ce4,data/chunk-000/file-362.parquet,videos/observation.images.image/chunk-000/file-034.mp4,videos/observation.images.image2/chunk-000/file-034.mp4
1605,train,5,32,119,outputs/wm/stage13_full_feature_cache/shards/episode_001605.safetensors,2935287,d040bb11a94f1b4a3756f237619b498663bee1d403d6a9f50d450d26f8b4a12c,c57b5b72ff81b348ba7f2bc8bb947f9fe185ce6a9b69c9a429cf17cf167ac66e,data/chunk-000/file-362.parquet,videos/observation.images.image/chunk-000/file-034.mp4,videos/observation.images.image2/chunk-000/file-034.mp4
1606,train,6,30,113,outputs/wm/stage13_full_feature_cache/shards/episode_001606.safetensors,2787353,6f4ae41176013fa040eb977b201c6e97e0abc71828208b61d13e072586bde380,9835914a6fe041aa4a28f92634df86215a4576245d71fccf32614c96c1f28d50,data/chunk-000/file-362.parquet,videos/observation.images.image/chunk-000/file-034.mp4,videos/observation.images.image2/chunk-000/file-034.mp4
1607,train,6,30,137,outputs/wm/stage13_full_feature_cache/shards/episode_001607.safetensors,3379129,632a28e64a9502d456c8efaff248a65e3fa10b66bb69f55d5673dffc0c4df306,33435a36eef2ce36c72afde1e548b10abb295436be93371d6dce94cb59cbac8b,data/chunk-000/file-362.parquet,videos/observation.images.image/chunk-000/file-034.mp4,videos/observation.images.image2/chunk-000/file-034.mp4
1608,train,3,35,89,outputs/wm/stage13_full_feature_cache/shards/episode_001608.safetensors,2195569,a91148e4e6c0424f5dd566703f4f9ae9c20e7dbec8a3f61666ae9d4df42ff9b4,ce5b98e3db428d7423ca4d179f9a33edd48cf7fe2023e349d907f796ad27e42d,data/chunk-000/file-363.parquet,videos/observation.images.image/chunk-000/file-034.mp4,videos/observation.images.image2/chunk-000/file-034.mp4
1611,train,6,30,123,outputs/wm/stage13_full_feature_cache/shards/episode_001611.safetensors,3033923,4d7eab825b83daa6046863fec503c9fa36b0ab4b5880548da4726aa16f787d47,5ed3876f4cb56a55dea5860895ead68a7d1646a0362f3bb9ee3f94d82bb1eaef,data/chunk-000/file-363.parquet,videos/observation.images.image/chunk-000/file-034.mp4,videos/observation.images.image2/chunk-000/file-034.mp4
1612,validation,6,30,124,outputs/wm/stage13_full_feature_cache/shards/episode_001612.safetensors,3058588,34a38c24c2b6cdb391de060f2e1a50dce7a105451ce5755bf6d4e80d199e3285,b2d42e341cca14e6dea84bfbd933391010a0536b4e3a587d8e85b857ac79bea7,data/chunk-000/file-363.parquet,videos/observation.images.image/chunk-000/file-034.mp4,videos/observation.images.image2/chunk-000/file-034.mp4
1613,train,6,30,108,outputs/wm/stage13_full_feature_cache/shards/episode_001613.safetensors,2664068,b8d77fb5898dbbc13ad780668afd075b6928fba2924e7fdebe8ae550f3f8e17d,b03b52aba52f8b9fe54440171cbe8bf104975157971c2dd1660da5441c78b8ab,data/chunk-000/file-363.parquet,videos/observation.images.image/chunk-000/file-034.mp4,videos/observation.images.image2/chunk-000/file-034.mp4
1614,train,1,37,133,outputs/wm/stage13_full_feature_cache/shards/episode_001614.safetensors,3280493,b2c08a6be00bdc94f72cba92ce6489bdd91789e0bc4f33479b8fb0348d5ab6d9,4ba6ef8b97c45bf817d2a50862e2c53656cecb54d0db83c2138934a120ae9834,data/chunk-000/file-363.parquet,videos/observation.images.image/chunk-000/file-034.mp4,videos/observation.images.image2/chunk-000/file-034.mp4
1616,train,7,33,124,outputs/wm/stage13_full_feature_cache/shards/episode_001616.safetensors,3058572,0f366a1b0dced259197748fe33bc183d5c973bb2eddc1e52cfcf1c466cacc40c,1e0049a3537587b590fa2b3b8e78ef15d372bea0aab53bf78cec8a88460b8cd8,data/chunk-000/file-364.parquet,videos/observation.images.image/chunk-000/file-034.mp4,videos/observation.images.image2/chunk-000/file-034.mp4
1617,train,0,34,92,outputs/wm/stage13_full_feature_cache/shards/episode_001617.safetensors,2269556,90ac2438cdd6b15d605c563afc95cf33ec0a3b0c8512b8ca736cd8c0195f7561,02d4699d8931ec11e78e3b413f75d9caf80879d2555c6524c932d6316059e151,data/chunk-000/file-364.parquet,videos/observation.images.image/chunk-000/file-034.mp4,videos/observation.images.image2/chunk-000/file-034.mp4
1618,validation,3,35,90,outputs/wm/stage13_full_feature_cache/shards/episode_001618.safetensors,2220234,454fd8c383f42bbb6b6d50d95cecc49aab6f222f1c2df035e70784efbe20b076,197a9c73d8e794d54a9e14fdf7e670a1880fd53fa7ee46368f55bbcab4f6a6e8,data/chunk-000/file-364.parquet,videos/observation.images.image/chunk-000/file-034.mp4,videos/observation.images.image2/chunk-000/file-034.mp4
1619,train,4,31,156,outputs/wm/stage13_full_feature_cache/shards/episode_001619.safetensors,3847628,b6ed42c5d532e1ebe86d2c693b53eb707787d375790cf732607c3860b6ab1ee4,da8c549026be78c28c058123d50cf9c68bdbf91eeeac23baa2f8a4718f9f6175,data/chunk-000/file-364.parquet,videos/observation.images.image/chunk-000/file-034.mp4,videos/observation.images.image2/chunk-000/file-034.mp4
1620,train,4,31,162,outputs/wm/stage13_full_feature_cache/shards/episode_001620.safetensors,3995570,7e79321fae8a80d451d296e7ec6567a7a039d6d16159e10c35b17a65839ea684,b9e4631945153f4676b2232edb50fe636e1676bb44988a475899d9639823f95c,data/chunk-000/file-364.parquet,videos/observation.images.image/chunk-000/file-034.mp4,videos/observation.images.image2/chunk-000/file-034.mp4
1621,train,8,36,150,outputs/wm/stage13_full_feature_cache/shards/episode_001621.safetensors,3699662,7733a0b01b7c1ede02a386a593ba86f65197522519f7f866b672b780b1a6112f,942d8d66c50f0d87680874274ab1905b5ef8913b9e46c13f7304d5ae86dceec6,data/chunk-000/file-365.parquet,videos/observation.images.image/chunk-000/file-034.mp4,videos/observation.images.image2/chunk-000/file-034.mp4
1623,validation,8,36,127,outputs/wm/stage13_full_feature_cache/shards/episode_001623.safetensors,3132559,bddedbcc1b40b70c362c9a55de30c4210dcdff80eef7da4b6c8d98b908cda8b9,6a1a99b12bd6f36ede32f53e2bd75c892aeb136c068fff429930ae3869255865,data/chunk-000/file-365.parquet,videos/observation.images.image/chunk-000/file-034.mp4,videos/observation.images.image2/chunk-000/file-034.mp4
1624,train,6,30,108,outputs/wm/stage13_full_feature_cache/shards/episode_001624.safetensors,2664068,c7c9221f026dc653ac810329dc55350d5b8f5cba7b589e0845d43468b581f397,66934391b8be792b3ea12f3c69d5d7b31a14f1adfe7ca6adf6cab8421e3b5e61,data/chunk-000/file-365.parquet,videos/observation.images.image/chunk-000/file-034.mp4,videos/observation.images.image2/chunk-000/file-034.mp4
1625,train,4,31,149,outputs/wm/stage13_full_feature_cache/shards/episode_001625.safetensors,3675029,b39df2172b452bbe5b71287b3e701bca74a14e5bc937a9797d1c1c6517797aa4,8dba4605f12aa91d423696138dccd5fedee5ac101bfeb885f9837dc3cae3e843,data/chunk-000/file-365.parquet,videos/observation.images.image/chunk-000/file-034.mp4,videos/observation.images.image2/chunk-000/file-034.mp4
1626,validation,5,32,112,outputs/wm/stage13_full_feature_cache/shards/episode_001626.safetensors,2762696,ff1e33d4dfbfabeaed41bfa32c94b2c9a691b19ff4e186de01a9302d9f8518ac,d0af4ed1250c7dfe936da09655150c8450bc3776f989ff3f93ba7f80ffcbceca,data/chunk-000/file-365.parquet,videos/observation.images.image/chunk-000/file-034.mp4,videos/observation.images.image2/chunk-000/file-034.mp4
1627,train,9,39,136,outputs/wm/stage13_full_feature_cache/shards/episode_001627.safetensors,3354472,e043f912247f382c2d2eb8222bb3592deade09dcb4f4bebcc2a3ec59f52e5158,de7eded5422cc5d835802fbb78309b5498ac3e479c78c42baaa466ef98819552,data/chunk-000/file-366.parquet,videos/observation.images.image/chunk-000/file-034.mp4,videos/observation.images.image2/chunk-000/file-034.mp4
1628,train,9,39,139,outputs/wm/stage13_full_feature_cache/shards/episode_001628.safetensors,3428443,b6f0755f651848398cc73a7ca66b02c66bfb97191e9ebe2f28c9db712e7c7a42,77c86abc26cc161635d944f62f125f9c3a848fdb5319f79d4ebd3b17f29d3598,data/chunk-000/file-366.parquet,videos/observation.images.image/chunk-000/file-035.mp4,videos/observation.images.image2/chunk-000/file-035.mp4
1629,train,3,35,100,outputs/wm/stage13_full_feature_cache/shards/episode_001629.safetensors,2466804,f5dea20a67b2a73c826e3bb35124d76eb69bba752842800dd7282348f37899cc,de6826a515b7842a38cdaf39abdf539b74c3f68fde0a07f8e97558fcb8739b02,data/chunk-000/file-366.parquet,videos/observation.images.image/chunk-000/file-035.mp4,videos/observation.images.image2/chunk-000/file-035.mp4
1630,train,8,36,99,outputs/wm/stage13_full_feature_cache/shards/episode_001630.safetensors,2442139,2950bacaae0292efc20e2fc3f1106c24b223ff6f9fe02696a79c93cef43a9f4c,11769d7ca06293c1426055abbd362cd62db8ff4e5ba51d32aab9ebf85261494b,data/chunk-000/file-366.parquet,videos/observation.images.image/chunk-000/file-035.mp4,videos/observation.images.image2/chunk-000/file-035.mp4
1631,train,7,33,120,outputs/wm/stage13_full_feature_cache/shards/episode_001631.safetensors,2959944,93905c60d3b14fe7d158ba46dea48ffa67bebc10a11deef1489e6152cc950571,c3286231d682265e77f77322f05a5e059ce8a1bacf5e9ded9c52eeb6f3e48e14,data/chunk-000/file-366.parquet,videos/observation.images.image/chunk-000/file-035.mp4,videos/observation.images.image2/chunk-000/file-035.mp4
1632,train,1,37,123,outputs/wm/stage13_full_feature_cache/shards/episode_001632.safetensors,3033923,31e130eaac04e3b5c6d03f286f2e3f0bc782f5f09b16f080c059e730410fee53,ed7ba61b2105ef9b40e7ef5c71b236a2fd9c9c4812440839897ea27c6badd1d0,data/chunk-000/file-366.parquet,videos/observation.images.image/chunk-000/file-035.mp4,videos/observation.images.image2/chunk-000/file-035.mp4
1633,train,9,39,193,outputs/wm/stage13_full_feature_cache/shards/episode_001633.safetensors,4759921,a53220e67507fd0d23c8672a518b4658b8484c6cb8d4430f4d7345a4590f51d4,8ce18932cc335ba744b0c54d02b5cbc18d14c92db30e2c5f8920d1f45de3a2c7,data/chunk-000/file-367.parquet,videos/observation.images.image/chunk-000/file-035.mp4,videos/observation.images.image2/chunk-000/file-035.mp4
1634,train,7,33,125,outputs/wm/stage13_full_feature_cache/shards/episode_001634.safetensors,3083229,aebb742263018a7245c04b55c26cc2d3893615a72f6eedcc26c072f60223c17c,59d0e234b3fa6f41a10e65e5bd8d44880bebc711854c0d3e9dcc59f288fef793,data/chunk-000/file-367.parquet,videos/observation.images.image/chunk-000/file-035.mp4,videos/observation.images.image2/chunk-000/file-035.mp4
1635,train,5,32,109,outputs/wm/stage13_full_feature_cache/shards/episode_001635.safetensors,2688717,a05c67ae6f8baeec5a609a36de87e276b8b9fff51cdfb05c0df0820865397ecd,16a420143517edacc473930f762e955428bff960a2492bd47719eb1c686563e1,data/chunk-000/file-367.parquet,videos/observation.images.image/chunk-000/file-035.mp4,videos/observation.images.image2/chunk-000/file-035.mp4
1637,train,7,33,141,outputs/wm/stage13_full_feature_cache/shards/episode_001637.safetensors,3477749,5e5a6dae532700a686d521915799a049d11d5e4080e454440b3b86b4894731cf,64f49de7ef0aa2533009a9f982ba5181fc4f921277f53b6fb72b62c0e82b2dad,data/chunk-000/file-367.parquet,videos/observation.images.image/chunk-000/file-035.mp4,videos/observation.images.image2/chunk-000/file-035.mp4
1638,validation,3,35,99,outputs/wm/stage13_full_feature_cache/shards/episode_001638.safetensors,2442147,de995688156909b1137164e886f6d4aeb93f926214ec8eee3ec5333ee9f688a0,778c90bcc3897297abb39d52bd450a064126a15db1a0e87a68eeab3985e6b3c8,data/chunk-000/file-367.parquet,videos/observation.images.image/chunk-000/file-035.mp4,videos/observation.images.image2/chunk-000/file-035.mp4
1639,validation,8,36,116,outputs/wm/stage13_full_feature_cache/shards/episode_001639.safetensors,2861324,9243de0d0cf9ba1b57c3dbb7105d70f62b22b95fa8759bb3c4a62b0834844609,fbb5b2a3270a6dbcb42332d23c604be9b2a32e6d56ad260a0537a41e3882540b,data/chunk-000/file-368.parquet,videos/observation.images.image/chunk-000/file-035.mp4,videos/observation.images.image2/chunk-000/file-035.mp4
1640,train,4,31,172,outputs/wm/stage13_full_feature_cache/shards/episode_001640.safetensors,4242140,66942608ea13fcf9c8c0555c98d94c2fcba9631630b6dbbf2033c6c33995b3f6,1658dc2b7338565665d1652aabbadef141c6b0d61455236b9528626bc96c6e4c,data/chunk-000/file-368.parquet,videos/observation.images.image/chunk-000/file-035.mp4,videos/observation.images.image2/chunk-000/file-035.mp4
1641,train,2,38,93,outputs/wm/stage13_full_feature_cache/shards/episode_001641.safetensors,2294197,c17b282459c0d9e4d51d2af850e99b6f324a6d54d8416f7189818c0112d6d828,53ec099b0ae7cba01ca7bfbe20376f0081621d9a25588b3d6461421fdc89d858,data/chunk-000/file-368.parquet,videos/observation.images.image/chunk-000/file-035.mp4,videos/observation.images.image2/chunk-000/file-035.mp4
1642,train,0,34,90,outputs/wm/stage13_full_feature_cache/shards/episode_001642.safetensors,2220242,f23471d9eafa206c13a127d988744d01e59f30c12d8364d963197c3760354043,d4a0f9549425d54753810a45f5f43a74929d969833c60dcfcb5fe5d4179929ce,data/chunk-000/file-368.parquet,videos/observation.images.image/chunk-000/file-035.mp4,videos/observation.images.image2/chunk-000/file-035.mp4
1643,train,9,39,128,outputs/wm/stage13_full_feature_cache/shards/episode_001643.safetensors,3157208,80f654c4e16fdd335de72d97d1f8acf89ea6b600c2831cbc9443421965acf8f1,0f31f52f73690a30a5a92a241b9d76ec3218c25b9b61ece5f0708674698901fe,data/chunk-000/file-368.parquet,videos/observation.images.image/chunk-000/file-035.mp4,videos/observation.images.image2/chunk-000/file-035.mp4
1644,train,9,39,136,outputs/wm/stage13_full_feature_cache/shards/episode_001644.safetensors,3354472,f17c06a62e453af4a286de75341e2588b3473040ff29ca44ed84222cec4bc932,fd651340b8159e426d02faefce210932a67d4a22264bb1677de830e731ae51ee,data/chunk-000/file-368.parquet,videos/observation.images.image/chunk-000/file-035.mp4,videos/observation.images.image2/chunk-000/file-035.mp4
1646,train,5,32,98,outputs/wm/stage13_full_feature_cache/shards/episode_001646.safetensors,2417482,bc5e0690645c8d25846fd811e1f84cab21aaacb6799ab6aa9d219b77353b797b,a9bf4ffc389fd3e4b51b112cc1a6dbd89d7e88da7b2a5748373bc9682bb025fd,data/chunk-000/file-369.parquet,videos/observation.images.image/chunk-000/file-035.mp4,videos/observation.images.image2/chunk-000/file-035.mp4
1647,train,5,32,120,outputs/wm/stage13_full_feature_cache/shards/episode_001647.safetensors,2959944,d189ed5bfc34f37fc437d8d879626d108b0e52b8208411aa16dddcb8c770a40e,70c83dd570980f0a8394506c99f5ac4c10c7f9d82cc691b01bca9502d55e88b8,data/chunk-000/file-369.parquet,videos/observation.images.image/chunk-000/file-035.mp4,videos/observation.images.image2/chunk-000/file-035.mp4
1648,train,8,36,140,outputs/wm/stage13_full_feature_cache/shards/episode_001648.safetensors,3453092,b61b476404972b8f351a00397285c7dc03335f4e300c3d59d9ae2a168053b433,42f93eef46b14efe6631089d0ebc2cbfa4e022fe01ae1ee902ce13b028a7ca6b,data/chunk-000/file-369.parquet,videos/observation.images.image/chunk-000/file-035.mp4,videos/observation.images.image2/chunk-000/file-035.mp4
1649,train,1,37,114,outputs/wm/stage13_full_feature_cache/shards/episode_001649.safetensors,2812010,bcff0e28f65b21bd29b2ca68c6c2d4af73d3138d889364f5aed579e18ba93bee,34f27161af15e1425b2a05814913bc067e1eeef4331ab40ca1e4cf5a2e7528a0,data/chunk-000/file-369.parquet,videos/observation.images.image/chunk-000/file-035.mp4,videos/observation.images.image2/chunk-000/file-035.mp4
1650,train,3,35,129,outputs/wm/stage13_full_feature_cache/shards/episode_001650.safetensors,3181865,25ebb87df7d1ba1c73d52743e924b160d6fb2bb6ca99d42fea8be7c4ceafbfb0,cba30318467aa5f216944b19ec198415dce2a5754d9dc84412e8b798e8030ae8,data/chunk-000/file-369.parquet,videos/observation.images.image/chunk-000/file-035.mp4,videos/observation.images.image2/chunk-000/file-035.mp4
1651,validation,4,31,182,outputs/wm/stage13_full_feature_cache/shards/episode_001651.safetensors,4488718,6849e68febc350edd69e5a2bf7b76609002c5ed60d66217f98758a0edbbbfe48,dc0ad4b314f650964368df1ae42250b3a645b6f1c49ed0ec2bd4661889fb0495,data/chunk-000/file-370.parquet,videos/observation.images.image/chunk-000/file-035.mp4,videos/observation.images.image2/chunk-000/file-035.mp4
1652,train,2,38,120,outputs/wm/stage13_full_feature_cache/shards/episode_001652.safetensors,2959944,239b0a289cbc791162ffeff5065972f43d36b8c9f590e1d4e711930d93597259,731db4fb4de2363700cc65175b0b57b07bea28cbdae1e2ab606cc0ddcfb1d43b,data/chunk-000/file-370.parquet,videos/observation.images.image/chunk-000/file-035.mp4,videos/observation.images.image2/chunk-000/file-035.mp4
1653,validation,9,39,141,outputs/wm/stage13_full_feature_cache/shards/episode_001653.safetensors,3477757,336be06d2b5052dea12efc2d0a05dde9f291f276dea678cd6ebc3c64ef8b352f,04bbbf717c656fcc127ad6eea04aa65c6d95e7880b24f4e82b2788f7768ad19a,data/chunk-000/file-370.parquet,videos/observation.images.image/chunk-000/file-035.mp4,videos/observation.images.image2/chunk-000/file-035.mp4
1654,train,7,33,128,outputs/wm/stage13_full_feature_cache/shards/episode_001654.safetensors,3157200,d6368f4628f6a0e51c501497634ba4614dbff00672961ed31eb5aa8c6f008d33,3cfe70618c4a206f1d29f3ac3e57bf9c6dc653e689e26bb25ffabc170a541f75,data/chunk-000/file-370.parquet,videos/observation.images.image/chunk-000/file-035.mp4,videos/observation.images.image2/chunk-000/file-035.mp4
1655,train,6,30,124,outputs/wm/stage13_full_feature_cache/shards/episode_001655.safetensors,3058580,f0299b7881025147b60986c184e94810d061b48be3119c72db88e5b5e2790c52,8dcc824812cc6571b8b6cfb281faa4c1060db854734daa7d030acf62c0bea558,data/chunk-000/file-370.parquet,videos/observation.images.image/chunk-000/file-035.mp4,videos/observation.images.image2/chunk-000/file-035.mp4
1656,train,1,37,129,outputs/wm/stage13_full_feature_cache/shards/episode_001656.safetensors,3181865,1f0410e84bbab1d4042ededb9a1a97b3b1e8d3f678772ace5d95e47db995d819,0c412a1dc9fff612db501f8d1ea8eb4e727f3c0f90cf03018acb6e3f7c9382f8,data/chunk-000/file-370.parquet,videos/observation.images.image/chunk-000/file-035.mp4,videos/observation.images.image2/chunk-000/file-035.mp4
1657,train,2,38,126,outputs/wm/stage13_full_feature_cache/shards/episode_001657.safetensors,3107894,35fe6cb0ec5d794628d362d301fad9dcc7472f44da03b76284280e20a4fd53ea,09ef2041ef547fd33b29db98bf9d72e11e7fc2700b61fa1ced7466d15450b4a1,data/chunk-000/file-371.parquet,videos/observation.images.image/chunk-000/file-035.mp4,videos/observation.images.image2/chunk-000/file-035.mp4
1659,train,3,35,98,outputs/wm/stage13_full_feature_cache/shards/episode_001659.safetensors,2417482,252982539ca9d5910fa9fa4df87d5ddb4373b8188c22008c4de419644d1a4b4c,fdc8a9641f1ef056a6fcb2dcf75bdf25e4c2c37e399fe53ea1170b5f4b7d4457,data/chunk-000/file-371.parquet,videos/observation.images.image/chunk-000/file-035.mp4,videos/observation.images.image2/chunk-000/file-035.mp4
1660,train,0,34,92,outputs/wm/stage13_full_feature_cache/shards/episode_001660.safetensors,2269556,a487acafd51b13207e6a50088dcb95d26cd342381f0956083761d36af966cd8f,50e2f892e25084eb6e1f98c0dc386be34f6c628f92072d96729898d4cc2a8f98,data/chunk-000/file-371.parquet,videos/observation.images.image/chunk-000/file-035.mp4,videos/observation.images.image2/chunk-000/file-035.mp4
1661,train,6,30,130,outputs/wm/stage13_full_feature_cache/shards/episode_001661.safetensors,3206530,6194397f57b77add114a5dd6bda9acbc5c128ad4b5da884148fd2107660c37b1,dc5da9261a4e9d90c1022140cc13f664b1cfd31820a406d4f8687cc1831fe30f,data/chunk-000/file-371.parquet,videos/observation.images.image/chunk-000/file-035.mp4,videos/observation.images.image2/chunk-000/file-035.mp4
1662,train,3,35,99,outputs/wm/stage13_full_feature_cache/shards/episode_001662.safetensors,2442139,5fed493597b597c6cbd448533081ae5a447d78278f9275639561e5a5ff93706b,10832741677aed95148c55885685c87a2fd27c1e16e706aee968a6f3ac49850b,data/chunk-000/file-371.parquet,videos/observation.images.image/chunk-000/file-035.mp4,videos/observation.images.image2/chunk-000/file-035.mp4
1663,train,4,31,138,outputs/wm/stage13_full_feature_cache/shards/episode_001663.safetensors,3403802,16b4611175a53d30d7ff0a906b98f2f493862b66d4c51c7bb7fbf79cf8f16d00,dba71e077bf915b54b456fdc0b064900618d4631096a9f6d1f526e01030cc948,data/chunk-000/file-371.parquet,videos/observation.images.image/chunk-000/file-035.mp4,videos/observation.images.image2/chunk-000/file-035.mp4
1664,train,1,37,150,outputs/wm/stage13_full_feature_cache/shards/episode_001664.safetensors,3699662,c7d2211c0be827080042f01ee2cd72aa19d633034542da27387398b923456dfa,f4ca9649095b33a6d7e9d18f3afb0c016be97162835fbbd30eba8431a6c55bf5,data/chunk-000/file-372.parquet,videos/observation.images.image/chunk-000/file-035.mp4,videos/observation.images.image2/chunk-000/file-035.mp4
1665,train,2,38,117,outputs/wm/stage13_full_feature_cache/shards/episode_001665.safetensors,2885973,2e7a2675cbfc9e2fea141c67ad76726d47aec00aa54322288b42d40cc1b9824c,0b971dee0e10d35b454046aa2de3d10eab353238e4f3df7e6f40b2d83cf44b2b,data/chunk-000/file-372.parquet,videos/observation.images.image/chunk-000/file-035.mp4,videos/observation.images.image2/chunk-000/file-035.mp4
1666,train,6,30,130,outputs/wm/stage13_full_feature_cache/shards/episode_001666.safetensors,3206530,76882a91fb54df669b874aeff3fd0cc31ff52c8551910a3d04b9e0b2929e5fb5,654a7085b15745f097a93948c3e2c33b39c155a0865cf5b745df6de76fa04171,data/chunk-000/file-372.parquet,videos/observation.images.image/chunk-000/file-035.mp4,videos/observation.images.image2/chunk-000/file-035.mp4
1667,train,7,33,132,outputs/wm/stage13_full_feature_cache/shards/episode_001667.safetensors,3255836,cc3b775b377cbbd08502e963b7453befbc42b6eb9cafffe205b3748297544270,9e67e11315e5d5abd25e89d763dee58cc8643cec41e56b70b3cf7ac202a7968c,data/chunk-000/file-372.parquet,videos/observation.images.image/chunk-000/file-035.mp4,videos/observation.images.image2/chunk-000/file-035.mp4
1668,train,2,38,102,outputs/wm/stage13_full_feature_cache/shards/episode_001668.safetensors,2516118,7819fc7dd0e132d2c2b67b05c838dbca641e118fe6d6b77e7b98d989d3fafbef,56acc81498a63fb6861914915d0695462424e435f4bdcb191bca5980aa4b741e,data/chunk-000/file-372.parquet,videos/observation.images.image/chunk-000/file-035.mp4,videos/observation.images.image2/chunk-000/file-035.mp4
1670,train,3,35,90,outputs/wm/stage13_full_feature_cache/shards/episode_001670.safetensors,2220226,ea82662bb6d763d7003181fb3b3ae2d95d45d2352a1eb085347fa477a64644ff,f4cde794c31c4ac6754f28931841298e1d95c6983b30c3309a12f41e00f180fd,data/chunk-000/file-372.parquet,videos/observation.images.image/chunk-000/file-035.mp4,videos/observation.images.image2/chunk-000/file-035.mp4
1671,train,8,36,120,outputs/wm/stage13_full_feature_cache/shards/episode_001671.safetensors,2959944,7db241d0efa0a1ede642a702083eaf13405cf68f21a4d1bf25b0bbc469606ca3,7314280d9d18efd1524dd0f1432907e0cbf6558b16c8b81c879ebadd837eb835,data/chunk-000/file-373.parquet,videos/observation.images.image/chunk-000/file-035.mp4,videos/observation.images.image2/chunk-000/file-035.mp4
1672,train,0,34,113,outputs/wm/stage13_full_feature_cache/shards/episode_001672.safetensors,2787361,b1d71612a7990271f015e52a0325d093fd856a8961e1663b5b4656f8cb4a80fd,606a4f3e5903d785a0bc60925da25fa88fa6020ed63c0202cbd5d3e2aae9d1ae,data/chunk-000/file-373.parquet,videos/observation.images.image/chunk-000/file-035.mp4,videos/observation.images.image2/chunk-000/file-035.mp4
1673,train,7,33,130,outputs/wm/stage13_full_feature_cache/shards/episode_001673.safetensors,3206514,1b8d89822c75aa0258900b73ebe57ee94ee6a0de68a8e3353d83fc688438642d,c6385f173fd419db0cd973993a64d5733ce841750c4d0f0c6535c9ec4a03af2a,data/chunk-000/file-373.parquet,videos/observation.images.image/chunk-000/file-035.mp4,videos/observation.images.image2/chunk-000/file-035.mp4
1674,train,9,39,119,outputs/wm/stage13_full_feature_cache/shards/episode_001674.safetensors,2935295,f2bb223a22035c9df99dc14c37380cf2af4d9a9fdb349feeca956fef6b4205ae,69b3f20cf85897939111aa27dac1f8c97b548e93bb2e021c332fc70459ea48d7,data/chunk-000/file-373.parquet,videos/observation.images.image/chunk-000/file-035.mp4,videos/observation.images.image2/chunk-000/file-035.mp4
1675,train,7,33,138,outputs/wm/stage13_full_feature_cache/shards/episode_001675.safetensors,3403778,1755a4dac9a949ecd5ce292637f3faec5d30255023da10060652b73b4b733e0a,c75d8e6d429aaa1a93389270f5088b82eb539077211dfced9651e6d4ee00b674,data/chunk-000/file-373.parquet,videos/observation.images.image/chunk-000/file-035.mp4,videos/observation.images.image2/chunk-000/file-035.mp4
1676,train,1,37,140,outputs/wm/stage13_full_feature_cache/shards/episode_001676.safetensors,3453092,3e8747d4f1dfad0105dfd5121bcee1e584ab6bd73662e2274eb134b3ef32c53c,3b19055ff9de35a9561acf4d0ae41ce6afb5dd346eecde5c0cc7efd364c1c276,data/chunk-000/file-373.parquet,videos/observation.images.image/chunk-000/file-035.mp4,videos/observation.images.image2/chunk-000/file-035.mp4
1677,train,4,31,142,outputs/wm/stage13_full_feature_cache/shards/episode_001677.safetensors,3502430,8e93b32122edd6f72978b308ff3b893303e7b1521f74b76ee0dca5fd0ffb1bda,718361b2a903b5b655506f561990ee0f8c94738f089a58735c50687a89b75e0e,data/chunk-000/file-374.parquet,videos/observation.images.image/chunk-000/file-035.mp4,videos/observation.images.image2/chunk-000/file-035.mp4
1679,train,0,34,88,outputs/wm/stage13_full_feature_cache/shards/episode_001679.safetensors,2170928,65f8e2b1c14968fbff42421390f7b31d46533c5bb46086330219a3cb9df940c7,fa7154973df71a3b93d0df530b7d7c4032d140d553fd20758d8d6bd995bf8cb8,data/chunk-000/file-374.parquet,videos/observation.images.image/chunk-000/file-036.mp4,videos/observation.images.image2/chunk-000/file-036.mp4
1681,train,1,37,152,outputs/wm/stage13_full_feature_cache/shards/episode_001681.safetensors,3748976,1a560f0ff173167c4338f9046ab29bd70aa6f9c838f701cc3da8b23ea35ac34e,918b0a476acbc520473d743542f47d5597475812f433178e085e1fab4b269e46,data/chunk-000/file-374.parquet,videos/observation.images.image/chunk-000/file-036.mp4,videos/observation.images.image2/chunk-000/file-036.mp4
1682,train,2,38,111,outputs/wm/stage13_full_feature_cache/shards/episode_001682.safetensors,2738031,f4fdf1ad2341901ac9b3760cf568c424b530c57f89c53facede808405b1aee70,8ee459e5667109e476676ffa3172c02aafc7b58d901ec41d41cf33780bf70928,data/chunk-000/file-374.parquet,videos/observation.images.image/chunk-000/file-036.mp4,videos/observation.images.image2/chunk-000/file-036.mp4
1683,train,9,39,124,outputs/wm/stage13_full_feature_cache/shards/episode_001683.safetensors,3058580,ee482fd34697f68ffb26dbbc659ee7ba160c4483cb6a97c5e36b706837652a0d,ec637df60afd4d7d3afd15ee1f4fe4f50ce104dca804ba4fbf12bcb3cb18c490,data/chunk-000/file-374.parquet,videos/observation.images.image/chunk-000/file-036.mp4,videos/observation.images.image2/chunk-000/file-036.mp4
1684,train,5,32,102,outputs/wm/stage13_full_feature_cache/shards/episode_001684.safetensors,2516118,30e4d0334fc3923b4791c42e058dfcc2ae8a1a3e324d57649199e931351f0766,298cf439478b0b4b9688b3df370bfe24f5bafbb3871851710ad56c4e036e9dec,data/chunk-000/file-375.parquet,videos/observation.images.image/chunk-000/file-036.mp4,videos/observation.images.image2/chunk-000/file-036.mp4
1685,train,5,32,138,outputs/wm/stage13_full_feature_cache/shards/episode_001685.safetensors,3403778,57a344612f3554723fc8451ac18175ea0a535aa5103e0401e0c0ba327cc7b3b0,694efa1d54353935a064e13f8daedaa67e9390740bcc8fb1ad2a9f1fa0ce57c5,data/chunk-000/file-375.parquet,videos/observation.images.image/chunk-000/file-036.mp4,videos/observation.images.image2/chunk-000/file-036.mp4
1686,train,2,38,117,outputs/wm/stage13_full_feature_cache/shards/episode_001686.safetensors,2885973,03486980ae14c5002483d938688cf42b54a0651ad080deaa6e17b0c6a9a5c8bb,3d6cd90c76f1e8cd973874187f50069e34b7e4867036f90dd0b460c82b0374fa,data/chunk-000/file-375.parquet,videos/observation.images.image/chunk-000/file-036.mp4,videos/observation.images.image2/chunk-000/file-036.mp4
1687,train,4,31,143,outputs/wm/stage13_full_feature_cache/shards/episode_001687.safetensors,3527087,52650e45f707f55517d9cf9d3118e39b0e5677187c0110515972965035262806,d62087cab06ba25cc00653dbcd262744d3d5fedcef401ba82129934714736402,data/chunk-000/file-375.parquet,videos/observation.images.image/chunk-000/file-036.mp4,videos/observation.images.image2/chunk-000/file-036.mp4
1688,train,1,37,145,outputs/wm/stage13_full_feature_cache/shards/episode_001688.safetensors,3576377,246a279e520161ae7fc202db8b77b48272e06c5a46cf2abf4b855f030d6720cb,3cdfad166e93e47650ff8a674b7fb271182b873a6d2e4f8378816d173e2dc26a,data/chunk-000/file-375.parquet,videos/observation.images.image/chunk-000/file-036.mp4,videos/observation.images.image2/chunk-000/file-036.mp4
1689,train,5,32,102,outputs/wm/stage13_full_feature_cache/shards/episode_001689.safetensors,2516118,e6662d060cda0bd83ac00afaddbd7afa90a66e11a53c8a0f9ea3b320d510f7ba,4ff30b1e2804b38f9a6b94462611d2d8f838f89958dccdb124c78948485e725d,data/chunk-000/file-375.parquet,videos/observation.images.image/chunk-000/file-036.mp4,videos/observation.images.image2/chunk-000/file-036.mp4
1690,train,9,39,133,outputs/wm/stage13_full_feature_cache/shards/episode_001690.safetensors,3280501,70b2425bbea9df047e959af7213d99dda30803a469a5556ac62cca13b3af5d45,945f07b5d22ff6d49d051ee892e548b8f50c9ccddb996a0280a152d21a2e5268,data/chunk-000/file-376.parquet,videos/observation.images.image/chunk-000/file-036.mp4,videos/observation.images.image2/chunk-000/file-036.mp4
1691,train,7,33,140,outputs/wm/stage13_full_feature_cache/shards/episode_001691.safetensors,3453092,67dc0aa51e66d7387f94c3096f6f4738cdb246a7df33702cb23f5397d607b7f1,71ff108e76b1311fd06d689248d399b862260b166463397040a567cc35097471,data/chunk-000/file-376.parquet,videos/observation.images.image/chunk-000/file-036.mp4,videos/observation.images.image2/chunk-000/file-036.mp4
1692,train,5,32,109,outputs/wm/stage13_full_feature_cache/shards/episode_001692.safetensors,2688717,e2ac591989c66b7c6dc1b5c7dc67722a2ce377791a7f88f7d66c41c5da5764e7,9b047fd328af676744303e9bcae275368268008e111701f6d53b3a3659e2330d,data/chunk-000/file-376.parquet,videos/observation.images.image/chunk-000/file-036.mp4,videos/observation.images.image2/chunk-000/file-036.mp4
