pair_id,split,condition,benchmark_task_id,init_state_index,available_after_step,commanded_h10_raw_mse,commanded_minus_executed,executed_h10_raw_mse,horizon,intervention_active_at_available_step,intervention_start,no_action_h10_raw_mse,persistence_h10_raw_mse,scoring_seconds,start_index,target_index
calibration-task04-init03,calibration,nominal,4,3,9,0.5736910700798035,0.0,0.5736910700798035,10,False,,0.5569175481796265,0.5691460967063904,0.01865828900008637,0,10
calibration-task04-init03,calibration,nominal,4,3,10,0.5756955146789551,0.0,0.5756955146789551,10,False,,0.5986374616622925,0.5706316828727722,0.01320879700142541,1,11
calibration-task04-init03,calibration,nominal,4,3,11,0.6076233386993408,0.0,0.6076233386993408,10,False,,0.6129211187362671,0.6812223196029663,0.014206169000317459,2,12
calibration-task04-init03,calibration,nominal,4,3,12,0.6378273963928223,0.0,0.6378273963928223,10,False,,0.6555477380752563,0.7413319945335388,0.01316916599898832,3,13
calibration-task04-init03,calibration,nominal,4,3,13,0.7404417991638184,0.0,0.7404417991638184,10,False,,0.8156337141990662,0.9731923937797546,0.016467796000142698,4,14
calibration-task04-init03,calibration,nominal,4,3,14,0.6867626905441284,0.0,0.6867626905441284,10,False,,0.7861983180046082,1.0276663303375244,0.01978060699912021,5,15
calibration-task04-init03,calibration,nominal,4,3,15,0.68803870677948,0.0,0.68803870677948,10,False,,0.8617894053459167,1.20014226436615,0.019696497000040836,6,16
calibration-task04-init03,calibration,nominal,4,3,16,0.7999310493469238,0.0,0.7999310493469238,10,False,,0.8502151370048523,1.3037760257720947,0.014175758000419592,7,17
calibration-task04-init03,calibration,nominal,4,3,17,0.8018142580986023,0.0,0.8018142580986023,10,False,,0.8663153648376465,1.3994420766830444,0.013624733999677119,8,18
calibration-task04-init03,calibration,nominal,4,3,18,0.7800869345664978,0.0,0.7800869345664978,10,False,,0.78477942943573,1.2910737991333008,0.01449709000007715,9,19
calibration-task04-init03,calibration,nominal,4,3,19,0.6441888213157654,0.0,0.6441888213157654,10,False,,0.6585915088653564,1.2416051626205444,0.013439813999866601,10,20
calibration-task04-init03,calibration,nominal,4,3,20,0.7466367483139038,0.0,0.7466367483139038,10,False,,0.7295855283737183,1.202606201171875,0.014009536000230582,11,21
calibration-task04-init03,calibration,nominal,4,3,21,0.6460618376731873,0.0,0.6460618376731873,10,False,,0.6396018266677856,1.1058319807052612,0.014761029999135644,12,22
calibration-task04-init03,calibration,nominal,4,3,22,0.7663511037826538,0.0,0.7663511037826538,10,False,,0.7524322271347046,1.0773236751556396,0.014183128001604928,13,23
calibration-task04-init03,calibration,nominal,4,3,23,0.7881336212158203,0.0,0.7881336212158203,10,False,,0.7885259389877319,1.108957290649414,0.014383020999957807,14,24
calibration-task04-init03,calibration,nominal,4,3,24,0.8141984343528748,0.0,0.8141984343528748,10,False,,0.8168133497238159,1.146100401878357,0.01376782599982107,15,25
calibration-task04-init03,calibration,nominal,4,3,25,0.7581238746643066,0.0,0.7581238746643066,10,False,,0.7429603338241577,1.0495691299438477,0.014008828000442008,16,26
calibration-task04-init03,calibration,nominal,4,3,26,0.7266871333122253,0.0,0.7266871333122253,10,False,,0.7419840097427368,1.1243035793304443,0.016937761998633505,17,27
calibration-task04-init03,calibration,nominal,4,3,27,0.7261499166488647,0.0,0.7261499166488647,10,False,,0.7704367637634277,1.1723073720932007,0.01399083599972073,18,28
calibration-task04-init03,calibration,nominal,4,3,28,0.7618019580841064,0.0,0.7618019580841064,10,False,,0.8479213714599609,1.216289758682251,0.014393274999747518,19,29
calibration-task04-init03,calibration,nominal,4,3,29,0.8365368843078613,0.0,0.8365368843078613,10,False,,0.8322807550430298,1.2647572755813599,0.013230923001174233,20,30
calibration-task04-init03,calibration,nominal,4,3,30,0.7797054648399353,0.0,0.7797054648399353,10,False,,0.8038442134857178,1.3349924087524414,0.013563275000706199,21,31
calibration-task04-init03,calibration,nominal,4,3,31,0.8937348127365112,0.0,0.8937348127365112,10,False,,0.9018545150756836,1.3875707387924194,0.01305680699988443,22,32
calibration-task04-init03,calibration,nominal,4,3,32,0.8021833300590515,0.0,0.8021833300590515,10,False,,0.7791008353233337,1.3580502271652222,0.013349996001124964,23,33
calibration-task04-init03,calibration,nominal,4,3,33,0.927446722984314,0.0,0.927446722984314,10,False,,0.8823778033256531,1.315298318862915,0.016237297000770923,24,34
calibration-task04-init03,calibration,nominal,4,3,34,0.95744389295578,0.0,0.95744389295578,10,False,,0.923968493938446,1.360715627670288,0.013322147000508267,25,35
calibration-task04-init03,calibration,nominal,4,3,35,0.8206506967544556,0.0,0.8206506967544556,10,False,,0.818809986114502,1.1397533416748047,0.01379368600100861,26,36
calibration-task04-init03,calibration,nominal,4,3,36,0.8167291879653931,0.0,0.8167291879653931,10,False,,0.7823315858840942,1.0506218671798706,0.012659539001106168,27,37
calibration-task04-init03,calibration,nominal,4,3,37,0.7673214673995972,0.0,0.7673214673995972,10,False,,0.7546023726463318,0.9135618209838867,0.012686371001109364,28,38
calibration-task04-init03,calibration,nominal,4,3,38,0.8467761278152466,0.0,0.8467761278152466,10,False,,0.7947866320610046,0.9136673808097839,0.014039537998542073,29,39
calibration-task04-init03,calibration,nominal,4,3,39,0.7681135535240173,0.0,0.7681135535240173,10,False,,0.7366805076599121,0.806425929069519,0.014249691999793868,30,40
calibration-task04-init03,calibration,nominal,4,3,40,0.8262245059013367,0.0,0.8262245059013367,10,False,,0.7778164148330688,0.7154121398925781,0.013308188999872073,31,41
calibration-task04-init03,calibration,nominal,4,3,41,0.8149377703666687,0.0,0.8149377703666687,10,False,,0.7765941619873047,0.7332643866539001,0.014757516999452491,32,42
calibration-task04-init03,calibration,nominal,4,3,42,0.8064262270927429,0.0,0.8064262270927429,10,False,,0.8081833720207214,0.6820396184921265,0.015212591000818065,33,43
calibration-task04-init03,calibration,nominal,4,3,43,0.8316625356674194,0.0,0.8316625356674194,10,False,,0.864492654800415,0.7095152139663696,0.013006500001210952,34,44
calibration-task04-init03,calibration,nominal,4,3,44,0.8018835783004761,0.0,0.8018835783004761,10,False,,0.8311518430709839,0.6339501142501831,0.013322413000423694,35,45
calibration-task04-init03,calibration,nominal,4,3,45,0.7751163244247437,0.0,0.7751163244247437,10,False,,0.7991551160812378,0.5466494560241699,0.01972894800019276,36,46
calibration-task04-init03,calibration,nominal,4,3,46,0.7818411588668823,0.0,0.7818411588668823,10,False,,0.8066287040710449,0.5119826197624207,0.014481914999123546,37,47
calibration-task04-init03,calibration,nominal,4,3,47,0.8739782571792603,0.0,0.8739782571792603,10,False,,0.9150664210319519,0.5275372266769409,0.013523358000384178,38,48
calibration-task04-init03,calibration,nominal,4,3,48,0.8151242136955261,0.0,0.8151242136955261,10,False,,0.9016203880310059,0.5441646575927734,0.01410172100077034,39,49
calibration-task04-init03,calibration,nominal,4,3,49,0.7411068677902222,0.0,0.7411068677902222,10,False,,0.7986266016960144,0.4906589984893799,0.013642511999933049,40,50
calibration-task04-init03,calibration,nominal,4,3,50,0.7441515922546387,0.0,0.7441515922546387,10,False,,0.7939948439598083,0.41331931948661804,0.013171737000448047,41,51
calibration-task04-init03,calibration,nominal,4,3,51,0.689763069152832,0.0,0.689763069152832,10,False,,0.7292267084121704,0.3892870843410492,0.013355699000385357,42,52
calibration-task04-init03,calibration,nominal,4,3,52,0.695173442363739,0.0,0.695173442363739,10,False,,0.6815366148948669,0.3942362070083618,0.013292868001371971,43,53
calibration-task04-init03,calibration,nominal,4,3,53,0.6718587875366211,0.0,0.6718587875366211,10,False,,0.6318630576133728,0.3596901297569275,0.013163605000954703,44,54
calibration-task04-init03,calibration,nominal,4,3,54,0.7285143136978149,0.0,0.7285143136978149,10,False,,0.7280489802360535,0.4143335223197937,0.014615066000260413,45,55
calibration-task04-init03,calibration,nominal,4,3,55,0.6798621416091919,0.0,0.6798621416091919,10,False,,0.695244312286377,0.4181448221206665,0.013165151000066544,46,56
calibration-task04-init03,calibration,nominal,4,3,56,0.7006049156188965,0.0,0.7006049156188965,10,False,,0.7164218425750732,0.4449978768825531,0.013469392000843072,47,57
calibration-task04-init03,calibration,nominal,4,3,57,0.7564196586608887,0.0,0.7564196586608887,10,False,,0.7912667989730835,0.4902064800262451,0.013083114999972167,48,58
calibration-task04-init03,calibration,nominal,4,3,58,0.7356528043746948,0.0,0.7356528043746948,10,False,,0.7836503982543945,0.46329522132873535,0.015854579000006197,49,59
calibration-task04-init03,calibration,nominal,4,3,59,0.6494516134262085,0.0,0.6494516134262085,10,False,,0.6858479380607605,0.45489153265953064,0.0139764079995075,50,60
calibration-task04-init03,calibration,nominal,4,3,60,0.6533207297325134,0.0,0.6533207297325134,10,False,,0.6822875738143921,0.5004982352256775,0.013134871998772724,51,61
calibration-task04-init03,calibration,nominal,4,3,61,0.6082628965377808,0.0,0.6082628965377808,10,False,,0.6448265910148621,0.4472936987876892,0.013227043000370031,52,62
calibration-task04-init03,calibration,nominal,4,3,62,0.622704029083252,0.0,0.622704029083252,10,False,,0.655337929725647,0.4831697940826416,0.013378001998717082,53,63
calibration-task04-init03,calibration,nominal,4,3,63,0.6615703105926514,0.0,0.6615703105926514,10,False,,0.677562952041626,0.4464988708496094,0.013522713999918778,54,64
calibration-task04-init03,calibration,nominal,4,3,64,0.6109802722930908,0.0,0.6109802722930908,10,False,,0.6070762276649475,0.5943690538406372,0.015290778999769827,55,65
calibration-task04-init03,calibration,nominal,4,3,65,0.6578097343444824,0.0,0.6578097343444824,10,False,,0.6593936681747437,0.6961898803710938,0.01564525000139838,56,66
calibration-task04-init03,calibration,nominal,4,3,66,0.6819332838058472,0.0,0.6819332838058472,10,False,,0.6784366369247437,0.7439624667167664,0.012970190999112674,57,67
calibration-task04-init03,calibration,nominal,4,3,67,0.8561860918998718,0.0,0.8561860918998718,10,False,,0.8469656705856323,0.9336869120597839,0.015806264000275405,58,68
calibration-task04-init03,calibration,nominal,4,3,68,0.8667304515838623,0.0,0.8667304515838623,10,False,,0.8285660743713379,0.9731547236442566,0.01592979099950753,59,69
calibration-task04-init03,calibration,nominal,4,3,69,0.8589444160461426,0.0,0.8589444160461426,10,False,,0.8496572375297546,0.9242837429046631,0.013127632000760059,60,70
calibration-task04-init03,calibration,nominal,4,3,70,0.9417737722396851,0.0,0.9417737722396851,10,False,,0.9297580718994141,1.0302011966705322,0.014192946999173728,61,71
calibration-task04-init03,calibration,nominal,4,3,71,0.8914889097213745,0.0,0.8914889097213745,10,False,,0.8946157693862915,0.9443766474723816,0.01854558099876158,62,72
calibration-task04-init03,calibration,nominal,4,3,72,0.8327789306640625,0.0,0.8327789306640625,10,False,,0.8373314738273621,0.9201464653015137,0.015324093001254369,63,73
calibration-task04-init03,calibration,nominal,4,3,73,0.8250231742858887,0.0,0.8250231742858887,10,False,,0.826673686504364,0.799031674861908,0.013678991999768186,64,74
calibration-task04-init03,calibration,nominal,4,3,74,0.806026816368103,0.0,0.806026816368103,10,False,,0.7999388575553894,0.6407515406608582,0.013738608999119606,65,75
calibration-task04-init03,calibration,nominal,4,3,75,0.7812091708183289,0.0,0.7812091708183289,10,False,,0.7533254623413086,0.4639066457748413,0.014237321998734842,66,76
calibration-task04-init03,calibration,nominal,4,3,76,0.8367851972579956,0.0,0.8367851972579956,10,False,,0.8192338943481445,0.6020506620407104,0.014345612000397523,67,77
calibration-task04-init03,calibration,nominal,4,3,77,0.9829918742179871,0.0,0.9829918742179871,10,False,,1.0081524848937988,0.7752894163131714,0.015069615999891539,68,78
calibration-task04-init03,calibration,nominal,4,3,78,0.9229315519332886,0.0,0.9229315519332886,10,False,,0.9416672587394714,0.8071743845939636,0.018139847999918857,69,79
calibration-task04-init03,calibration,nominal,4,3,79,0.9833910465240479,0.0,0.9833910465240479,10,False,,1.0431511402130127,0.8573552966117859,0.01766075500017905,70,80
calibration-task04-init03,calibration,nominal,4,3,80,1.035866141319275,0.0,1.035866141319275,10,False,,1.1400761604309082,0.9074389338493347,0.017807656999139,71,81
calibration-task04-init03,calibration,nominal,4,3,81,0.9450246691703796,0.0,0.9450246691703796,10,False,,1.0412993431091309,0.9662958979606628,0.016130605999933323,72,82
calibration-task04-init03,calibration,nominal,4,3,82,0.9535953998565674,0.0,0.9535953998565674,10,False,,1.0452802181243896,1.0324811935424805,0.01513997899928654,73,83
calibration-task04-init03,calibration,nominal,4,3,83,0.9125083684921265,0.0,0.9125083684921265,10,False,,0.9648779630661011,0.8219536542892456,0.017665974999545142,74,84
calibration-task04-init03,calibration,nominal,4,3,84,0.861548900604248,0.0,0.861548900604248,10,False,,0.923975944519043,0.7222862243652344,0.015459534999536118,75,85
calibration-task04-init03,calibration,nominal,4,3,85,0.9127299785614014,0.0,0.9127299785614014,10,False,,0.9561042785644531,0.702802300453186,0.013231791999714915,76,86
calibration-task04-init03,calibration,nominal,4,3,86,0.774591326713562,0.0,0.774591326713562,10,False,,0.8128329515457153,0.5366169810295105,0.013485944000422023,77,87
calibration-task04-init03,calibration,nominal,4,3,87,0.7027665972709656,0.0,0.7027665972709656,10,False,,0.7380675077438354,0.4508907198905945,0.013806576000206405,78,88
calibration-task04-init03,calibration,nominal,4,3,88,0.6348721385002136,0.0,0.6348721385002136,10,False,,0.6789120435714722,0.37844976782798767,0.013456743999995524,79,89
calibration-task04-init03,calibration,nominal,4,3,89,0.6881296038627625,0.0,0.6881296038627625,10,False,,0.6949493288993835,0.49124154448509216,0.013325215000804747,80,90
calibration-task04-init03,calibration,motion_attenuation_0p5,4,3,9,0.5736910700798035,0.0,0.5736910700798035,10,False,50,0.5569175481796265,0.5691460967063904,0.01425366799958283,0,10
calibration-task04-init03,calibration,motion_attenuation_0p5,4,3,10,0.5756955146789551,0.0,0.5756955146789551,10,False,50,0.5986374616622925,0.5706316828727722,0.014873885000270093,1,11
calibration-task04-init03,calibration,motion_attenuation_0p5,4,3,11,0.6076233386993408,0.0,0.6076233386993408,10,False,50,0.6129211187362671,0.6812223196029663,0.014099252999585588,2,12
calibration-task04-init03,calibration,motion_attenuation_0p5,4,3,12,0.6378273963928223,0.0,0.6378273963928223,10,False,50,0.6555477380752563,0.7413319945335388,0.014683202000014717,3,13
calibration-task04-init03,calibration,motion_attenuation_0p5,4,3,13,0.7404417991638184,0.0,0.7404417991638184,10,False,50,0.8156337141990662,0.9731923937797546,0.01554526700056158,4,14
calibration-task04-init03,calibration,motion_attenuation_0p5,4,3,14,0.6867626905441284,0.0,0.6867626905441284,10,False,50,0.7861983180046082,1.0276663303375244,0.013762709000729956,5,15
calibration-task04-init03,calibration,motion_attenuation_0p5,4,3,15,0.68803870677948,0.0,0.68803870677948,10,False,50,0.8617894053459167,1.20014226436615,0.014551491000020178,6,16
calibration-task04-init03,calibration,motion_attenuation_0p5,4,3,16,0.7999310493469238,0.0,0.7999310493469238,10,False,50,0.8502151370048523,1.3037760257720947,0.015159522999965702,7,17
calibration-task04-init03,calibration,motion_attenuation_0p5,4,3,17,0.8018142580986023,0.0,0.8018142580986023,10,False,50,0.8663153648376465,1.3994420766830444,0.022203855000043404,8,18
calibration-task04-init03,calibration,motion_attenuation_0p5,4,3,18,0.7800869345664978,0.0,0.7800869345664978,10,False,50,0.78477942943573,1.2910737991333008,0.014225102999262162,9,19
calibration-task04-init03,calibration,motion_attenuation_0p5,4,3,19,0.6441888213157654,0.0,0.6441888213157654,10,False,50,0.6585915088653564,1.2416051626205444,0.013946868999482831,10,20
calibration-task04-init03,calibration,motion_attenuation_0p5,4,3,20,0.7466367483139038,0.0,0.7466367483139038,10,False,50,0.7295855283737183,1.202606201171875,0.015720909001174732,11,21
calibration-task04-init03,calibration,motion_attenuation_0p5,4,3,21,0.6460618376731873,0.0,0.6460618376731873,10,False,50,0.6396018266677856,1.1058319807052612,0.015730357001302764,12,22
calibration-task04-init03,calibration,motion_attenuation_0p5,4,3,22,0.7663511037826538,0.0,0.7663511037826538,10,False,50,0.7524322271347046,1.0773236751556396,0.014085982000324293,13,23
calibration-task04-init03,calibration,motion_attenuation_0p5,4,3,23,0.7881336212158203,0.0,0.7881336212158203,10,False,50,0.7885259389877319,1.108957290649414,0.014650564000476152,14,24
calibration-task04-init03,calibration,motion_attenuation_0p5,4,3,24,0.8141984343528748,0.0,0.8141984343528748,10,False,50,0.8168133497238159,1.146100401878357,0.014067854999666451,15,25
calibration-task04-init03,calibration,motion_attenuation_0p5,4,3,25,0.7581238746643066,0.0,0.7581238746643066,10,False,50,0.7429603338241577,1.0495691299438477,0.013704851999136736,16,26
calibration-task04-init03,calibration,motion_attenuation_0p5,4,3,26,0.7266871333122253,0.0,0.7266871333122253,10,False,50,0.7419840097427368,1.1243035793304443,0.014857968999422155,17,27
calibration-task04-init03,calibration,motion_attenuation_0p5,4,3,27,0.7261499166488647,0.0,0.7261499166488647,10,False,50,0.7704367637634277,1.1723073720932007,0.01443319700047141,18,28
calibration-task04-init03,calibration,motion_attenuation_0p5,4,3,28,0.7618019580841064,0.0,0.7618019580841064,10,False,50,0.8479213714599609,1.216289758682251,0.01617031100067834,19,29
calibration-task04-init03,calibration,motion_attenuation_0p5,4,3,29,0.8365368843078613,0.0,0.8365368843078613,10,False,50,0.8322807550430298,1.2647572755813599,0.013625048000903917,20,30
calibration-task04-init03,calibration,motion_attenuation_0p5,4,3,30,0.7797054648399353,0.0,0.7797054648399353,10,False,50,0.8038442134857178,1.3349924087524414,0.013920399998823996,21,31
calibration-task04-init03,calibration,motion_attenuation_0p5,4,3,31,0.8937348127365112,0.0,0.8937348127365112,10,False,50,0.9018545150756836,1.3875707387924194,0.016197664001083467,22,32
calibration-task04-init03,calibration,motion_attenuation_0p5,4,3,32,0.8021833300590515,0.0,0.8021833300590515,10,False,50,0.7791008353233337,1.3580502271652222,0.015666487999624223,23,33
calibration-task04-init03,calibration,motion_attenuation_0p5,4,3,33,0.927446722984314,0.0,0.927446722984314,10,False,50,0.8823778033256531,1.315298318862915,0.016812453000966343,24,34
calibration-task04-init03,calibration,motion_attenuation_0p5,4,3,34,0.95744389295578,0.0,0.95744389295578,10,False,50,0.923968493938446,1.360715627670288,0.01488978599991242,25,35
calibration-task04-init03,calibration,motion_attenuation_0p5,4,3,35,0.8206506967544556,0.0,0.8206506967544556,10,False,50,0.818809986114502,1.1397533416748047,0.01620103799905337,26,36
calibration-task04-init03,calibration,motion_attenuation_0p5,4,3,36,0.8167291879653931,0.0,0.8167291879653931,10,False,50,0.7823315858840942,1.0506218671798706,0.015541011998720933,27,37
calibration-task04-init03,calibration,motion_attenuation_0p5,4,3,37,0.7673214673995972,0.0,0.7673214673995972,10,False,50,0.7546023726463318,0.9135618209838867,0.014857430998745258,28,38
calibration-task04-init03,calibration,motion_attenuation_0p5,4,3,38,0.8467761278152466,0.0,0.8467761278152466,10,False,50,0.7947866320610046,0.9136673808097839,0.015035743001135415,29,39
calibration-task04-init03,calibration,motion_attenuation_0p5,4,3,39,0.7681135535240173,0.0,0.7681135535240173,10,False,50,0.7366805076599121,0.806425929069519,0.014511437999317423,30,40
calibration-task04-init03,calibration,motion_attenuation_0p5,4,3,40,0.8262245059013367,0.0,0.8262245059013367,10,False,50,0.7778164148330688,0.7154121398925781,0.014131838999674073,31,41
calibration-task04-init03,calibration,motion_attenuation_0p5,4,3,41,0.8149377703666687,0.0,0.8149377703666687,10,False,50,0.7765941619873047,0.7332643866539001,0.015848228000322706,32,42
calibration-task04-init03,calibration,motion_attenuation_0p5,4,3,42,0.8064262270927429,0.0,0.8064262270927429,10,False,50,0.8081833720207214,0.6820396184921265,0.01392446300087613,33,43
calibration-task04-init03,calibration,motion_attenuation_0p5,4,3,43,0.8316625356674194,0.0,0.8316625356674194,10,False,50,0.864492654800415,0.7095152139663696,0.013756450000073528,34,44
calibration-task04-init03,calibration,motion_attenuation_0p5,4,3,44,0.8018835783004761,0.0,0.8018835783004761,10,False,50,0.8311518430709839,0.6339501142501831,0.014670720998765319,35,45
calibration-task04-init03,calibration,motion_attenuation_0p5,4,3,45,0.7751163244247437,0.0,0.7751163244247437,10,False,50,0.7991551160812378,0.5466494560241699,0.025408929999684915,36,46
calibration-task04-init03,calibration,motion_attenuation_0p5,4,3,46,0.7818411588668823,0.0,0.7818411588668823,10,False,50,0.8066287040710449,0.5119826197624207,0.014854349001325318,37,47
calibration-task04-init03,calibration,motion_attenuation_0p5,4,3,47,0.8739782571792603,0.0,0.8739782571792603,10,False,50,0.9150664210319519,0.5275372266769409,0.015273704999344773,38,48
calibration-task04-init03,calibration,motion_attenuation_0p5,4,3,48,0.8151242136955261,0.0,0.8151242136955261,10,False,50,0.9016203880310059,0.5441646575927734,0.014166307000778033,39,49
calibration-task04-init03,calibration,motion_attenuation_0p5,4,3,49,0.7411068677902222,0.0,0.7411068677902222,10,False,50,0.7986266016960144,0.4906589984893799,0.015023170999484137,40,50
calibration-task04-init03,calibration,motion_attenuation_0p5,4,3,50,0.753128707408905,0.016713440418243408,0.7364152669906616,10,True,50,0.8055295348167419,0.4010229706764221,0.01569240500066371,41,51
calibration-task04-init03,calibration,motion_attenuation_0p5,4,3,51,0.6661702990531921,0.02298825979232788,0.6431820392608643,10,True,50,0.7107750773429871,0.3723207116127014,0.017611097999179037,42,52
calibration-task04-init03,calibration,motion_attenuation_0p5,4,3,52,0.6453789472579956,0.031926095485687256,0.6134528517723083,10,True,50,0.6432706713676453,0.27418094873428345,0.014297879999503493,43,53
calibration-task04-init03,calibration,motion_attenuation_0p5,4,3,53,0.593445897102356,0.030926644802093506,0.5625192523002625,10,True,50,0.5670509338378906,0.25791770219802856,0.016762856999775977,44,54
calibration-task04-init03,calibration,motion_attenuation_0p5,4,3,54,0.6544504165649414,0.04062008857727051,0.6138303279876709,10,True,50,0.6605877876281738,0.335397332906723,0.030093549999946845,45,55
calibration-task04-init03,calibration,motion_attenuation_0p5,4,3,55,0.5914261341094971,0.028027832508087158,0.5633983016014099,10,True,50,0.6125516891479492,0.31105872988700867,0.016631841999696917,46,56
calibration-task04-init03,calibration,motion_attenuation_0p5,4,3,56,0.602752685546875,0.014675676822662354,0.5880770087242126,10,True,50,0.6155866980552673,0.35947155952453613,0.016220923000219045,47,57
calibration-task04-init03,calibration,motion_attenuation_0p5,4,3,57,0.6052731275558472,0.009720087051391602,0.5955530405044556,10,True,50,0.638127326965332,0.3644479215145111,0.014033778999873903,48,58
calibration-task04-init03,calibration,motion_attenuation_0p5,4,3,58,0.6373178958892822,0.009701967239379883,0.6276159286499023,10,True,50,0.6961948275566101,0.390324205160141,0.013618163000501227,49,59
calibration-task04-init03,calibration,motion_attenuation_0p5,4,3,59,0.6163558959960938,0.0019119977951049805,0.6144438982009888,10,True,50,0.6670963764190674,0.4153493642807007,0.015357403999587405,50,60
calibration-task04-init03,calibration,motion_attenuation_0p5,4,3,60,0.6549791097640991,-0.009374737739562988,0.6643538475036621,10,True,50,0.7003418803215027,0.4262588918209076,0.013862784999219002,51,61
calibration-task04-init03,calibration,motion_attenuation_0p5,4,3,61,0.6290788650512695,-0.013580918312072754,0.6426597833633423,10,True,50,0.6846703290939331,0.4421507716178894,0.014419514000110212,52,62
calibration-task04-init03,calibration,motion_attenuation_0p5,4,3,62,0.6002070307731628,-0.0161893367767334,0.6163963675498962,10,True,50,0.650248646736145,0.41721317172050476,0.014204508001057548,53,63
calibration-task04-init03,calibration,motion_attenuation_0p5,4,3,63,0.5969116687774658,-0.009329557418823242,0.6062412261962891,10,True,50,0.652601957321167,0.4194065034389496,0.014972041999499197,54,64
calibration-task04-init03,calibration,motion_attenuation_0p5,4,3,64,0.5680527687072754,-0.00906074047088623,0.5771135091781616,10,True,50,0.6029090881347656,0.39251160621643066,0.015427195001393557,55,65
calibration-task04-init03,calibration,motion_attenuation_0p5,4,3,65,0.5844166874885559,-0.0010227560997009277,0.5854394435882568,10,True,50,0.6070303916931152,0.36722081899642944,0.014075508999667363,56,66
calibration-task04-init03,calibration,motion_attenuation_0p5,4,3,66,0.583244800567627,0.006856381893157959,0.576388418674469,10,True,50,0.6024956703186035,0.3286670744419098,0.013729809999858844,57,67
calibration-task04-init03,calibration,motion_attenuation_0p5,4,3,67,0.570734441280365,0.025520503520965576,0.5452139377593994,10,True,50,0.5763384103775024,0.3004571795463562,0.01342594800007646,58,68
calibration-task04-init03,calibration,motion_attenuation_0p5,4,3,68,0.6125603914260864,0.03046286106109619,0.5820975303649902,10,True,50,0.6089399456977844,0.3549128770828247,0.01336442200044985,59,69
calibration-task04-init03,calibration,motion_attenuation_0p5,4,3,69,0.5917099118232727,0.03613048791885376,0.555579423904419,10,True,50,0.5721843242645264,0.37432289123535156,0.014653909000116982,60,70
calibration-task04-init03,calibration,motion_attenuation_0p5,4,3,70,0.6418594121932983,0.044650912284851074,0.5972084999084473,10,True,50,0.6391913890838623,0.4243454933166504,0.01335513699996227,61,71
calibration-task04-init03,calibration,motion_attenuation_0p5,4,3,71,0.675062358379364,0.07184791564941406,0.60321444272995,10,True,50,0.6688792705535889,0.40003523230552673,0.01501178400030767,62,72
calibration-task04-init03,calibration,motion_attenuation_0p5,4,3,72,0.6498144865036011,0.07670754194259644,0.5731069445610046,10,True,50,0.6434499621391296,0.4736671447753906,0.014826269998593489,63,73
calibration-task04-init03,calibration,motion_attenuation_0p5,4,3,73,0.6439229249954224,0.05190497636795044,0.5920179486274719,10,True,50,0.6680719256401062,0.5453813076019287,0.019736131000172463,64,74
calibration-task04-init03,calibration,motion_attenuation_0p5,4,3,74,0.6715588569641113,0.06123924255371094,0.6103196144104004,10,True,50,0.6765667200088501,0.47347742319107056,0.014079807999223704,65,75
calibration-task04-init03,calibration,motion_attenuation_0p5,4,3,75,0.638072669506073,0.05958443880081177,0.5784882307052612,10,True,50,0.6472615003585815,0.4706273078918457,0.01442634099839779,66,76
calibration-task04-init03,calibration,motion_attenuation_0p5,4,3,76,0.7061758041381836,0.045108675956726074,0.6610671281814575,10,True,50,0.6650316119194031,0.44660836458206177,0.014450438000494614,67,77
calibration-task04-init03,calibration,motion_attenuation_0p5,4,3,77,0.6650534868240356,0.03652888536453247,0.6285246014595032,10,True,50,0.648055911064148,0.41627293825149536,0.0156794689992239,68,78
calibration-task04-init03,calibration,motion_attenuation_0p5,4,3,78,0.6739213466644287,0.036954522132873535,0.6369668245315552,10,True,50,0.6632959246635437,0.405110239982605,0.016210746000069776,69,79
calibration-task04-init03,calibration,motion_attenuation_0p5,4,3,79,0.6224657297134399,0.024495244026184082,0.5979704856872559,10,True,50,0.624343991279602,0.3647701144218445,0.01614873600010469,70,80
calibration-task04-init03,calibration,motion_attenuation_0p5,4,3,80,0.6173204779624939,0.014730215072631836,0.6025902628898621,10,True,50,0.6459012031555176,0.39520758390426636,0.013857564999852912,71,81
calibration-task04-init03,calibration,motion_attenuation_0p5,4,3,81,0.6650003790855408,0.01915806531906128,0.6458423137664795,10,True,50,0.6816515326499939,0.37539371848106384,0.015190993999567581,72,82
calibration-task04-init03,calibration,motion_attenuation_0p5,4,3,82,0.7109219431877136,0.009027481079101562,0.7018944621086121,10,True,50,0.7327849268913269,0.48932084441185,0.01611927300109528,73,83
calibration-task04-init03,calibration,motion_attenuation_0p5,4,3,83,0.7107380628585815,-0.00237882137298584,0.7131168842315674,10,True,50,0.7168467044830322,0.49532032012939453,0.016192628001590492,74,84
calibration-task04-init03,calibration,motion_attenuation_0p5,4,3,84,0.8290925025939941,-0.003204345703125,0.8322968482971191,10,True,50,0.7978212833404541,0.6015329360961914,0.016127595001307782,75,85
calibration-task04-init03,calibration,motion_attenuation_0p5,4,3,85,0.6732335090637207,-0.0031986236572265625,0.6764321327209473,10,True,50,0.6981317400932312,0.4853949546813965,0.024955315000624978,76,86
calibration-task04-init03,calibration,motion_attenuation_0p5,4,3,86,0.7105144262313843,0.018924713134765625,0.6915897130966187,10,True,50,0.7313131093978882,0.427169531583786,0.01727699399998528,77,87
calibration-task04-init03,calibration,motion_attenuation_0p5,4,3,87,0.8206145167350769,-0.015286147594451904,0.8359006643295288,10,True,50,0.8435829877853394,0.5401380062103271,0.017287990000113496,78,88
calibration-task04-init03,calibration,motion_attenuation_0p5,4,3,88,0.8675910830497742,0.012229681015014648,0.8553614020347595,10,True,50,0.8398115038871765,0.543371856212616,0.01888715399945795,79,89
calibration-task04-init03,calibration,motion_attenuation_0p5,4,3,89,0.888027548789978,0.010487496852874756,0.8775400519371033,10,True,50,0.847385585308075,0.5756928324699402,0.021209540000199922,80,90
calibration-task04-init13,calibration,nominal,4,13,9,0.5681912899017334,0.0,0.5681912899017334,10,False,,0.596319317817688,0.6472340822219849,0.013731221999478294,0,10
calibration-task04-init13,calibration,nominal,4,13,10,0.6776008605957031,0.0,0.6776008605957031,10,False,,0.6894978284835815,0.7247990369796753,0.014216814999599592,1,11
calibration-task04-init13,calibration,nominal,4,13,11,0.6910903453826904,0.0,0.6910903453826904,10,False,,0.728331446647644,0.8378257751464844,0.013966147998871747,2,12
calibration-task04-init13,calibration,nominal,4,13,12,0.7176048755645752,0.0,0.7176048755645752,10,False,,0.7675656676292419,0.9756617546081543,0.013637566000397783,3,13
calibration-task04-init13,calibration,nominal,4,13,13,0.7479666471481323,0.0,0.7479666471481323,10,False,,0.8579437732696533,1.1730068922042847,0.015350539999417379,4,14
calibration-task04-init13,calibration,nominal,4,13,14,0.7775373458862305,0.0,0.7775373458862305,10,False,,0.9897964000701904,1.4168548583984375,0.014107519000390312,5,15
calibration-task04-init13,calibration,nominal,4,13,15,0.83360755443573,0.0,0.83360755443573,10,False,,0.9900916814804077,1.4748934507369995,0.014607353001338197,6,16
calibration-task04-init13,calibration,nominal,4,13,16,0.8189228773117065,0.0,0.8189228773117065,10,False,,0.9548799395561218,1.4986112117767334,0.015480776999538648,7,17
calibration-task04-init13,calibration,nominal,4,13,17,0.7595797777175903,0.0,0.7595797777175903,10,False,,0.8765379786491394,1.5365796089172363,0.01569967499926861,8,18
calibration-task04-init13,calibration,nominal,4,13,18,0.6942546367645264,0.0,0.6942546367645264,10,False,,0.6961935758590698,1.3140413761138916,0.013876557000912726,9,19
calibration-task04-init13,calibration,nominal,4,13,19,0.6474360227584839,0.0,0.6474360227584839,10,False,,0.642814576625824,1.164477825164795,0.013442805999147822,10,20
calibration-task04-init13,calibration,nominal,4,13,20,0.6365321278572083,0.0,0.6365321278572083,10,False,,0.6549962759017944,1.1305971145629883,0.015468804000192904,11,21
calibration-task04-init13,calibration,nominal,4,13,21,0.7858972549438477,0.0,0.7858972549438477,10,False,,0.754081130027771,1.116227388381958,0.014600688000427908,12,22
calibration-task04-init13,calibration,nominal,4,13,22,0.7557031512260437,0.0,0.7557031512260437,10,False,,0.7563670873641968,1.1065149307250977,0.01821631400162005,13,23
calibration-task04-init13,calibration,nominal,4,13,23,0.7443842887878418,0.0,0.7443842887878418,10,False,,0.7760834097862244,1.1705341339111328,0.013513694000721443,14,24
calibration-task04-init13,calibration,nominal,4,13,24,0.6987318992614746,0.0,0.6987318992614746,10,False,,0.7134338617324829,1.1608972549438477,0.014986350000981474,15,25
calibration-task04-init13,calibration,nominal,4,13,25,0.6537746787071228,0.0,0.6537746787071228,10,False,,0.6967071890830994,1.1556496620178223,0.01589912099916546,16,26
calibration-task04-init13,calibration,nominal,4,13,26,0.7186025381088257,0.0,0.7186025381088257,10,False,,0.7825314402580261,1.2547998428344727,0.015933284001221182,17,27
calibration-task04-init13,calibration,nominal,4,13,27,0.7339116930961609,0.0,0.7339116930961609,10,False,,0.7729593515396118,1.297851324081421,0.013210080000135349,18,28
calibration-task04-init13,calibration,nominal,4,13,28,0.83274906873703,0.0,0.83274906873703,10,False,,0.8643350601196289,1.2972759008407593,0.014850433999527013,19,29
calibration-task04-init13,calibration,nominal,4,13,29,0.7873079180717468,0.0,0.7873079180717468,10,False,,0.8156058192253113,1.3734983205795288,0.014369360000273446,20,30
calibration-task04-init13,calibration,nominal,4,13,30,0.8840082883834839,0.0,0.8840082883834839,10,False,,0.8609163165092468,1.4144222736358643,0.015407073999085696,21,31
calibration-task04-init13,calibration,nominal,4,13,31,0.8664054870605469,0.0,0.8664054870605469,10,False,,0.8683713674545288,1.512558937072754,0.014102616998570738,22,32
calibration-task04-init13,calibration,nominal,4,13,32,0.8095209002494812,0.0,0.8095209002494812,10,False,,0.8195391893386841,1.432350993156433,0.015420996998727787,23,33
calibration-task04-init13,calibration,nominal,4,13,33,0.8382949233055115,0.0,0.8382949233055115,10,False,,0.8540107011795044,1.3431940078735352,0.013099949999741511,24,34
calibration-task04-init13,calibration,nominal,4,13,34,0.7964152097702026,0.0,0.7964152097702026,10,False,,0.7944523692131042,1.2919995784759521,0.015010224000434391,25,35
calibration-task04-init13,calibration,nominal,4,13,35,0.7696825861930847,0.0,0.7696825861930847,10,False,,0.7361619472503662,1.1075348854064941,0.01378102799935732,26,36
calibration-task04-init13,calibration,nominal,4,13,36,0.8214312791824341,0.0,0.8214312791824341,10,False,,0.7841520309448242,1.0137932300567627,0.015497327000048244,27,37
calibration-task04-init13,calibration,nominal,4,13,37,0.7270549535751343,0.0,0.7270549535751343,10,False,,0.7114869952201843,0.9769530296325684,0.01489694799965946,28,38
calibration-task04-init13,calibration,nominal,4,13,38,0.6861039996147156,0.0,0.6861039996147156,10,False,,0.6894152164459229,0.90776526927948,0.013469400999383652,29,39
calibration-task04-init13,calibration,nominal,4,13,39,0.7060419917106628,0.0,0.7060419917106628,10,False,,0.7224056124687195,0.9454359412193298,0.020577596000293852,30,40
calibration-task04-init13,calibration,nominal,4,13,40,0.6696443557739258,0.0,0.6696443557739258,10,False,,0.6889280676841736,0.8412526845932007,0.0139838030008832,31,41
calibration-task04-init13,calibration,nominal,4,13,41,0.7337754964828491,0.0,0.7337754964828491,10,False,,0.7243063449859619,0.83487868309021,0.013621183999930508,32,42
calibration-task04-init13,calibration,nominal,4,13,42,0.7234644889831543,0.0,0.7234644889831543,10,False,,0.7123154401779175,0.8519988059997559,0.01622791899899312,33,43
calibration-task04-init13,calibration,nominal,4,13,43,0.7012314200401306,0.0,0.7012314200401306,10,False,,0.6701235771179199,0.8290390372276306,0.013236572000096203,34,44
calibration-task04-init13,calibration,nominal,4,13,44,0.757594108581543,0.0,0.757594108581543,10,False,,0.7335638999938965,1.0765303373336792,0.013728928999626078,35,45
calibration-task04-init13,calibration,nominal,4,13,45,0.7895172834396362,0.0,0.7895172834396362,10,False,,0.7474721670150757,1.1543692350387573,0.014257943999837153,36,46
calibration-task04-init13,calibration,nominal,4,13,46,0.8573071956634521,0.0,0.8573071956634521,10,False,,0.7970506548881531,1.1809074878692627,0.013920321998739382,37,47
calibration-task04-init13,calibration,nominal,4,13,47,0.919635534286499,0.0,0.919635534286499,10,False,,0.8675599098205566,1.3272297382354736,0.01364852400001837,38,48
calibration-task04-init13,calibration,nominal,4,13,48,0.9777424335479736,0.0,0.9777424335479736,10,False,,0.933434009552002,1.276963472366333,0.020524325000224053,39,49
calibration-task04-init13,calibration,nominal,4,13,49,1.0261216163635254,0.0,1.0261216163635254,10,False,,0.9476960897445679,1.4039306640625,0.01480369800083281,40,50
calibration-task04-init13,calibration,nominal,4,13,50,1.1040096282958984,0.0,1.1040096282958984,10,False,,1.0084198713302612,1.5338977575302124,0.015935620000163908,41,51
calibration-task04-init13,calibration,nominal,4,13,51,1.262997031211853,0.0,1.262997031211853,10,False,,1.2099394798278809,1.6960008144378662,0.015688969000621,42,52
calibration-task04-init13,calibration,nominal,4,13,52,1.2121132612228394,0.0,1.2121132612228394,10,False,,1.1290433406829834,1.598803997039795,0.016757140998379327,43,53
calibration-task04-init13,calibration,nominal,4,13,53,1.1683815717697144,0.0,1.1683815717697144,10,False,,1.1055333614349365,1.4508028030395508,0.018431243999657454,44,54
calibration-task04-init13,calibration,nominal,4,13,54,1.0730841159820557,0.0,1.0730841159820557,10,False,,1.0663580894470215,1.317811369895935,0.014922337000825792,45,55
calibration-task04-init13,calibration,nominal,4,13,55,1.0540947914123535,0.0,1.0540947914123535,10,False,,1.001911997795105,1.3427600860595703,0.01384528800008411,46,56
calibration-task04-init13,calibration,nominal,4,13,56,1.0089434385299683,0.0,1.0089434385299683,10,False,,1.0200092792510986,1.1752142906188965,0.018341891000090982,47,57
calibration-task04-init13,calibration,nominal,4,13,57,0.8130152225494385,0.0,0.8130152225494385,10,False,,0.8359343409538269,0.749163806438446,0.018480962000467116,48,58
calibration-task04-init13,calibration,nominal,4,13,58,0.7976424098014832,0.0,0.7976424098014832,10,False,,0.8688011169433594,0.7626466751098633,0.016473526000481797,49,59
calibration-task04-init13,calibration,nominal,4,13,59,0.6833803057670593,0.0,0.6833803057670593,10,False,,0.729526698589325,0.5463247299194336,0.014521281000270392,50,60
calibration-task04-init13,calibration,nominal,4,13,60,0.7107744216918945,0.0,0.7107744216918945,10,False,,0.7360889911651611,0.5844626426696777,0.017299802999332314,51,61
calibration-task04-init13,calibration,nominal,4,13,61,0.7230952978134155,0.0,0.7230952978134155,10,False,,0.7281605005264282,0.7698858976364136,0.013560416000473197,52,62
calibration-task04-init13,calibration,nominal,4,13,62,0.7883701324462891,0.0,0.7883701324462891,10,False,,0.8214451670646667,0.9565014839172363,0.01598075699985202,53,63
calibration-task04-init13,calibration,nominal,4,13,63,0.8257616758346558,0.0,0.8257616758346558,10,False,,0.8078488707542419,1.0897512435913086,0.01731208199998946,54,64
calibration-task04-init13,calibration,nominal,4,13,64,0.7710251808166504,0.0,0.7710251808166504,10,False,,0.7957791686058044,1.115647554397583,0.015505067000049166,55,65
calibration-task04-init13,calibration,nominal,4,13,65,0.8527624011039734,0.0,0.8527624011039734,10,False,,0.8427432775497437,1.3154511451721191,0.015344031999120489,56,66
calibration-task04-init13,calibration,nominal,4,13,66,0.9458529353141785,0.0,0.9458529353141785,10,False,,0.9149401187896729,1.506986379623413,0.013734656999076833,57,67
calibration-task04-init13,calibration,nominal,4,13,67,0.8870071172714233,0.0,0.8870071172714233,10,False,,0.879706084728241,1.3472379446029663,0.013890815000195289,58,68
calibration-task04-init13,calibration,nominal,4,13,68,0.9018391966819763,0.0,0.9018391966819763,10,False,,0.8460448980331421,1.415861964225769,0.013492762000169023,59,69
calibration-task04-init13,calibration,nominal,4,13,69,0.9004092216491699,0.0,0.9004092216491699,10,False,,0.888583779335022,1.238673448562622,0.013437952999083791,60,70
calibration-task04-init13,calibration,nominal,4,13,70,0.8385334014892578,0.0,0.8385334014892578,10,False,,0.8087088465690613,1.3363956212997437,0.018719620999036124,61,71
calibration-task04-init13,calibration,nominal,4,13,71,0.8495334386825562,0.0,0.8495334386825562,10,False,,0.8116670846939087,1.3216365575790405,0.016815611999845714,62,72
calibration-task04-init13,calibration,nominal,4,13,72,0.8235630989074707,0.0,0.8235630989074707,10,False,,0.9103626012802124,1.384494662284851,0.015509550001297612,63,73
calibration-task04-init13,calibration,nominal,4,13,73,0.717322826385498,0.0,0.717322826385498,10,False,,0.7329184412956238,1.2963160276412964,0.016367367999919225,64,74
calibration-task04-init13,calibration,nominal,4,13,74,0.6513830423355103,0.0,0.6513830423355103,10,False,,0.6443638205528259,1.1382150650024414,0.014419835999433417,65,75
calibration-task04-init13,calibration,nominal,4,13,75,0.6590391993522644,0.0,0.6590391993522644,10,False,,0.6406887173652649,0.9569308161735535,0.01317604200085043,66,76
calibration-task04-init13,calibration,nominal,4,13,76,0.5930091738700867,0.0,0.5930091738700867,10,False,,0.595376193523407,0.94230717420578,0.014621031999922707,67,77
calibration-task04-init13,calibration,nominal,4,13,77,0.6772326231002808,0.0,0.6772326231002808,10,False,,0.672204852104187,0.919497013092041,0.014747556000656914,68,78
calibration-task04-init13,calibration,nominal,4,13,78,0.7317830920219421,0.0,0.7317830920219421,10,False,,0.7413283586502075,0.9212826490402222,0.014240676000554231,69,79
calibration-task04-init13,calibration,nominal,4,13,79,0.7805770635604858,0.0,0.7805770635604858,10,False,,0.7939512133598328,1.0029277801513672,0.013594877000286942,70,80
calibration-task04-init13,calibration,nominal,4,13,80,0.7814332246780396,0.0,0.7814332246780396,10,False,,0.7917689085006714,0.969230055809021,0.013407947000814602,71,81
calibration-task04-init13,calibration,nominal,4,13,81,0.7611557841300964,0.0,0.7611557841300964,10,False,,0.7980836629867554,0.9750568866729736,0.014204486999005894,72,82
calibration-task04-init13,calibration,nominal,4,13,82,0.875749945640564,0.0,0.875749945640564,10,False,,0.9055802226066589,1.0780524015426636,0.015840149999348796,73,83
calibration-task04-init13,calibration,nominal,4,13,83,0.8261045813560486,0.0,0.8261045813560486,10,False,,0.8448858261108398,1.0607608556747437,0.013358211999729974,74,84
calibration-task04-init13,calibration,nominal,4,13,84,0.7824575304985046,0.0,0.7824575304985046,10,False,,0.7951006889343262,1.0055289268493652,0.0150323150010081,75,85
calibration-task04-init13,calibration,nominal,4,13,85,0.7737509608268738,0.0,0.7737509608268738,10,False,,0.7777770757675171,1.0633842945098877,0.015391680000902852,76,86
calibration-task04-init13,calibration,nominal,4,13,86,0.7271000742912292,0.0,0.7271000742912292,10,False,,0.7248086929321289,0.9919836521148682,0.013525524000215228,77,87
calibration-task04-init13,calibration,nominal,4,13,87,0.6878643035888672,0.0,0.6878643035888672,10,False,,0.6793383955955505,0.929862916469574,0.014909081999576301,78,88
calibration-task04-init13,calibration,nominal,4,13,88,0.6842344999313354,0.0,0.6842344999313354,10,False,,0.6853610873222351,0.8790820837020874,0.013694248998945113,79,89
calibration-task04-init13,calibration,nominal,4,13,89,0.648966372013092,0.0,0.648966372013092,10,False,,0.6442520022392273,0.7573031783103943,0.013639939999848139,80,90
calibration-task04-init13,calibration,motion_attenuation_0p5,4,13,9,0.5681912899017334,0.0,0.5681912899017334,10,False,50,0.596319317817688,0.6472340822219849,0.013854316999641014,0,10
calibration-task04-init13,calibration,motion_attenuation_0p5,4,13,10,0.6776008605957031,0.0,0.6776008605957031,10,False,50,0.6894978284835815,0.7247990369796753,0.013014207999731298,1,11
calibration-task04-init13,calibration,motion_attenuation_0p5,4,13,11,0.6910903453826904,0.0,0.6910903453826904,10,False,50,0.728331446647644,0.8378257751464844,0.013893739000195637,2,12
calibration-task04-init13,calibration,motion_attenuation_0p5,4,13,12,0.7176048755645752,0.0,0.7176048755645752,10,False,50,0.7675656676292419,0.9756617546081543,0.013350584000363597,3,13
calibration-task04-init13,calibration,motion_attenuation_0p5,4,13,13,0.7479666471481323,0.0,0.7479666471481323,10,False,50,0.8579437732696533,1.1730068922042847,0.01504808800018509,4,14
calibration-task04-init13,calibration,motion_attenuation_0p5,4,13,14,0.7775373458862305,0.0,0.7775373458862305,10,False,50,0.9897964000701904,1.4168548583984375,0.017695817001367686,5,15
calibration-task04-init13,calibration,motion_attenuation_0p5,4,13,15,0.83360755443573,0.0,0.83360755443573,10,False,50,0.9900916814804077,1.4748934507369995,0.024094909998893854,6,16
calibration-task04-init13,calibration,motion_attenuation_0p5,4,13,16,0.8189228773117065,0.0,0.8189228773117065,10,False,50,0.9548799395561218,1.4986112117767334,0.01715503000013996,7,17
calibration-task04-init13,calibration,motion_attenuation_0p5,4,13,17,0.7595797777175903,0.0,0.7595797777175903,10,False,50,0.8765379786491394,1.5365796089172363,0.01736081199851469,8,18
calibration-task04-init13,calibration,motion_attenuation_0p5,4,13,18,0.6942546367645264,0.0,0.6942546367645264,10,False,50,0.6961935758590698,1.3140413761138916,0.016887763998965966,9,19
calibration-task04-init13,calibration,motion_attenuation_0p5,4,13,19,0.6474360227584839,0.0,0.6474360227584839,10,False,50,0.642814576625824,1.164477825164795,0.014420270001210156,10,20
calibration-task04-init13,calibration,motion_attenuation_0p5,4,13,20,0.6365321278572083,0.0,0.6365321278572083,10,False,50,0.6549962759017944,1.1305971145629883,0.015235282000503503,11,21
calibration-task04-init13,calibration,motion_attenuation_0p5,4,13,21,0.7858972549438477,0.0,0.7858972549438477,10,False,50,0.754081130027771,1.116227388381958,0.013178687999243266,12,22
calibration-task04-init13,calibration,motion_attenuation_0p5,4,13,22,0.7557031512260437,0.0,0.7557031512260437,10,False,50,0.7563670873641968,1.1065149307250977,0.013514891999875545,13,23
calibration-task04-init13,calibration,motion_attenuation_0p5,4,13,23,0.7443842887878418,0.0,0.7443842887878418,10,False,50,0.7760834097862244,1.1705341339111328,0.014307123999969917,14,24
calibration-task04-init13,calibration,motion_attenuation_0p5,4,13,24,0.6987318992614746,0.0,0.6987318992614746,10,False,50,0.7134338617324829,1.1608972549438477,0.01609067900062655,15,25
calibration-task04-init13,calibration,motion_attenuation_0p5,4,13,25,0.6537746787071228,0.0,0.6537746787071228,10,False,50,0.6967071890830994,1.1556496620178223,0.017045350999978837,16,26
calibration-task04-init13,calibration,motion_attenuation_0p5,4,13,26,0.7186025381088257,0.0,0.7186025381088257,10,False,50,0.7825314402580261,1.2547998428344727,0.013039714000115055,17,27
calibration-task04-init13,calibration,motion_attenuation_0p5,4,13,27,0.7339116930961609,0.0,0.7339116930961609,10,False,50,0.7729593515396118,1.297851324081421,0.014079368000238901,18,28
calibration-task04-init13,calibration,motion_attenuation_0p5,4,13,28,0.83274906873703,0.0,0.83274906873703,10,False,50,0.8643350601196289,1.2972759008407593,0.013122626000040327,19,29
calibration-task04-init13,calibration,motion_attenuation_0p5,4,13,29,0.7873079180717468,0.0,0.7873079180717468,10,False,50,0.8156058192253113,1.3734983205795288,0.013977597000121023,20,30
calibration-task04-init13,calibration,motion_attenuation_0p5,4,13,30,0.8840082883834839,0.0,0.8840082883834839,10,False,50,0.8609163165092468,1.4144222736358643,0.013166243999876315,21,31
calibration-task04-init13,calibration,motion_attenuation_0p5,4,13,31,0.8664054870605469,0.0,0.8664054870605469,10,False,50,0.8683713674545288,1.512558937072754,0.014152961000945652,22,32
calibration-task04-init13,calibration,motion_attenuation_0p5,4,13,32,0.8095209002494812,0.0,0.8095209002494812,10,False,50,0.8195391893386841,1.432350993156433,0.013829682000505272,23,33
calibration-task04-init13,calibration,motion_attenuation_0p5,4,13,33,0.8382949233055115,0.0,0.8382949233055115,10,False,50,0.8540107011795044,1.3431940078735352,0.015851854999709758,24,34
calibration-task04-init13,calibration,motion_attenuation_0p5,4,13,34,0.7964152097702026,0.0,0.7964152097702026,10,False,50,0.7944523692131042,1.2919995784759521,0.013830436000716873,25,35
calibration-task04-init13,calibration,motion_attenuation_0p5,4,13,35,0.7696825861930847,0.0,0.7696825861930847,10,False,50,0.7361619472503662,1.1075348854064941,0.015033757001219783,26,36
calibration-task04-init13,calibration,motion_attenuation_0p5,4,13,36,0.8214312791824341,0.0,0.8214312791824341,10,False,50,0.7841520309448242,1.0137932300567627,0.014512923999063787,27,37
calibration-task04-init13,calibration,motion_attenuation_0p5,4,13,37,0.7270549535751343,0.0,0.7270549535751343,10,False,50,0.7114869952201843,0.9769530296325684,0.014624715000536526,28,38
calibration-task04-init13,calibration,motion_attenuation_0p5,4,13,38,0.6861039996147156,0.0,0.6861039996147156,10,False,50,0.6894152164459229,0.90776526927948,0.014389838999704807,29,39
calibration-task04-init13,calibration,motion_attenuation_0p5,4,13,39,0.7060419917106628,0.0,0.7060419917106628,10,False,50,0.7224056124687195,0.9454359412193298,0.013341814001250896,30,40
calibration-task04-init13,calibration,motion_attenuation_0p5,4,13,40,0.6696443557739258,0.0,0.6696443557739258,10,False,50,0.6889280676841736,0.8412526845932007,0.013961133998236619,31,41
calibration-task04-init13,calibration,motion_attenuation_0p5,4,13,41,0.7337754964828491,0.0,0.7337754964828491,10,False,50,0.7243063449859619,0.83487868309021,0.01362622799933888,32,42
calibration-task04-init13,calibration,motion_attenuation_0p5,4,13,42,0.7234644889831543,0.0,0.7234644889831543,10,False,50,0.7123154401779175,0.8519988059997559,0.013148652999007027,33,43
calibration-task04-init13,calibration,motion_attenuation_0p5,4,13,43,0.7012314200401306,0.0,0.7012314200401306,10,False,50,0.6701235771179199,0.8290390372276306,0.01327592399866262,34,44
calibration-task04-init13,calibration,motion_attenuation_0p5,4,13,44,0.757594108581543,0.0,0.757594108581543,10,False,50,0.7335638999938965,1.0765303373336792,0.0147144410002511,35,45
calibration-task04-init13,calibration,motion_attenuation_0p5,4,13,45,0.7895172834396362,0.0,0.7895172834396362,10,False,50,0.7474721670150757,1.1543692350387573,0.013504632999683963,36,46
calibration-task04-init13,calibration,motion_attenuation_0p5,4,13,46,0.8573071956634521,0.0,0.8573071956634521,10,False,50,0.7970506548881531,1.1809074878692627,0.012828973998693982,37,47
calibration-task04-init13,calibration,motion_attenuation_0p5,4,13,47,0.919635534286499,0.0,0.919635534286499,10,False,50,0.8675599098205566,1.3272297382354736,0.015660400998967816,38,48
calibration-task04-init13,calibration,motion_attenuation_0p5,4,13,48,0.9777424335479736,0.0,0.9777424335479736,10,False,50,0.933434009552002,1.276963472366333,0.014284778999353875,39,49
calibration-task04-init13,calibration,motion_attenuation_0p5,4,13,49,1.0261216163635254,0.0,1.0261216163635254,10,False,50,0.9476960897445679,1.4039306640625,0.013449616999423597,40,50
calibration-task04-init13,calibration,motion_attenuation_0p5,4,13,50,1.1913952827453613,-0.014412522315979004,1.2058078050613403,10,True,50,1.0961698293685913,1.5928964614868164,0.01679115300066769,41,51
calibration-task04-init13,calibration,motion_attenuation_0p5,4,13,51,1.4737699031829834,-0.03540182113647461,1.509171724319458,10,True,50,1.430253028869629,1.8622071743011475,0.013171579001209466,42,52
calibration-task04-init13,calibration,motion_attenuation_0p5,4,13,52,1.3999805450439453,-0.04060626029968262,1.440586805343628,10,True,50,1.3252352476119995,1.7049921751022339,0.01590673600003356,43,53
calibration-task04-init13,calibration,motion_attenuation_0p5,4,13,53,1.1805894374847412,-0.05398297309875488,1.234572410583496,10,True,50,1.1205161809921265,1.504373550415039,0.014156570001432556,44,54
calibration-task04-init13,calibration,motion_attenuation_0p5,4,13,54,1.0627244710922241,-0.05530202388763428,1.1180264949798584,10,True,50,1.0458860397338867,1.321730613708496,0.014242983999793069,45,55
calibration-task04-init13,calibration,motion_attenuation_0p5,4,13,55,1.0408445596694946,-0.06873190402984619,1.1095764636993408,10,True,50,0.9879931211471558,1.3243473768234253,0.013473547998728463,46,56
calibration-task04-init13,calibration,motion_attenuation_0p5,4,13,56,1.0103915929794312,-0.04635441303253174,1.056746006011963,10,True,50,1.0034723281860352,1.1607917547225952,0.014427726999201695,47,57
calibration-task04-init13,calibration,motion_attenuation_0p5,4,13,57,0.951737105846405,-0.0452733039855957,0.9970104098320007,10,True,50,0.9694213271141052,0.9773616194725037,0.013476567999532563,48,58
calibration-task04-init13,calibration,motion_attenuation_0p5,4,13,58,0.9181720018386841,-0.05031949281692505,0.9684914946556091,10,True,50,0.9882874488830566,0.9869434237480164,0.013351101999433013,49,59
calibration-task04-init13,calibration,motion_attenuation_0p5,4,13,59,0.8545351028442383,-0.030138909816741943,0.8846740126609802,10,True,50,0.8603034019470215,0.7123775482177734,0.013618332999612903,50,60
calibration-task04-init13,calibration,motion_attenuation_0p5,4,13,60,0.8358293771743774,-0.01817154884338379,0.8540009260177612,10,True,50,0.8547128438949585,0.485605925321579,0.01617796400023508,51,61
calibration-task04-init13,calibration,motion_attenuation_0p5,4,13,61,0.7624808549880981,-0.0024541616439819336,0.7649350166320801,10,True,50,0.8038849830627441,0.5191502571105957,0.016149735998624237,52,62
calibration-task04-init13,calibration,motion_attenuation_0p5,4,13,62,0.7230162620544434,0.006088733673095703,0.7169275283813477,10,True,50,0.7189752459526062,0.5919250249862671,0.014012001000082819,53,63
calibration-task04-init13,calibration,motion_attenuation_0p5,4,13,63,0.7352832555770874,0.0072710514068603516,0.728012204170227,10,True,50,0.7295851111412048,0.6481587290763855,0.015256029000738636,54,64
calibration-task04-init13,calibration,motion_attenuation_0p5,4,13,64,0.6613436937332153,0.00923144817352295,0.6521122455596924,10,True,50,0.6612824201583862,0.6640517711639404,0.013200059000155306,55,65
calibration-task04-init13,calibration,motion_attenuation_0p5,4,13,65,0.7825691103935242,0.023309528827667236,0.7592595815658569,10,True,50,0.6926816701889038,0.7486421465873718,0.01288503099931404,56,66
calibration-task04-init13,calibration,motion_attenuation_0p5,4,13,66,0.81059730052948,-0.002568066120147705,0.8131653666496277,10,True,50,0.7759809494018555,0.8848454356193542,0.013229811000201153,57,67
calibration-task04-init13,calibration,motion_attenuation_0p5,4,13,67,0.8509289622306824,-0.014461696147918701,0.8653906583786011,10,True,50,0.8120819926261902,1.0753053426742554,0.01320607199886581,58,68
calibration-task04-init13,calibration,motion_attenuation_0p5,4,13,68,1.003969669342041,0.020412743091583252,0.9835569262504578,10,True,50,0.9371656179428101,1.307758092880249,0.014073079999434412,59,69
calibration-task04-init13,calibration,motion_attenuation_0p5,4,13,69,1.003746747970581,0.04069113731384277,0.9630556106567383,10,True,50,0.9267808198928833,1.2876710891723633,0.013805140999465948,60,70
calibration-task04-init13,calibration,motion_attenuation_0p5,4,13,70,0.974125862121582,0.03626859188079834,0.9378572702407837,10,True,50,0.9326773881912231,1.3309855461120605,0.013961701999505749,61,71
calibration-task04-init13,calibration,motion_attenuation_0p5,4,13,71,0.9244450330734253,0.039821624755859375,0.8846234083175659,10,True,50,0.8294254541397095,1.1408226490020752,0.013828973000272526,62,72
calibration-task04-init13,calibration,motion_attenuation_0p5,4,13,72,0.9519822597503662,0.07276606559753418,0.879216194152832,10,True,50,0.8278636932373047,1.108088493347168,0.013688816001376836,63,73
calibration-task04-init13,calibration,motion_attenuation_0p5,4,13,73,1.0217503309249878,0.1137237548828125,0.9080265760421753,10,True,50,0.8685669898986816,1.1139047145843506,0.016939063998506754,64,74
calibration-task04-init13,calibration,motion_attenuation_0p5,4,13,74,0.9826250076293945,0.08726775646209717,0.8953572511672974,10,True,50,0.8464640974998474,1.0610259771347046,0.01394810000056168,65,75
calibration-task04-init13,calibration,motion_attenuation_0p5,4,13,75,0.8520288467407227,0.06361067295074463,0.788418173789978,10,True,50,0.7377018332481384,1.033461570739746,0.013588313000582275,66,76
calibration-task04-init13,calibration,motion_attenuation_0p5,4,13,76,0.7025197744369507,0.04156309366226196,0.6609566807746887,10,True,50,0.668907642364502,0.9390864372253418,0.01564552099989669,67,77
calibration-task04-init13,calibration,motion_attenuation_0p5,4,13,77,0.7136931419372559,0.07260525226593018,0.6410878896713257,10,True,50,0.6520628333091736,0.8373039960861206,0.03249560800031759,68,78
calibration-task04-init13,calibration,motion_attenuation_0p5,4,13,78,0.6740747690200806,0.0717812180519104,0.6022935509681702,10,True,50,0.6112256050109863,0.8354178667068481,0.013865705999705824,69,79
calibration-task04-init13,calibration,motion_attenuation_0p5,4,13,79,0.6401021480560303,0.04062467813491821,0.5994774699211121,10,True,50,0.6094667315483093,0.7467817664146423,0.015123797000342165,70,80
calibration-task04-init13,calibration,motion_attenuation_0p5,4,13,80,0.6259979605674744,0.061763882637023926,0.5642340779304504,10,True,50,0.5700861811637878,0.6300516128540039,0.01635648299998138,71,81
calibration-task04-init13,calibration,motion_attenuation_0p5,4,13,81,0.593587338924408,0.05822664499282837,0.5353606939315796,10,True,50,0.5617634057998657,0.5731338858604431,0.01706205200025579,72,82
calibration-task04-init13,calibration,motion_attenuation_0p5,4,13,82,0.5607964396476746,0.041647493839263916,0.5191489458084106,10,True,50,0.5294456481933594,0.5802286863327026,0.014548174000083236,73,83
calibration-task04-init13,calibration,motion_attenuation_0p5,4,13,83,0.5569576025009155,0.04335641860961914,0.5136011838912964,10,True,50,0.5545843839645386,0.6453795433044434,0.013441069999316824,74,84
calibration-task04-init13,calibration,motion_attenuation_0p5,4,13,84,0.5639061331748962,0.043551743030548096,0.5203543901443481,10,True,50,0.5754237174987793,0.6437582969665527,0.013809775999106932,75,85
calibration-task04-init13,calibration,motion_attenuation_0p5,4,13,85,0.5540544986724854,0.017323434352874756,0.5367310643196106,10,True,50,0.555268406867981,0.5750240087509155,0.013231361999714863,76,86
calibration-task04-init13,calibration,motion_attenuation_0p5,4,13,86,0.6414512395858765,0.020392417907714844,0.6210588216781616,10,True,50,0.621315598487854,0.6500431895256042,0.01340716400045494,77,87
calibration-task04-init13,calibration,motion_attenuation_0p5,4,13,87,0.6571202278137207,-0.0008597970008850098,0.6579800248146057,10,True,50,0.6321201324462891,0.6262710094451904,0.014838200000667712,78,88
calibration-task04-init13,calibration,motion_attenuation_0p5,4,13,88,0.5162322521209717,-0.0011806488037109375,0.5174129009246826,10,True,50,0.5200681090354919,0.5767498016357422,0.014876650000587688,79,89
calibration-task04-init13,calibration,motion_attenuation_0p5,4,13,89,0.5210666656494141,-0.02672123908996582,0.5477879047393799,10,True,50,0.525967001914978,0.6324756145477295,0.013445777000015369,80,90
calibration-task07-init10,calibration,nominal,7,10,9,0.5361895561218262,0.0,0.5361895561218262,10,False,,0.5388069152832031,0.2144860029220581,0.013574877000792185,0,10
calibration-task07-init10,calibration,nominal,7,10,10,0.5300465822219849,0.0,0.5300465822219849,10,False,,0.5491833686828613,0.24832913279533386,0.014805627999521676,1,11
calibration-task07-init10,calibration,nominal,7,10,11,0.6471955180168152,0.0,0.6471955180168152,10,False,,0.6713390350341797,0.30810093879699707,0.014857497999400948,2,12
calibration-task07-init10,calibration,nominal,7,10,12,0.5818678140640259,0.0,0.5818678140640259,10,False,,0.6160848140716553,0.26863008737564087,0.016974893000224256,3,13
calibration-task07-init10,calibration,nominal,7,10,13,0.584765613079071,0.0,0.584765613079071,10,False,,0.6282788515090942,0.3432471752166748,0.01306647900128155,4,14
calibration-task07-init10,calibration,nominal,7,10,14,0.6384726762771606,0.0,0.6384726762771606,10,False,,0.6803747415542603,0.35633206367492676,0.01342246500098554,5,15
calibration-task07-init10,calibration,nominal,7,10,15,0.6545292139053345,0.0,0.6545292139053345,10,False,,0.6712474822998047,0.3752526044845581,0.01452658099879045,6,16
calibration-task07-init10,calibration,nominal,7,10,16,0.7169969081878662,0.0,0.7169969081878662,10,False,,0.7232218980789185,0.4045218825340271,0.014210828001523623,7,17
calibration-task07-init10,calibration,nominal,7,10,17,0.859664797782898,0.0,0.859664797782898,10,False,,0.8499404788017273,0.5643805265426636,0.01536663399929239,8,18
calibration-task07-init10,calibration,nominal,7,10,18,0.7146128416061401,0.0,0.7146128416061401,10,False,,0.7466043829917908,0.5013860464096069,0.013852298001438612,9,19
calibration-task07-init10,calibration,nominal,7,10,19,0.6863880157470703,0.0,0.6863880157470703,10,False,,0.691179633140564,0.46901988983154297,0.013823459999912302,10,20
calibration-task07-init10,calibration,nominal,7,10,20,0.5828783512115479,0.0,0.5828783512115479,10,False,,0.6378627419471741,0.5827243328094482,0.013959816000351566,11,21
calibration-task07-init10,calibration,nominal,7,10,21,0.6088061928749084,0.0,0.6088061928749084,10,False,,0.682186484336853,0.7807382345199585,0.01326779399823863,12,22
calibration-task07-init10,calibration,nominal,7,10,22,0.6492464542388916,0.0,0.6492464542388916,10,False,,0.6385354995727539,0.7942363619804382,0.013523216999601573,13,23
calibration-task07-init10,calibration,nominal,7,10,23,0.7155398726463318,0.0,0.7155398726463318,10,False,,0.7821306586265564,1.0988054275512695,0.013629132999994908,14,24
calibration-task07-init10,calibration,nominal,7,10,24,0.7025982737541199,0.0,0.7025982737541199,10,False,,0.7981244921684265,1.0707252025604248,0.01491482100027497,15,25
calibration-task07-init10,calibration,nominal,7,10,25,0.7380616664886475,0.0,0.7380616664886475,10,False,,0.8595573306083679,1.1712307929992676,0.013278764001370291,16,26
calibration-task07-init10,calibration,nominal,7,10,26,0.8262824416160583,0.0,0.8262824416160583,10,False,,0.8980801105499268,1.260301947593689,0.013663560001077713,17,27
calibration-task07-init10,calibration,nominal,7,10,27,0.8529986143112183,0.0,0.8529986143112183,10,False,,0.979171633720398,1.4813355207443237,0.014429066000957391,18,28
calibration-task07-init10,calibration,nominal,7,10,28,0.8417506217956543,0.0,0.8417506217956543,10,False,,0.9261652827262878,1.1124688386917114,0.014894987998559372,19,29
calibration-task07-init10,calibration,nominal,7,10,29,0.8277093172073364,0.0,0.8277093172073364,10,False,,0.8710616827011108,1.0532071590423584,0.013465441999869654,20,30
calibration-task07-init10,calibration,nominal,7,10,30,0.8807476758956909,0.0,0.8807476758956909,10,False,,0.8751012682914734,0.9190078973770142,0.013321525000719703,21,31
calibration-task07-init10,calibration,nominal,7,10,31,0.8722091913223267,0.0,0.8722091913223267,10,False,,0.8832058906555176,0.9147852659225464,0.013233843999842065,22,32
calibration-task07-init10,calibration,nominal,7,10,32,0.841983437538147,0.0,0.841983437538147,10,False,,0.8523712158203125,0.9619283676147461,0.013351286001125118,23,33
calibration-task07-init10,calibration,nominal,7,10,33,0.8691892623901367,0.0,0.8691892623901367,10,False,,1.0164655447006226,0.9629704356193542,0.015581050000037067,24,34
calibration-task07-init10,calibration,nominal,7,10,34,0.7884547114372253,0.0,0.7884547114372253,10,False,,0.9009624719619751,0.908958911895752,0.016558807999899727,25,35
calibration-task07-init10,calibration,nominal,7,10,35,0.8199319839477539,0.0,0.8199319839477539,10,False,,0.9511879682540894,0.8737148642539978,0.014188889999786625,26,36
calibration-task07-init10,calibration,nominal,7,10,36,1.0021809339523315,0.0,1.0021809339523315,10,False,,1.076890468597412,1.032847285270691,0.015034148000268033,27,37
calibration-task07-init10,calibration,nominal,7,10,37,0.9084357023239136,0.0,0.9084357023239136,10,False,,0.9299678206443787,0.9320387244224548,0.013379760999669088,28,38
calibration-task07-init10,calibration,nominal,7,10,38,0.9529926776885986,0.0,0.9529926776885986,10,False,,0.9975006580352783,0.8327454328536987,0.013460223999572918,29,39
calibration-task07-init10,calibration,nominal,7,10,39,0.9382182955741882,0.0,0.9382182955741882,10,False,,1.0437790155410767,0.7628676295280457,0.013496555000529042,30,40
calibration-task07-init10,calibration,nominal,7,10,40,0.8283805847167969,0.0,0.8283805847167969,10,False,,0.9440547823905945,0.5999993085861206,0.013619875999211217,31,41
calibration-task07-init10,calibration,nominal,7,10,41,0.9215952157974243,0.0,0.9215952157974243,10,False,,1.0481986999511719,0.5874082446098328,0.014689286001157598,32,42
calibration-task07-init10,calibration,nominal,7,10,42,0.8603555560112,0.0,0.8603555560112,10,False,,0.9917957782745361,0.522942841053009,0.01332871900012833,33,43
calibration-task07-init10,calibration,nominal,7,10,43,0.8025843501091003,0.0,0.8025843501091003,10,False,,0.9767460823059082,0.4879734516143799,0.013410100000328384,34,44
calibration-task07-init10,calibration,nominal,7,10,44,0.695774257183075,0.0,0.695774257183075,10,False,,0.8156712055206299,0.4107423722743988,0.014334724000946153,35,45
calibration-task07-init10,calibration,nominal,7,10,45,0.731200098991394,0.0,0.731200098991394,10,False,,0.8220524787902832,0.4680255353450775,0.0353249150011834,36,46
calibration-task07-init10,calibration,nominal,7,10,46,0.735884428024292,0.0,0.735884428024292,10,False,,0.7279527187347412,0.646301805973053,0.01612096200005908,37,47
calibration-task07-init10,calibration,nominal,7,10,47,0.7454924583435059,0.0,0.7454924583435059,10,False,,0.7428443431854248,0.7015762329101562,0.013811247001285665,38,48
calibration-task07-init10,calibration,nominal,7,10,48,0.7759501338005066,0.0,0.7759501338005066,10,False,,0.7740041613578796,0.7181802988052368,0.013203187001636252,39,49
calibration-task07-init10,calibration,nominal,7,10,49,0.7801081538200378,0.0,0.7801081538200378,10,False,,0.8071931600570679,0.8481460809707642,0.013461641001413227,40,50
calibration-task07-init10,calibration,nominal,7,10,50,0.8037218451499939,0.0,0.8037218451499939,10,False,,0.8393882513046265,0.813673734664917,0.014556103998984327,41,51
calibration-task07-init10,calibration,nominal,7,10,51,0.8289979696273804,0.0,0.8289979696273804,10,False,,0.9471682906150818,0.7871679067611694,0.01515792299869645,42,52
calibration-task07-init10,calibration,nominal,7,10,52,0.8750998377799988,0.0,0.8750998377799988,10,False,,0.9685990810394287,0.758743405342102,0.013898718998461845,43,53
calibration-task07-init10,calibration,nominal,7,10,53,0.7731963396072388,0.0,0.7731963396072388,10,False,,0.8356136083602905,0.6533209085464478,0.01336020000053395,44,54
calibration-task07-init10,calibration,nominal,7,10,54,0.7611614465713501,0.0,0.7611614465713501,10,False,,0.7848844528198242,0.6002105474472046,0.013538617999074631,45,55
calibration-task07-init10,calibration,nominal,7,10,55,0.781766414642334,0.0,0.781766414642334,10,False,,0.7969397306442261,0.5876252055168152,0.014016068000273663,46,56
calibration-task07-init10,calibration,nominal,7,10,56,0.8387649059295654,0.0,0.8387649059295654,10,False,,0.8782953023910522,0.6646281480789185,0.014385245000084979,47,57
calibration-task07-init10,calibration,nominal,7,10,57,0.8631414175033569,0.0,0.8631414175033569,10,False,,0.8454861044883728,0.796296238899231,0.013460530999509501,48,58
calibration-task07-init10,calibration,nominal,7,10,58,0.8344837427139282,0.0,0.8344837427139282,10,False,,0.8447728157043457,0.8026317358016968,0.017400011000063387,49,59
calibration-task07-init10,calibration,nominal,7,10,59,0.8510971069335938,0.0,0.8510971069335938,10,False,,0.861977756023407,0.909953236579895,0.01309308799864084,50,60
calibration-task07-init10,calibration,nominal,7,10,60,0.794335126876831,0.0,0.794335126876831,10,False,,0.8274428248405457,0.8804011344909668,0.014335754000057932,51,61
calibration-task07-init10,calibration,nominal,7,10,61,0.7783020734786987,0.0,0.7783020734786987,10,False,,0.8089547157287598,1.0055440664291382,0.01351853500091238,52,62
calibration-task07-init10,calibration,nominal,7,10,62,0.8312907218933105,0.0,0.8312907218933105,10,False,,0.868070125579834,1.0553197860717773,0.013638501000968972,53,63
calibration-task07-init10,calibration,nominal,7,10,63,0.7620328664779663,0.0,0.7620328664779663,10,False,,0.8370360136032104,0.8500102758407593,0.013242606000858359,54,64
calibration-task07-init10,calibration,nominal,7,10,64,0.8299378156661987,0.0,0.8299378156661987,10,False,,0.8671006560325623,0.9124374389648438,0.016141279998919345,55,65
calibration-task07-init10,calibration,nominal,7,10,65,0.8010613322257996,0.0,0.8010613322257996,10,False,,0.8538599014282227,0.9466433525085449,0.013171360000342247,56,66
calibration-task07-init10,calibration,nominal,7,10,66,0.8488078117370605,0.0,0.8488078117370605,10,False,,0.9162098169326782,1.0233371257781982,0.014995016001194017,57,67
calibration-task07-init10,calibration,nominal,7,10,67,0.9295061826705933,0.0,0.9295061826705933,10,False,,1.003180742263794,1.0861715078353882,0.013155565999113605,58,68
calibration-task07-init10,calibration,nominal,7,10,68,0.9914916753768921,0.0,0.9914916753768921,10,False,,1.0680408477783203,1.1026060581207275,0.014520739001454785,59,69
calibration-task07-init10,calibration,nominal,7,10,69,1.1428006887435913,0.0,1.1428006887435913,10,False,,1.1244834661483765,1.1180908679962158,0.014603960999011179,60,70
calibration-task07-init10,calibration,nominal,7,10,70,1.1897797584533691,0.0,1.1897797584533691,10,False,,1.2510035037994385,1.220900058746338,0.01303217300119286,61,71
calibration-task07-init10,calibration,nominal,7,10,71,1.0769084692001343,0.0,1.0769084692001343,10,False,,1.098388910293579,1.1513702869415283,0.013601634000224294,62,72
calibration-task07-init10,calibration,nominal,7,10,72,1.1387951374053955,0.0,1.1387951374053955,10,False,,1.2166993618011475,1.262444257736206,0.014386255001227255,63,73
calibration-task07-init10,calibration,nominal,7,10,73,0.9236577749252319,0.0,0.9236577749252319,10,False,,1.018130898475647,1.1227282285690308,0.03473961700001382,64,74
calibration-task07-init10,calibration,nominal,7,10,74,0.9360135793685913,0.0,0.9360135793685913,10,False,,1.1742109060287476,1.0983502864837646,0.01356965899867646,65,75
calibration-task07-init10,calibration,nominal,7,10,75,0.9129289388656616,0.0,0.9129289388656616,10,False,,1.022977590560913,1.1228277683258057,0.015255876000082935,66,76
calibration-task07-init10,calibration,nominal,7,10,76,0.9591315984725952,0.0,0.9591315984725952,10,False,,0.9952030181884766,1.329816460609436,0.013714186001379858,67,77
calibration-task07-init10,calibration,nominal,7,10,77,0.8271777629852295,0.0,0.8271777629852295,10,False,,0.8827148675918579,1.2058418989181519,0.01626961699912499,68,78
calibration-task07-init10,calibration,nominal,7,10,78,0.8542636632919312,0.0,0.8542636632919312,10,False,,0.9756313562393188,1.263639211654663,0.03808994199971494,69,79
calibration-task07-init10,calibration,nominal,7,10,79,0.9564225077629089,0.0,0.9564225077629089,10,False,,1.0186439752578735,1.3371295928955078,0.013492848000169033,70,80
calibration-task07-init10,calibration,nominal,7,10,80,1.0829218626022339,0.0,1.0829218626022339,10,False,,1.3098175525665283,1.383272647857666,0.012875902000814676,71,81
calibration-task07-init10,calibration,nominal,7,10,81,1.1113694906234741,0.0,1.1113694906234741,10,False,,1.2287155389785767,1.515903353691101,0.013749846999417059,72,82
calibration-task07-init10,calibration,nominal,7,10,82,1.4660248756408691,0.0,1.4660248756408691,10,False,,1.4981725215911865,1.6241358518600464,0.015754284000649932,73,83
calibration-task07-init10,calibration,nominal,7,10,83,1.3578605651855469,0.0,1.3578605651855469,10,False,,1.4115161895751953,1.5984294414520264,0.016981818998829112,74,84
calibration-task07-init10,calibration,nominal,7,10,84,0.9886531829833984,0.0,0.9886531829833984,10,False,,1.082058310508728,1.2883751392364502,0.0134123499992711,75,85
calibration-task07-init10,calibration,nominal,7,10,85,0.9088519811630249,0.0,0.9088519811630249,10,False,,0.9485074877738953,1.1166081428527832,0.013573861000622855,76,86
calibration-task07-init10,calibration,nominal,7,10,86,0.9821906089782715,0.0,0.9821906089782715,10,False,,1.010469913482666,1.0669549703598022,0.013454602998535847,77,87
calibration-task07-init10,calibration,nominal,7,10,87,0.8670699000358582,0.0,0.8670699000358582,10,False,,0.8719630241394043,0.9692034721374512,0.01329597800031479,78,88
calibration-task07-init10,calibration,nominal,7,10,88,0.8084793090820312,0.0,0.8084793090820312,10,False,,0.8218066096305847,1.0016710758209229,0.013079091999316006,79,89
calibration-task07-init10,calibration,nominal,7,10,89,0.8786553144454956,0.0,0.8786553144454956,10,False,,0.899871826171875,1.038966417312622,0.013746630998866749,80,90
calibration-task07-init10,calibration,motion_attenuation_0p5,7,10,9,0.5361895561218262,0.0,0.5361895561218262,10,False,50,0.5388069152832031,0.2144860029220581,0.01347560800059,0,10
calibration-task07-init10,calibration,motion_attenuation_0p5,7,10,10,0.5300465822219849,0.0,0.5300465822219849,10,False,50,0.5491833686828613,0.24832913279533386,0.01342310899963195,1,11
calibration-task07-init10,calibration,motion_attenuation_0p5,7,10,11,0.6471955180168152,0.0,0.6471955180168152,10,False,50,0.6713390350341797,0.30810093879699707,0.014335188001496135,2,12
calibration-task07-init10,calibration,motion_attenuation_0p5,7,10,12,0.5818678140640259,0.0,0.5818678140640259,10,False,50,0.6160848140716553,0.26863008737564087,0.01378493599986541,3,13
calibration-task07-init10,calibration,motion_attenuation_0p5,7,10,13,0.584765613079071,0.0,0.584765613079071,10,False,50,0.6282788515090942,0.3432471752166748,0.013550812000175938,4,14
calibration-task07-init10,calibration,motion_attenuation_0p5,7,10,14,0.6384726762771606,0.0,0.6384726762771606,10,False,50,0.6803747415542603,0.35633206367492676,0.013235637999969185,5,15
calibration-task07-init10,calibration,motion_attenuation_0p5,7,10,15,0.6545292139053345,0.0,0.6545292139053345,10,False,50,0.6712474822998047,0.3752526044845581,0.014337933000206249,6,16
calibration-task07-init10,calibration,motion_attenuation_0p5,7,10,16,0.7169969081878662,0.0,0.7169969081878662,10,False,50,0.7232218980789185,0.4045218825340271,0.014362298999913037,7,17
calibration-task07-init10,calibration,motion_attenuation_0p5,7,10,17,0.859664797782898,0.0,0.859664797782898,10,False,50,0.8499404788017273,0.5643805265426636,0.013798772999507491,8,18
calibration-task07-init10,calibration,motion_attenuation_0p5,7,10,18,0.7146128416061401,0.0,0.7146128416061401,10,False,50,0.7466043829917908,0.5013860464096069,0.015727103000244824,9,19
calibration-task07-init10,calibration,motion_attenuation_0p5,7,10,19,0.6863880157470703,0.0,0.6863880157470703,10,False,50,0.691179633140564,0.46901988983154297,0.014026625000042259,10,20
calibration-task07-init10,calibration,motion_attenuation_0p5,7,10,20,0.5828783512115479,0.0,0.5828783512115479,10,False,50,0.6378627419471741,0.5827243328094482,0.013491359999534325,11,21
calibration-task07-init10,calibration,motion_attenuation_0p5,7,10,21,0.6088061928749084,0.0,0.6088061928749084,10,False,50,0.682186484336853,0.7807382345199585,0.014221216999430908,12,22
calibration-task07-init10,calibration,motion_attenuation_0p5,7,10,22,0.6492464542388916,0.0,0.6492464542388916,10,False,50,0.6385354995727539,0.7942363619804382,0.015276856000127736,13,23
calibration-task07-init10,calibration,motion_attenuation_0p5,7,10,23,0.7155398726463318,0.0,0.7155398726463318,10,False,50,0.7821306586265564,1.0988054275512695,0.02095840200126986,14,24
calibration-task07-init10,calibration,motion_attenuation_0p5,7,10,24,0.7025982737541199,0.0,0.7025982737541199,10,False,50,0.7981244921684265,1.0707252025604248,0.013741390999712166,15,25
calibration-task07-init10,calibration,motion_attenuation_0p5,7,10,25,0.7380616664886475,0.0,0.7380616664886475,10,False,50,0.8595573306083679,1.1712307929992676,0.013416968000456109,16,26
calibration-task07-init10,calibration,motion_attenuation_0p5,7,10,26,0.8262824416160583,0.0,0.8262824416160583,10,False,50,0.8980801105499268,1.260301947593689,0.017568469000252662,17,27
calibration-task07-init10,calibration,motion_attenuation_0p5,7,10,27,0.8529986143112183,0.0,0.8529986143112183,10,False,50,0.979171633720398,1.4813355207443237,0.01310305100014375,18,28
calibration-task07-init10,calibration,motion_attenuation_0p5,7,10,28,0.8417506217956543,0.0,0.8417506217956543,10,False,50,0.9261652827262878,1.1124688386917114,0.013973462999274489,19,29
calibration-task07-init10,calibration,motion_attenuation_0p5,7,10,29,0.8277093172073364,0.0,0.8277093172073364,10,False,50,0.8710616827011108,1.0532071590423584,0.013361450999582303,20,30
calibration-task07-init10,calibration,motion_attenuation_0p5,7,10,30,0.8807476758956909,0.0,0.8807476758956909,10,False,50,0.8751012682914734,0.9190078973770142,0.014187839000442182,21,31
calibration-task07-init10,calibration,motion_attenuation_0p5,7,10,31,0.8722091913223267,0.0,0.8722091913223267,10,False,50,0.8832058906555176,0.9147852659225464,0.014245321000998956,22,32
calibration-task07-init10,calibration,motion_attenuation_0p5,7,10,32,0.841983437538147,0.0,0.841983437538147,10,False,50,0.8523712158203125,0.9619283676147461,0.0212040899987187,23,33
calibration-task07-init10,calibration,motion_attenuation_0p5,7,10,33,0.8691892623901367,0.0,0.8691892623901367,10,False,50,1.0164655447006226,0.9629704356193542,0.013992452999445959,24,34
calibration-task07-init10,calibration,motion_attenuation_0p5,7,10,34,0.7884547114372253,0.0,0.7884547114372253,10,False,50,0.9009624719619751,0.908958911895752,0.01640553600009298,25,35
calibration-task07-init10,calibration,motion_attenuation_0p5,7,10,35,0.8199319839477539,0.0,0.8199319839477539,10,False,50,0.9511879682540894,0.8737148642539978,0.01324674299939943,26,36
calibration-task07-init10,calibration,motion_attenuation_0p5,7,10,36,1.0021809339523315,0.0,1.0021809339523315,10,False,50,1.076890468597412,1.032847285270691,0.014505547000226215,27,37
calibration-task07-init10,calibration,motion_attenuation_0p5,7,10,37,0.9084357023239136,0.0,0.9084357023239136,10,False,50,0.9299678206443787,0.9320387244224548,0.013135167000655201,28,38
calibration-task07-init10,calibration,motion_attenuation_0p5,7,10,38,0.9529926776885986,0.0,0.9529926776885986,10,False,50,0.9975006580352783,0.8327454328536987,0.015133683999010827,29,39
calibration-task07-init10,calibration,motion_attenuation_0p5,7,10,39,0.9382182955741882,0.0,0.9382182955741882,10,False,50,1.0437790155410767,0.7628676295280457,0.01321372600068571,30,40
calibration-task07-init10,calibration,motion_attenuation_0p5,7,10,40,0.8283805847167969,0.0,0.8283805847167969,10,False,50,0.9440547823905945,0.5999993085861206,0.01670987800025614,31,41
calibration-task07-init10,calibration,motion_attenuation_0p5,7,10,41,0.9215952157974243,0.0,0.9215952157974243,10,False,50,1.0481986999511719,0.5874082446098328,0.013735513999563409,32,42
calibration-task07-init10,calibration,motion_attenuation_0p5,7,10,42,0.8603555560112,0.0,0.8603555560112,10,False,50,0.9917957782745361,0.522942841053009,0.015838164999877336,33,43
calibration-task07-init10,calibration,motion_attenuation_0p5,7,10,43,0.8025843501091003,0.0,0.8025843501091003,10,False,50,0.9767460823059082,0.4879734516143799,0.01338124600079027,34,44
calibration-task07-init10,calibration,motion_attenuation_0p5,7,10,44,0.695774257183075,0.0,0.695774257183075,10,False,50,0.8156712055206299,0.4107423722743988,0.021587889999864274,35,45
calibration-task07-init10,calibration,motion_attenuation_0p5,7,10,45,0.731200098991394,0.0,0.731200098991394,10,False,50,0.8220524787902832,0.4680255353450775,0.016528353000467177,36,46
calibration-task07-init10,calibration,motion_attenuation_0p5,7,10,46,0.735884428024292,0.0,0.735884428024292,10,False,50,0.7279527187347412,0.646301805973053,0.016802543001176673,37,47
calibration-task07-init10,calibration,motion_attenuation_0p5,7,10,47,0.7454924583435059,0.0,0.7454924583435059,10,False,50,0.7428443431854248,0.7015762329101562,0.03145469900118769,38,48
calibration-task07-init10,calibration,motion_attenuation_0p5,7,10,48,0.7759501338005066,0.0,0.7759501338005066,10,False,50,0.7740041613578796,0.7181802988052368,0.01392417599890905,39,49
calibration-task07-init10,calibration,motion_attenuation_0p5,7,10,49,0.7801081538200378,0.0,0.7801081538200378,10,False,50,0.8071931600570679,0.8481460809707642,0.017057267999916803,40,50
calibration-task07-init10,calibration,motion_attenuation_0p5,7,10,50,0.801097571849823,9.655952453613281e-05,0.8010010123252869,10,True,50,0.8332623243331909,0.8065686225891113,0.01370503499856568,41,51
calibration-task07-init10,calibration,motion_attenuation_0p5,7,10,51,0.8276957869529724,0.0007241368293762207,0.8269716501235962,10,True,50,0.9356231093406677,0.7927371859550476,0.013780934999886085,42,52
calibration-task07-init10,calibration,motion_attenuation_0p5,7,10,52,0.8226375579833984,0.0024766921997070312,0.8201608657836914,10,True,50,0.9287033081054688,0.7110373377799988,0.013230718001068453,43,53
calibration-task07-init10,calibration,motion_attenuation_0p5,7,10,53,0.8448774218559265,0.007011592388153076,0.8378658294677734,10,True,50,0.9249194860458374,0.7534875273704529,0.014451352999458322,44,54
calibration-task07-init10,calibration,motion_attenuation_0p5,7,10,54,0.7769831418991089,0.006925761699676514,0.7700573801994324,10,True,50,0.8346592783927917,0.6002816557884216,0.014587564999601454,45,55
calibration-task07-init10,calibration,motion_attenuation_0p5,7,10,55,0.6985332369804382,-0.0032985806465148926,0.7018318176269531,10,True,50,0.7356416583061218,0.48496419191360474,0.014288237998698605,46,56
calibration-task07-init10,calibration,motion_attenuation_0p5,7,10,56,0.7507445216178894,0.005672931671142578,0.7450715899467468,10,True,50,0.7980512380599976,0.5207520127296448,0.013903669998398982,47,57
calibration-task07-init10,calibration,motion_attenuation_0p5,7,10,57,0.7464553117752075,-0.0023006200790405273,0.748755931854248,10,True,50,0.7362574338912964,0.6121799945831299,0.013222532001236686,48,58
calibration-task07-init10,calibration,motion_attenuation_0p5,7,10,58,0.7584788203239441,-0.002608776092529297,0.7610875964164734,10,True,50,0.7730010747909546,0.6133875846862793,0.01387218799936818,49,59
calibration-task07-init10,calibration,motion_attenuation_0p5,7,10,59,0.7937229871749878,-0.012862443923950195,0.806585431098938,10,True,50,0.8098616003990173,0.7429744601249695,0.013581838000391144,50,60
calibration-task07-init10,calibration,motion_attenuation_0p5,7,10,60,0.7916399240493774,-0.007292628288269043,0.7989325523376465,10,True,50,0.8153793811798096,0.7638601064682007,0.013885282998671755,51,61
calibration-task07-init10,calibration,motion_attenuation_0p5,7,10,61,0.8421931266784668,-0.012761473655700684,0.8549546003341675,10,True,50,0.8497349619865417,0.911501407623291,0.013917131000198424,52,62
calibration-task07-init10,calibration,motion_attenuation_0p5,7,10,62,0.7684248685836792,-0.010709106922149658,0.7791339755058289,10,True,50,0.7821989059448242,0.8039253950119019,0.015209967999908258,53,63
calibration-task07-init10,calibration,motion_attenuation_0p5,7,10,63,0.7048196792602539,-0.011423289775848389,0.7162429690361023,10,True,50,0.7281028032302856,0.778910756111145,0.016384502001528745,54,64
calibration-task07-init10,calibration,motion_attenuation_0p5,7,10,64,0.6833558082580566,-0.0067882537841796875,0.6901440620422363,10,True,50,0.7011153697967529,0.6431897282600403,0.01324093200128118,55,65
calibration-task07-init10,calibration,motion_attenuation_0p5,7,10,65,0.6408061385154724,0.013762056827545166,0.6270440816879272,10,True,50,0.6590362191200256,0.4829316735267639,0.014560487999915495,56,66
calibration-task07-init10,calibration,motion_attenuation_0p5,7,10,66,0.6488519310951233,0.005023777484893799,0.6438281536102295,10,True,50,0.6886632442474365,0.5372452139854431,0.013720984999963548,57,67
calibration-task07-init10,calibration,motion_attenuation_0p5,7,10,67,0.6088507175445557,0.01254892349243164,0.596301794052124,10,True,50,0.6367697715759277,0.4794938564300537,0.014090896000197972,58,68
calibration-task07-init10,calibration,motion_attenuation_0p5,7,10,68,0.6454706788063049,0.023737728595733643,0.6217329502105713,10,True,50,0.674798846244812,0.4783780574798584,0.013058407999778865,59,69
calibration-task07-init10,calibration,motion_attenuation_0p5,7,10,69,0.6209648847579956,0.025660336017608643,0.595304548740387,10,True,50,0.6602188348770142,0.5294499397277832,0.013596667000456364,60,70
calibration-task07-init10,calibration,motion_attenuation_0p5,7,10,70,0.6460772752761841,0.024470031261444092,0.62160724401474,10,True,50,0.6566886901855469,0.4902268648147583,0.01364085199929832,61,71
calibration-task07-init10,calibration,motion_attenuation_0p5,7,10,71,0.6691265106201172,0.03922182321548462,0.6299046874046326,10,True,50,0.7135614156723022,0.5488178133964539,0.01798568900085229,62,72
calibration-task07-init10,calibration,motion_attenuation_0p5,7,10,72,0.6523889303207397,0.022693514823913574,0.6296954154968262,10,True,50,0.7143367528915405,0.5654078722000122,0.013738487999944482,63,73
calibration-task07-init10,calibration,motion_attenuation_0p5,7,10,73,0.6819158792495728,0.00373077392578125,0.6781851053237915,10,True,50,0.7045421004295349,0.5605462789535522,0.014156838000417338,64,74
calibration-task07-init10,calibration,motion_attenuation_0p5,7,10,74,0.7389866709709167,0.010230720043182373,0.7287559509277344,10,True,50,0.7811319231987,0.559249222278595,0.01449594899895601,65,75
calibration-task07-init10,calibration,motion_attenuation_0p5,7,10,75,0.7438585758209229,-0.01275646686553955,0.7566150426864624,10,True,50,0.7766801714897156,0.5868434309959412,0.013304048999998486,66,76
calibration-task07-init10,calibration,motion_attenuation_0p5,7,10,76,0.6628031730651855,-0.009385108947753906,0.6721882820129395,10,True,50,0.7305921316146851,0.5511150360107422,0.01588873299988336,67,77
calibration-task07-init10,calibration,motion_attenuation_0p5,7,10,77,0.6715444326400757,0.015384078025817871,0.6561603546142578,10,True,50,0.7376948595046997,0.570330798625946,0.013977785001770826,68,78
calibration-task07-init10,calibration,motion_attenuation_0p5,7,10,78,0.6315641403198242,-0.018103718757629395,0.6496678590774536,10,True,50,0.6603662967681885,0.5848193168640137,0.016128391998790903,69,79
calibration-task07-init10,calibration,motion_attenuation_0p5,7,10,79,0.6407271027565002,-0.020394980907440186,0.6611220836639404,10,True,50,0.6592065691947937,0.5589123368263245,0.01401724100105639,70,80
calibration-task07-init10,calibration,motion_attenuation_0p5,7,10,80,0.7497323751449585,-0.044451117515563965,0.7941834926605225,10,True,50,0.7899078726768494,0.6873706579208374,0.013427333999061375,71,81
calibration-task07-init10,calibration,motion_attenuation_0p5,7,10,81,0.8494805097579956,-0.03564095497131348,0.8851214647293091,10,True,50,0.888007640838623,0.7554413676261902,0.013282033998621046,72,82
calibration-task07-init10,calibration,motion_attenuation_0p5,7,10,82,0.7771708965301514,-0.04492366313934326,0.8220945596694946,10,True,50,0.8532971143722534,0.776280403137207,0.01626681500056293,73,83
calibration-task07-init10,calibration,motion_attenuation_0p5,7,10,83,0.685680627822876,-0.022583425045013428,0.7082640528678894,10,True,50,0.803850531578064,0.5714775323867798,0.013894638001147541,74,84
calibration-task07-init10,calibration,motion_attenuation_0p5,7,10,84,0.6733235120773315,-0.04577505588531494,0.7190985679626465,10,True,50,0.7950405478477478,0.5788301825523376,0.02217537300020922,75,85
calibration-task07-init10,calibration,motion_attenuation_0p5,7,10,85,0.678493857383728,-0.057491183280944824,0.7359850406646729,10,True,50,0.78825843334198,0.650060772895813,0.013224575999629451,76,86
calibration-task07-init10,calibration,motion_attenuation_0p5,7,10,86,0.7003202438354492,-0.044866085052490234,0.7451863288879395,10,True,50,0.7493211627006531,0.6619186401367188,0.01637116799975047,77,87
calibration-task07-init10,calibration,motion_attenuation_0p5,7,10,87,0.696009635925293,-0.06334960460662842,0.7593592405319214,10,True,50,0.7981126308441162,0.7992428541183472,0.014871094999762136,78,88
calibration-task07-init10,calibration,motion_attenuation_0p5,7,10,88,0.6746446490287781,-0.0635722279548645,0.7382168769836426,10,True,50,0.6657596826553345,0.7391671538352966,0.013117081000018516,79,89
calibration-task07-init10,calibration,motion_attenuation_0p5,7,10,89,0.7118679881095886,-0.07081913948059082,0.7826871275901794,10,True,50,0.709150493144989,0.7811298370361328,0.013327409000339685,80,90
calibration-task07-init13,calibration,nominal,7,13,9,0.5146137475967407,0.0,0.5146137475967407,10,False,,0.6520761847496033,0.3459279537200928,0.013617589998830226,0,10
calibration-task07-init13,calibration,nominal,7,13,10,0.5392199754714966,0.0,0.5392199754714966,10,False,,0.6789597272872925,0.4424295127391815,0.013588566000180435,1,11
calibration-task07-init13,calibration,nominal,7,13,11,0.5567625164985657,0.0,0.5567625164985657,10,False,,0.6008081436157227,0.4667605757713318,0.01398480500029109,2,12
calibration-task07-init13,calibration,nominal,7,13,12,0.5586965084075928,0.0,0.5586965084075928,10,False,,0.6128095984458923,0.5321083068847656,0.015589987000566907,3,13
calibration-task07-init13,calibration,nominal,7,13,13,0.5742174983024597,0.0,0.5742174983024597,10,False,,0.6230820417404175,0.648559033870697,0.015045213000121294,4,14
calibration-task07-init13,calibration,nominal,7,13,14,0.6148486733436584,0.0,0.6148486733436584,10,False,,0.627677321434021,0.6859784126281738,0.014476564998403774,5,15
calibration-task07-init13,calibration,nominal,7,13,15,0.6264766454696655,0.0,0.6264766454696655,10,False,,0.7254246473312378,0.8088401556015015,0.013925595998443896,6,16
calibration-task07-init13,calibration,nominal,7,13,16,0.589570164680481,0.0,0.589570164680481,10,False,,0.6063083410263062,0.6914546489715576,0.015284326000255533,7,17
calibration-task07-init13,calibration,nominal,7,13,17,0.602360725402832,0.0,0.602360725402832,10,False,,0.6620609760284424,0.7327218055725098,0.014276387999416329,8,18
calibration-task07-init13,calibration,nominal,7,13,18,0.6442824602127075,0.0,0.6442824602127075,10,False,,0.6480087041854858,0.6878249049186707,0.0146129889999429,9,19
calibration-task07-init13,calibration,nominal,7,13,19,0.636130690574646,0.0,0.636130690574646,10,False,,0.6752323508262634,0.7117323875427246,0.01395805300126085,10,20
calibration-task07-init13,calibration,nominal,7,13,20,0.599428117275238,0.0,0.599428117275238,10,False,,0.6426193118095398,0.700677752494812,0.014889983998727985,11,21
calibration-task07-init13,calibration,nominal,7,13,21,0.6741341352462769,0.0,0.6741341352462769,10,False,,0.7524406313896179,0.7804243564605713,0.01635565700053121,12,22
calibration-task07-init13,calibration,nominal,7,13,22,0.6924341917037964,0.0,0.6924341917037964,10,False,,0.7293740510940552,0.8107767105102539,0.016012449999834644,13,23
calibration-task07-init13,calibration,nominal,7,13,23,0.7166814804077148,0.0,0.7166814804077148,10,False,,0.7633551955223083,0.7847480773925781,0.01850349900087167,14,24
calibration-task07-init13,calibration,nominal,7,13,24,0.7741599082946777,0.0,0.7741599082946777,10,False,,0.793632984161377,0.9199454188346863,0.016713516999516287,15,25
calibration-task07-init13,calibration,nominal,7,13,25,0.7739397883415222,0.0,0.7739397883415222,10,False,,0.8009852170944214,0.7573390007019043,0.01645326400102931,16,26
calibration-task07-init13,calibration,nominal,7,13,26,0.7642567157745361,0.0,0.7642567157745361,10,False,,0.8067957758903503,0.7818827629089355,0.016854708999744616,17,27
calibration-task07-init13,calibration,nominal,7,13,27,0.8709415793418884,0.0,0.8709415793418884,10,False,,0.9328304529190063,0.8423967361450195,0.01401497400001972,18,28
calibration-task07-init13,calibration,nominal,7,13,28,0.827119767665863,0.0,0.827119767665863,10,False,,0.8585060834884644,0.8817720413208008,0.013244480000139447,19,29
calibration-task07-init13,calibration,nominal,7,13,29,0.8851557970046997,0.0,0.8851557970046997,10,False,,0.8912930488586426,0.9796632528305054,0.014545519999956014,20,30
calibration-task07-init13,calibration,nominal,7,13,30,0.9238075017929077,0.0,0.9238075017929077,10,False,,0.9715366363525391,0.9346567392349243,0.014480153999102185,21,31
calibration-task07-init13,calibration,nominal,7,13,31,1.0410116910934448,0.0,1.0410116910934448,10,False,,1.0512323379516602,1.0063917636871338,0.01774203900095017,22,32
calibration-task07-init13,calibration,nominal,7,13,32,0.9372686743736267,0.0,0.9372686743736267,10,False,,1.0165398120880127,1.0226961374282837,0.01494439400084957,23,33
calibration-task07-init13,calibration,nominal,7,13,33,0.9834421873092651,0.0,0.9834421873092651,10,False,,1.031308650970459,0.8658777475357056,0.013380423999478808,24,34
calibration-task07-init13,calibration,nominal,7,13,34,1.0850166082382202,0.0,1.0850166082382202,10,False,,1.1752738952636719,0.8109082579612732,0.016173018999324995,25,35
calibration-task07-init13,calibration,nominal,7,13,35,0.855987548828125,0.0,0.855987548828125,10,False,,0.8846378326416016,0.6997325420379639,0.013734633999774815,26,36
calibration-task07-init13,calibration,nominal,7,13,36,0.8042377829551697,0.0,0.8042377829551697,10,False,,0.8725454807281494,0.5077738761901855,0.015854622000915697,27,37
calibration-task07-init13,calibration,nominal,7,13,37,0.7848085165023804,0.0,0.7848085165023804,10,False,,0.9652550220489502,0.5229868292808533,0.015004254999439581,28,38
calibration-task07-init13,calibration,nominal,7,13,38,0.692755401134491,0.0,0.692755401134491,10,False,,0.8420674204826355,0.4422041177749634,0.013596192000477458,29,39
calibration-task07-init13,calibration,nominal,7,13,39,0.7437846064567566,0.0,0.7437846064567566,10,False,,0.8536092042922974,0.4380417764186859,0.014752852999663446,30,40
calibration-task07-init13,calibration,nominal,7,13,40,0.8272958993911743,0.0,0.8272958993911743,10,False,,0.8906536102294922,0.4940924048423767,0.015762958999403054,31,41
calibration-task07-init13,calibration,nominal,7,13,41,0.8146823644638062,0.0,0.8146823644638062,10,False,,0.8496584296226501,0.45487624406814575,0.017593727998246322,32,42
calibration-task07-init13,calibration,nominal,7,13,42,0.7206734418869019,0.0,0.7206734418869019,10,False,,0.6998917460441589,0.45369952917099,0.014862025000184076,33,43
calibration-task07-init13,calibration,nominal,7,13,43,0.7177326083183289,0.0,0.7177326083183289,10,False,,0.7031891345977783,0.46408748626708984,0.013356112000110443,34,44
calibration-task07-init13,calibration,nominal,7,13,44,0.7057031989097595,0.0,0.7057031989097595,10,False,,0.69175785779953,0.48845046758651733,0.01650666800014733,35,45
calibration-task07-init13,calibration,nominal,7,13,45,0.6449621915817261,0.0,0.6449621915817261,10,False,,0.7254232168197632,0.48279404640197754,0.015100182999958633,36,46
calibration-task07-init13,calibration,nominal,7,13,46,0.6957830190658569,0.0,0.6957830190658569,10,False,,0.7458543181419373,0.49450749158859253,0.014940129000024172,37,47
calibration-task07-init13,calibration,nominal,7,13,47,0.6805524826049805,0.0,0.6805524826049805,10,False,,0.771265983581543,0.5784165263175964,0.013981582000269555,38,48
calibration-task07-init13,calibration,nominal,7,13,48,0.6908715963363647,0.0,0.6908715963363647,10,False,,0.7880699038505554,0.5983461141586304,0.015907420998701127,39,49
calibration-task07-init13,calibration,nominal,7,13,49,0.7547369003295898,0.0,0.7547369003295898,10,False,,0.7640230059623718,0.6042644381523132,0.02088699500018265,40,50
calibration-task07-init13,calibration,nominal,7,13,50,0.706469714641571,0.0,0.706469714641571,10,False,,0.7236480116844177,0.6033505201339722,0.012970907000635634,41,51
calibration-task07-init13,calibration,nominal,7,13,51,0.7532367706298828,0.0,0.7532367706298828,10,False,,0.7507526278495789,0.837774932384491,0.016317654999511433,42,52
calibration-task07-init13,calibration,nominal,7,13,52,0.8070091009140015,0.0,0.8070091009140015,10,False,,0.776543140411377,0.8522452116012573,0.012983694001377444,43,53
calibration-task07-init13,calibration,nominal,7,13,53,0.7895835638046265,0.0,0.7895835638046265,10,False,,0.7664316892623901,0.8293677568435669,0.014122149999820977,44,54
calibration-task07-init13,calibration,nominal,7,13,54,0.8089684844017029,0.0,0.8089684844017029,10,False,,0.801166296005249,0.8941488265991211,0.014240696000342723,45,55
calibration-task07-init13,calibration,nominal,7,13,55,0.8126553297042847,0.0,0.8126553297042847,10,False,,0.856012225151062,0.9325565099716187,0.013271517000248423,46,56
calibration-task07-init13,calibration,nominal,7,13,56,0.8774012923240662,0.0,0.8774012923240662,10,False,,0.9261719584465027,1.1219627857208252,0.01313445100095123,47,57
calibration-task07-init13,calibration,nominal,7,13,57,0.9060139656066895,0.0,0.9060139656066895,10,False,,0.9353782534599304,1.0955810546875,0.013069591999737895,48,58
calibration-task07-init13,calibration,nominal,7,13,58,0.933877170085907,0.0,0.933877170085907,10,False,,0.978526771068573,1.171365737915039,0.013609868999992614,49,59
calibration-task07-init13,calibration,nominal,7,13,59,0.9204348921775818,0.0,0.9204348921775818,10,False,,0.9744091033935547,1.1710177659988403,0.013531090999094886,50,60
calibration-task07-init13,calibration,nominal,7,13,60,0.8408788442611694,0.0,0.8408788442611694,10,False,,0.9173206090927124,0.9629940390586853,0.015156620000198018,51,61
calibration-task07-init13,calibration,nominal,7,13,61,0.789165198802948,0.0,0.789165198802948,10,False,,0.8183627128601074,0.9022988080978394,0.013935163000496686,52,62
calibration-task07-init13,calibration,nominal,7,13,62,0.7671071290969849,0.0,0.7671071290969849,10,False,,0.8601402044296265,0.8560065031051636,0.013658948000738746,53,63
calibration-task07-init13,calibration,nominal,7,13,63,0.8549041748046875,0.0,0.8549041748046875,10,False,,0.8588190078735352,0.8865437507629395,0.016525375000128406,54,64
calibration-task07-init13,calibration,nominal,7,13,64,0.8705917596817017,0.0,0.8705917596817017,10,False,,0.8818334341049194,0.868566632270813,0.01512738199926389,55,65
calibration-task07-init13,calibration,nominal,7,13,65,0.9907318949699402,0.0,0.9907318949699402,10,False,,1.0040651559829712,1.0540207624435425,0.014609533000111696,56,66
calibration-task07-init13,calibration,nominal,7,13,66,1.0293679237365723,0.0,1.0293679237365723,10,False,,1.0701804161071777,1.1266552209854126,0.01341095200041309,57,67
calibration-task07-init13,calibration,nominal,7,13,67,1.193955898284912,0.0,1.193955898284912,10,False,,1.1974555253982544,1.2970036268234253,0.013225221000539022,58,68
calibration-task07-init13,calibration,nominal,7,13,68,1.1496903896331787,0.0,1.1496903896331787,10,False,,1.2356576919555664,1.3671891689300537,0.013217912999607506,59,69
calibration-task07-init13,calibration,nominal,7,13,69,1.1601920127868652,0.0,1.1601920127868652,10,False,,1.2640717029571533,1.3771235942840576,0.01290823899944371,60,70
calibration-task07-init13,calibration,nominal,7,13,70,1.3219926357269287,0.0,1.3219926357269287,10,False,,1.3875732421875,1.448928713798523,0.013337297999896691,61,71
calibration-task07-init13,calibration,nominal,7,13,71,0.9877123236656189,0.0,0.9877123236656189,10,False,,1.0765230655670166,1.172816514968872,0.014879198000926408,62,72
calibration-task07-init13,calibration,nominal,7,13,72,1.1372774839401245,0.0,1.1372774839401245,10,False,,1.2064458131790161,1.2351248264312744,0.013490104000084102,63,73
calibration-task07-init13,calibration,nominal,7,13,73,1.11366605758667,0.0,1.11366605758667,10,False,,1.1312428712844849,1.240408182144165,0.01543500200023118,64,74
calibration-task07-init13,calibration,nominal,7,13,74,1.228299856185913,0.0,1.228299856185913,10,False,,1.2287893295288086,1.414503574371338,0.013904572000683402,65,75
calibration-task07-init13,calibration,nominal,7,13,75,1.270999789237976,0.0,1.270999789237976,10,False,,1.4053353071212769,1.5854175090789795,0.014999103999798535,66,76
calibration-task07-init13,calibration,nominal,7,13,76,1.1340582370758057,0.0,1.1340582370758057,10,False,,1.232790470123291,1.5821082592010498,0.014069169999856967,67,77
calibration-task07-init13,calibration,nominal,7,13,77,1.029508113861084,0.0,1.029508113861084,10,False,,1.1202824115753174,1.3751797676086426,0.013235833999715396,68,78
calibration-task07-init13,calibration,nominal,7,13,78,1.2712817192077637,0.0,1.2712817192077637,10,False,,1.3079261779785156,1.65579354763031,0.01392289800060098,69,79
calibration-task07-init13,calibration,nominal,7,13,79,0.9466598033905029,0.0,0.9466598033905029,10,False,,1.0409059524536133,1.3315088748931885,0.019254093000199646,70,80
calibration-task07-init13,calibration,nominal,7,13,80,0.8591827154159546,0.0,0.8591827154159546,10,False,,0.9455534219741821,1.2064727544784546,0.014370007000252372,71,81
calibration-task07-init13,calibration,nominal,7,13,81,0.840567946434021,0.0,0.840567946434021,10,False,,0.9140989184379578,1.0992467403411865,0.013651006000145571,72,82
calibration-task07-init13,calibration,nominal,7,13,82,0.9339947700500488,0.0,0.9339947700500488,10,False,,0.9182521104812622,1.141235589981079,0.016430020999905537,73,83
calibration-task07-init13,calibration,nominal,7,13,83,0.9368752241134644,0.0,0.9368752241134644,10,False,,0.9923954010009766,1.1099064350128174,0.013248698000097647,74,84
calibration-task07-init13,calibration,nominal,7,13,84,0.856757640838623,0.0,0.856757640838623,10,False,,0.9944612383842468,1.079973816871643,0.02940302699971653,75,85
calibration-task07-init13,calibration,nominal,7,13,85,0.9041840434074402,0.0,0.9041840434074402,10,False,,1.0122952461242676,1.2069439888000488,0.020587869001246872,76,86
calibration-task07-init13,calibration,nominal,7,13,86,0.7717570066452026,0.0,0.7717570066452026,10,False,,0.8069387674331665,1.1672240495681763,0.01466743399942061,77,87
calibration-task07-init13,calibration,nominal,7,13,87,0.856169581413269,0.0,0.856169581413269,10,False,,0.9274451732635498,1.3194117546081543,0.015525531000093906,78,88
calibration-task07-init13,calibration,nominal,7,13,88,0.8100185394287109,0.0,0.8100185394287109,10,False,,0.8014998435974121,1.4322984218597412,0.015106669001397677,79,89
calibration-task07-init13,calibration,nominal,7,13,89,0.8560416102409363,0.0,0.8560416102409363,10,False,,0.8464981913566589,0.8914124369621277,0.013317638000444276,80,90
calibration-task07-init13,calibration,motion_attenuation_0p5,7,13,9,0.5146137475967407,0.0,0.5146137475967407,10,False,50,0.6520761847496033,0.3459279537200928,0.013214471000537742,0,10
calibration-task07-init13,calibration,motion_attenuation_0p5,7,13,10,0.5392199754714966,0.0,0.5392199754714966,10,False,50,0.6789597272872925,0.4424295127391815,0.01420249100010551,1,11
calibration-task07-init13,calibration,motion_attenuation_0p5,7,13,11,0.5567625164985657,0.0,0.5567625164985657,10,False,50,0.6008081436157227,0.4667605757713318,0.017901319999509724,2,12
calibration-task07-init13,calibration,motion_attenuation_0p5,7,13,12,0.5586965084075928,0.0,0.5586965084075928,10,False,50,0.6128095984458923,0.5321083068847656,0.013069964999885997,3,13
calibration-task07-init13,calibration,motion_attenuation_0p5,7,13,13,0.5742174983024597,0.0,0.5742174983024597,10,False,50,0.6230820417404175,0.648559033870697,0.01964835199942172,4,14
calibration-task07-init13,calibration,motion_attenuation_0p5,7,13,14,0.6148486733436584,0.0,0.6148486733436584,10,False,50,0.627677321434021,0.6859784126281738,0.014531393999277498,5,15
calibration-task07-init13,calibration,motion_attenuation_0p5,7,13,15,0.6264766454696655,0.0,0.6264766454696655,10,False,50,0.7254246473312378,0.8088401556015015,0.02842999299900839,6,16
calibration-task07-init13,calibration,motion_attenuation_0p5,7,13,16,0.589570164680481,0.0,0.589570164680481,10,False,50,0.6063083410263062,0.6914546489715576,0.015806383000381174,7,17
calibration-task07-init13,calibration,motion_attenuation_0p5,7,13,17,0.602360725402832,0.0,0.602360725402832,10,False,50,0.6620609760284424,0.7327218055725098,0.013473469000018667,8,18
calibration-task07-init13,calibration,motion_attenuation_0p5,7,13,18,0.6442824602127075,0.0,0.6442824602127075,10,False,50,0.6480087041854858,0.6878249049186707,0.013216596998972818,9,19
calibration-task07-init13,calibration,motion_attenuation_0p5,7,13,19,0.636130690574646,0.0,0.636130690574646,10,False,50,0.6752323508262634,0.7117323875427246,0.014408301998628303,10,20
calibration-task07-init13,calibration,motion_attenuation_0p5,7,13,20,0.599428117275238,0.0,0.599428117275238,10,False,50,0.6426193118095398,0.700677752494812,0.014316790999146178,11,21
calibration-task07-init13,calibration,motion_attenuation_0p5,7,13,21,0.6741341352462769,0.0,0.6741341352462769,10,False,50,0.7524406313896179,0.7804243564605713,0.012815770000088378,12,22
calibration-task07-init13,calibration,motion_attenuation_0p5,7,13,22,0.6924341917037964,0.0,0.6924341917037964,10,False,50,0.7293740510940552,0.8107767105102539,0.013735929998802021,13,23
calibration-task07-init13,calibration,motion_attenuation_0p5,7,13,23,0.7166814804077148,0.0,0.7166814804077148,10,False,50,0.7633551955223083,0.7847480773925781,0.014384093999979086,14,24
calibration-task07-init13,calibration,motion_attenuation_0p5,7,13,24,0.7741599082946777,0.0,0.7741599082946777,10,False,50,0.793632984161377,0.9199454188346863,0.013636629999382421,15,25
calibration-task07-init13,calibration,motion_attenuation_0p5,7,13,25,0.7739397883415222,0.0,0.7739397883415222,10,False,50,0.8009852170944214,0.7573390007019043,0.01677806000043347,16,26
calibration-task07-init13,calibration,motion_attenuation_0p5,7,13,26,0.7642567157745361,0.0,0.7642567157745361,10,False,50,0.8067957758903503,0.7818827629089355,0.012909285000205273,17,27
calibration-task07-init13,calibration,motion_attenuation_0p5,7,13,27,0.8709415793418884,0.0,0.8709415793418884,10,False,50,0.9328304529190063,0.8423967361450195,0.01310220599953027,18,28
calibration-task07-init13,calibration,motion_attenuation_0p5,7,13,28,0.827119767665863,0.0,0.827119767665863,10,False,50,0.8585060834884644,0.8817720413208008,0.013340261999474023,19,29
calibration-task07-init13,calibration,motion_attenuation_0p5,7,13,29,0.8851557970046997,0.0,0.8851557970046997,10,False,50,0.8912930488586426,0.9796632528305054,0.013197524000133853,20,30
calibration-task07-init13,calibration,motion_attenuation_0p5,7,13,30,0.9238075017929077,0.0,0.9238075017929077,10,False,50,0.9715366363525391,0.9346567392349243,0.013226725999629707,21,31
calibration-task07-init13,calibration,motion_attenuation_0p5,7,13,31,1.0410116910934448,0.0,1.0410116910934448,10,False,50,1.0512323379516602,1.0063917636871338,0.013101335000101244,22,32
calibration-task07-init13,calibration,motion_attenuation_0p5,7,13,32,0.9372686743736267,0.0,0.9372686743736267,10,False,50,1.0165398120880127,1.0226961374282837,0.015755389000332798,23,33
calibration-task07-init13,calibration,motion_attenuation_0p5,7,13,33,0.9834421873092651,0.0,0.9834421873092651,10,False,50,1.031308650970459,0.8658777475357056,0.01298534299894527,24,34
calibration-task07-init13,calibration,motion_attenuation_0p5,7,13,34,1.0850166082382202,0.0,1.0850166082382202,10,False,50,1.1752738952636719,0.8109082579612732,0.013335540001207846,25,35
calibration-task07-init13,calibration,motion_attenuation_0p5,7,13,35,0.855987548828125,0.0,0.855987548828125,10,False,50,0.8846378326416016,0.6997325420379639,0.013666238999576308,26,36
calibration-task07-init13,calibration,motion_attenuation_0p5,7,13,36,0.8042377829551697,0.0,0.8042377829551697,10,False,50,0.8725454807281494,0.5077738761901855,0.013668278999830363,27,37
calibration-task07-init13,calibration,motion_attenuation_0p5,7,13,37,0.7848085165023804,0.0,0.7848085165023804,10,False,50,0.9652550220489502,0.5229868292808533,0.014516112998535391,28,38
calibration-task07-init13,calibration,motion_attenuation_0p5,7,13,38,0.692755401134491,0.0,0.692755401134491,10,False,50,0.8420674204826355,0.4422041177749634,0.016075412999271066,29,39
calibration-task07-init13,calibration,motion_attenuation_0p5,7,13,39,0.7437846064567566,0.0,0.7437846064567566,10,False,50,0.8536092042922974,0.4380417764186859,0.013521970000510919,30,40
calibration-task07-init13,calibration,motion_attenuation_0p5,7,13,40,0.8272958993911743,0.0,0.8272958993911743,10,False,50,0.8906536102294922,0.4940924048423767,0.014047799000763916,31,41
calibration-task07-init13,calibration,motion_attenuation_0p5,7,13,41,0.8146823644638062,0.0,0.8146823644638062,10,False,50,0.8496584296226501,0.45487624406814575,0.01548976199956087,32,42
calibration-task07-init13,calibration,motion_attenuation_0p5,7,13,42,0.7206734418869019,0.0,0.7206734418869019,10,False,50,0.6998917460441589,0.45369952917099,0.02120433399977628,33,43
calibration-task07-init13,calibration,motion_attenuation_0p5,7,13,43,0.7177326083183289,0.0,0.7177326083183289,10,False,50,0.7031891345977783,0.46408748626708984,0.014615338001021883,34,44
calibration-task07-init13,calibration,motion_attenuation_0p5,7,13,44,0.7057031989097595,0.0,0.7057031989097595,10,False,50,0.69175785779953,0.48845046758651733,0.017574606999914977,35,45
calibration-task07-init13,calibration,motion_attenuation_0p5,7,13,45,0.6449621915817261,0.0,0.6449621915817261,10,False,50,0.7254232168197632,0.48279404640197754,0.017412993000107235,36,46
calibration-task07-init13,calibration,motion_attenuation_0p5,7,13,46,0.6957830190658569,0.0,0.6957830190658569,10,False,50,0.7458543181419373,0.49450749158859253,0.018289714000275126,37,47
calibration-task07-init13,calibration,motion_attenuation_0p5,7,13,47,0.6805524826049805,0.0,0.6805524826049805,10,False,50,0.771265983581543,0.5784165263175964,0.01919253600135562,38,48
calibration-task07-init13,calibration,motion_attenuation_0p5,7,13,48,0.6908715963363647,0.0,0.6908715963363647,10,False,50,0.7880699038505554,0.5983461141586304,0.013607945998955984,39,49
calibration-task07-init13,calibration,motion_attenuation_0p5,7,13,49,0.7547369003295898,0.0,0.7547369003295898,10,False,50,0.7640230059623718,0.6042644381523132,0.01357645400094043,40,50
calibration-task07-init13,calibration,motion_attenuation_0p5,7,13,50,0.685426652431488,0.0051378607749938965,0.6802887916564941,10,True,50,0.716401994228363,0.5415837168693542,0.014735545999428723,41,51
calibration-task07-init13,calibration,motion_attenuation_0p5,7,13,51,0.7217668294906616,0.005979955196380615,0.715786874294281,10,True,50,0.7176574468612671,0.7073856592178345,0.015567643000395037,42,52
calibration-task07-init13,calibration,motion_attenuation_0p5,7,13,52,0.7733192443847656,0.011647999286651611,0.761671245098114,10,True,50,0.7310761213302612,0.7242188453674316,0.01579675699940708,43,53
calibration-task07-init13,calibration,motion_attenuation_0p5,7,13,53,0.7105993628501892,0.017689943313598633,0.6929094195365906,10,True,50,0.6799831390380859,0.6186422109603882,0.013446551000015461,44,54
calibration-task07-init13,calibration,motion_attenuation_0p5,7,13,54,0.802268385887146,0.015002727508544922,0.7872656583786011,10,True,50,0.7537921667098999,0.7421560287475586,0.018119770998964668,45,55
calibration-task07-init13,calibration,motion_attenuation_0p5,7,13,55,0.8159933090209961,0.012101292610168457,0.8038920164108276,10,True,50,0.7748963236808777,0.7503938674926758,0.014178641999023966,46,56
calibration-task07-init13,calibration,motion_attenuation_0p5,7,13,56,0.8208179473876953,0.012557625770568848,0.8082603216171265,10,True,50,0.7782151103019714,0.8497003316879272,0.01595772200016654,47,57
calibration-task07-init13,calibration,motion_attenuation_0p5,7,13,57,0.8388795256614685,0.01583153009414673,0.8230479955673218,10,True,50,0.7976521253585815,0.7654668688774109,0.015367281999715487,48,58
calibration-task07-init13,calibration,motion_attenuation_0p5,7,13,58,0.811066746711731,0.0054482221603393555,0.8056185245513916,10,True,50,0.7906445264816284,0.7920297980308533,0.013468273000398767,49,59
calibration-task07-init13,calibration,motion_attenuation_0p5,7,13,59,0.8472080230712891,-0.006838023662567139,0.8540460467338562,10,True,50,0.841214656829834,0.8258212804794312,0.01316490600038378,50,60
calibration-task07-init13,calibration,motion_attenuation_0p5,7,13,60,0.7804765701293945,-0.008118987083435059,0.7885955572128296,10,True,50,0.7884048819541931,0.6737837195396423,0.014217935999113251,51,61
calibration-task07-init13,calibration,motion_attenuation_0p5,7,13,61,0.822311282157898,-0.009746551513671875,0.8320578336715698,10,True,50,0.865121603012085,0.7263034582138062,0.01373980900098104,52,62
calibration-task07-init13,calibration,motion_attenuation_0p5,7,13,62,0.7778892517089844,-0.00621485710144043,0.7841041088104248,10,True,50,0.8175436854362488,0.6737059354782104,0.018104663000485743,53,63
calibration-task07-init13,calibration,motion_attenuation_0p5,7,13,63,0.7247227430343628,-0.0009563565254211426,0.7256790995597839,10,True,50,0.7523252367973328,0.6495546102523804,0.013416808000329183,54,64
calibration-task07-init13,calibration,motion_attenuation_0p5,7,13,64,0.6817017793655396,0.0095750093460083,0.6721267700195312,10,True,50,0.7220398783683777,0.5649624466896057,0.01827317000061157,55,65
calibration-task07-init13,calibration,motion_attenuation_0p5,7,13,65,0.7151457667350769,0.012267768383026123,0.7028779983520508,10,True,50,0.7583761215209961,0.6724740862846375,0.03199743299956026,56,66
calibration-task07-init13,calibration,motion_attenuation_0p5,7,13,66,0.7031121253967285,0.011470139026641846,0.6916419863700867,10,True,50,0.7331227660179138,0.5736837983131409,0.013094044001263683,57,67
calibration-task07-init13,calibration,motion_attenuation_0p5,7,13,67,0.6586117744445801,0.023639321327209473,0.6349724531173706,10,True,50,0.6769410967826843,0.5242886543273926,0.013507528999980423,58,68
calibration-task07-init13,calibration,motion_attenuation_0p5,7,13,68,0.6299218535423279,0.02628302574157715,0.6036388278007507,10,True,50,0.6690069437026978,0.4256467819213867,0.01537636799912434,59,69
calibration-task07-init13,calibration,motion_attenuation_0p5,7,13,69,0.5931849479675293,0.014818787574768066,0.5783661603927612,10,True,50,0.6138237118721008,0.5017058849334717,0.013839705999998841,60,70
calibration-task07-init13,calibration,motion_attenuation_0p5,7,13,70,0.5886194705963135,0.004540920257568359,0.5840785503387451,10,True,50,0.6021170020103455,0.4641549587249756,0.015824032001546584,61,71
calibration-task07-init13,calibration,motion_attenuation_0p5,7,13,71,0.652580976486206,-0.00032633543014526367,0.6529073119163513,10,True,50,0.6689502596855164,0.5403770208358765,0.01340562699988368,62,72
calibration-task07-init13,calibration,motion_attenuation_0p5,7,13,72,0.6438174247741699,-0.00416409969329834,0.6479815244674683,10,True,50,0.656871497631073,0.5423831939697266,0.013588820000222768,63,73
calibration-task07-init13,calibration,motion_attenuation_0p5,7,13,73,0.656883955001831,-0.006115913391113281,0.6629998683929443,10,True,50,0.7291332483291626,0.5484966039657593,0.016195128999243025,64,74
calibration-task07-init13,calibration,motion_attenuation_0p5,7,13,74,0.732178807258606,0.015840649604797363,0.7163381576538086,10,True,50,0.7202982902526855,0.5976633429527283,0.013098286000968073,65,75
calibration-task07-init13,calibration,motion_attenuation_0p5,7,13,75,0.7279952764511108,-0.01636326313018799,0.7443585395812988,10,True,50,0.8186118006706238,0.6391779184341431,0.016243231999396812,66,76
calibration-task07-init13,calibration,motion_attenuation_0p5,7,13,76,0.6951362490653992,-0.01840043067932129,0.7135366797447205,10,True,50,0.7910594344139099,0.6183872222900391,0.015953692000039155,67,77
calibration-task07-init13,calibration,motion_attenuation_0p5,7,13,77,0.7748019099235535,0.008542239665985107,0.7662596702575684,10,True,50,0.8631608486175537,0.7326754927635193,0.014128726999842911,68,78
calibration-task07-init13,calibration,motion_attenuation_0p5,7,13,78,0.8066415190696716,-0.02599424123764038,0.832635760307312,10,True,50,0.8976211547851562,0.7631646990776062,0.013732275998336263,69,79
calibration-task07-init13,calibration,motion_attenuation_0p5,7,13,79,0.9960042834281921,-0.03362196683883667,1.0296262502670288,10,True,50,1.0892713069915771,0.9632843732833862,0.01588606600125786,70,80
calibration-task07-init13,calibration,motion_attenuation_0p5,7,13,80,1.0161972045898438,0.03955870866775513,0.9766384959220886,10,True,50,1.0592668056488037,0.8770427703857422,0.015130645000681398,71,81
calibration-task07-init13,calibration,motion_attenuation_0p5,7,13,81,0.696234405040741,-0.05519598722457886,0.7514303922653198,10,True,50,0.8713902235031128,0.6604942679405212,0.015668869000364793,72,82
calibration-task07-init13,calibration,motion_attenuation_0p5,7,13,82,0.7718819379806519,-0.0032820701599121094,0.775164008140564,10,True,50,0.9111468195915222,0.6716496348381042,0.02238993799983291,73,83
calibration-task07-init13,calibration,motion_attenuation_0p5,7,13,83,0.8040908575057983,-0.038818955421447754,0.8429098129272461,10,True,50,0.893037736415863,0.6993781328201294,0.013170576999982586,74,84
calibration-task07-init13,calibration,motion_attenuation_0p5,7,13,84,0.74139803647995,-0.02632904052734375,0.7677270770072937,10,True,50,0.8318993449211121,0.671812891960144,0.014749414000107208,75,85
calibration-task07-init13,calibration,motion_attenuation_0p5,7,13,85,0.744779109954834,-0.053644418716430664,0.7984235286712646,10,True,50,0.8540242910385132,0.6555429697036743,0.01468493600077636,76,86
calibration-task07-init13,calibration,motion_attenuation_0p5,7,13,86,0.8120507597923279,-0.06569218635559082,0.8777429461479187,10,True,50,0.9321668148040771,0.7764741778373718,0.01500429699990491,77,87
calibration-task07-init13,calibration,motion_attenuation_0p5,7,13,87,0.9680384993553162,-0.06379169225692749,1.0318301916122437,10,True,50,1.0017086267471313,0.8327659368515015,0.015527448998909676,78,88
calibration-task07-init13,calibration,motion_attenuation_0p5,7,13,88,0.665204644203186,-0.039438605308532715,0.7046432495117188,10,True,50,0.687374472618103,0.6437074542045593,0.03259104999960982,79,89
calibration-task07-init13,calibration,motion_attenuation_0p5,7,13,89,0.7614471912384033,0.011866450309753418,0.7495807409286499,10,True,50,0.8167524337768555,0.7440125346183777,0.013108529999954044,80,90
calibration-task08-init16,calibration,nominal,8,16,9,0.4775046706199646,0.0,0.4775046706199646,10,False,,0.6140537261962891,0.7195167541503906,0.013068851001662551,0,10
calibration-task08-init16,calibration,nominal,8,16,10,0.49128732085227966,0.0,0.49128732085227966,10,False,,0.6105911731719971,0.7867107391357422,0.025635723999585025,1,11
calibration-task08-init16,calibration,nominal,8,16,11,0.48479852080345154,0.0,0.48479852080345154,10,False,,0.6960803866386414,0.8617329597473145,0.015467892000742722,2,12
calibration-task08-init16,calibration,nominal,8,16,12,0.5748085975646973,0.0,0.5748085975646973,10,False,,0.8382151126861572,1.0463216304779053,0.014774323999517947,3,13
calibration-task08-init16,calibration,nominal,8,16,13,0.6283267736434937,0.0,0.6283267736434937,10,False,,0.8957914113998413,1.1361720561981201,0.013084363999951165,4,14
calibration-task08-init16,calibration,nominal,8,16,14,0.7694801092147827,0.0,0.7694801092147827,10,False,,0.957504153251648,1.1715795993804932,0.013728611998885754,5,15
calibration-task08-init16,calibration,nominal,8,16,15,0.7889940142631531,0.0,0.7889940142631531,10,False,,0.9627351760864258,1.2710466384887695,0.015621161999661126,6,16
calibration-task08-init16,calibration,nominal,8,16,16,0.8038761019706726,0.0,0.8038761019706726,10,False,,0.8937674760818481,1.335911512374878,0.013600402999145444,7,17
calibration-task08-init16,calibration,nominal,8,16,17,0.7377969026565552,0.0,0.7377969026565552,10,False,,0.7860252857208252,1.3792051076889038,0.013527982999221422,8,18
calibration-task08-init16,calibration,nominal,8,16,18,0.7962468862533569,0.0,0.7962468862533569,10,False,,0.7929247617721558,1.3342779874801636,0.013606750999315409,9,19
calibration-task08-init16,calibration,nominal,8,16,19,0.7373104095458984,0.0,0.7373104095458984,10,False,,0.7410722970962524,1.3525779247283936,0.033190000998729374,10,20
calibration-task08-init16,calibration,nominal,8,16,20,0.6530671119689941,0.0,0.6530671119689941,10,False,,0.6390600800514221,1.2384381294250488,0.014187718001267058,11,21
calibration-task08-init16,calibration,nominal,8,16,21,0.6385315656661987,0.0,0.6385315656661987,10,False,,0.6086267828941345,1.1119632720947266,0.013015605998589308,12,22
calibration-task08-init16,calibration,nominal,8,16,22,0.5576142072677612,0.0,0.5576142072677612,10,False,,0.5589656233787537,1.0385500192642212,0.015748853998957202,13,23
calibration-task08-init16,calibration,nominal,8,16,23,0.597646951675415,0.0,0.597646951675415,10,False,,0.5994226336479187,1.0381605625152588,0.012941515999045805,14,24
calibration-task08-init16,calibration,nominal,8,16,24,0.6645143628120422,0.0,0.6645143628120422,10,False,,0.6570889949798584,1.1276233196258545,0.01552016499954334,15,25
calibration-task08-init16,calibration,nominal,8,16,25,0.7394951581954956,0.0,0.7394951581954956,10,False,,0.7195442914962769,1.1848127841949463,0.013968407998618204,16,26
calibration-task08-init16,calibration,nominal,8,16,26,0.7547675967216492,0.0,0.7547675967216492,10,False,,0.7895383834838867,1.1712079048156738,0.016494073999638204,17,27
calibration-task08-init16,calibration,nominal,8,16,27,0.819324254989624,0.0,0.819324254989624,10,False,,0.8387026786804199,1.1540355682373047,0.013177310000173748,18,28
calibration-task08-init16,calibration,nominal,8,16,28,0.7622820138931274,0.0,0.7622820138931274,10,False,,0.8692712783813477,1.1796562671661377,0.014137533000393887,19,29
calibration-task08-init16,calibration,nominal,8,16,29,0.7792187929153442,0.0,0.7792187929153442,10,False,,0.8943547010421753,1.1929314136505127,0.0221811940009502,20,30
calibration-task08-init16,calibration,nominal,8,16,30,0.6990838050842285,0.0,0.6990838050842285,10,False,,0.7455179691314697,1.1576509475708008,0.013591274999271263,21,31
calibration-task08-init16,calibration,nominal,8,16,31,0.5899662375450134,0.0,0.5899662375450134,10,False,,0.6903714537620544,1.1416010856628418,0.01371390500025882,22,32
calibration-task08-init16,calibration,nominal,8,16,32,0.6215600371360779,0.0,0.6215600371360779,10,False,,0.6708716154098511,1.023601770401001,0.013461602999086608,23,33
calibration-task08-init16,calibration,nominal,8,16,33,0.5932100415229797,0.0,0.5932100415229797,10,False,,0.6010935306549072,0.9918016195297241,0.014130450999800814,24,34
calibration-task08-init16,calibration,nominal,8,16,34,0.6444219946861267,0.0,0.6444219946861267,10,False,,0.6861529350280762,0.9806280136108398,0.012900731999252457,25,35
calibration-task08-init16,calibration,nominal,8,16,35,0.7307314276695251,0.0,0.7307314276695251,10,False,,0.7455676794052124,0.9534286260604858,0.014534185000229627,26,36
calibration-task08-init16,calibration,nominal,8,16,36,0.9501988887786865,0.0,0.9501988887786865,10,False,,0.906510055065155,0.9707533717155457,0.014768135999474907,27,37
calibration-task08-init16,calibration,nominal,8,16,37,0.916209876537323,0.0,0.916209876537323,10,False,,0.8955893516540527,1.0413899421691895,0.013563394000811968,28,38
calibration-task08-init16,calibration,nominal,8,16,38,0.95441073179245,0.0,0.95441073179245,10,False,,0.8690783977508545,1.0617527961730957,0.013288946998727624,29,39
calibration-task08-init16,calibration,nominal,8,16,39,0.8598060607910156,0.0,0.8598060607910156,10,False,,0.8014187812805176,0.901631236076355,0.01326387699918996,30,40
calibration-task08-init16,calibration,nominal,8,16,40,0.8071373701095581,0.0,0.8071373701095581,10,False,,0.7550945281982422,0.8702636957168579,0.015533813999354606,31,41
calibration-task08-init16,calibration,nominal,8,16,41,0.7805368304252625,0.0,0.7805368304252625,10,False,,0.7683213949203491,0.8517624139785767,0.014305124999737018,32,42
calibration-task08-init16,calibration,nominal,8,16,42,0.7362635135650635,0.0,0.7362635135650635,10,False,,0.6970025897026062,0.778631865978241,0.01891892999992706,33,43
calibration-task08-init16,calibration,nominal,8,16,43,0.7165616750717163,0.0,0.7165616750717163,10,False,,0.7492241263389587,0.6776768565177917,0.013177622000512201,34,44
calibration-task08-init16,calibration,nominal,8,16,44,0.6629886627197266,0.0,0.6629886627197266,10,False,,0.6742691993713379,0.6555155515670776,0.0135677130001568,35,45
calibration-task08-init16,calibration,nominal,8,16,45,0.6236572265625,0.0,0.6236572265625,10,False,,0.6985042095184326,0.723662793636322,0.013427481999315205,36,46
calibration-task08-init16,calibration,nominal,8,16,46,0.7059807181358337,0.0,0.7059807181358337,10,False,,0.7617149353027344,0.7985708117485046,0.013023683999563218,37,47
calibration-task08-init16,calibration,nominal,8,16,47,0.760938823223114,0.0,0.760938823223114,10,False,,0.7689616084098816,0.9825274348258972,0.013832114998876932,38,48
calibration-task08-init16,calibration,nominal,8,16,48,1.0960617065429688,0.0,1.0960617065429688,10,False,,0.9420155882835388,1.1942112445831299,0.01431849499931559,39,49
calibration-task08-init16,calibration,nominal,8,16,49,0.936346709728241,0.0,0.936346709728241,10,False,,0.775871753692627,1.1607463359832764,0.031246756998370984,40,50
calibration-task08-init16,calibration,nominal,8,16,50,0.9281103014945984,0.0,0.9281103014945984,10,False,,0.8281445503234863,1.317171573638916,0.021235606000118423,41,51
calibration-task08-init16,calibration,nominal,8,16,51,1.0288927555084229,0.0,1.0288927555084229,10,False,,1.0817110538482666,2.2370285987854004,0.013527371000236599,42,52
calibration-task08-init16,calibration,nominal,8,16,52,1.0209360122680664,0.0,1.0209360122680664,10,False,,1.1661957502365112,2.3618690967559814,0.014113863000602578,43,53
calibration-task08-init16,calibration,nominal,8,16,53,0.9909389019012451,0.0,0.9909389019012451,10,False,,1.2313838005065918,2.137866497039795,0.0271467250004207,44,54
calibration-task08-init16,calibration,nominal,8,16,54,0.9679449796676636,0.0,0.9679449796676636,10,False,,0.9852632284164429,2.098548412322998,0.013769083998340648,45,55
calibration-task08-init16,calibration,nominal,8,16,55,0.9595440626144409,0.0,0.9595440626144409,10,False,,0.979649543762207,2.0051257610321045,0.013127607999194879,46,56
calibration-task08-init16,calibration,nominal,8,16,56,0.8706893920898438,0.0,0.8706893920898438,10,False,,0.961499810218811,1.838322401046753,0.013445131000480615,47,57
calibration-task08-init16,calibration,nominal,8,16,57,0.9072877764701843,0.0,0.9072877764701843,10,False,,1.1414910554885864,1.6995735168457031,0.012944981001055567,48,58
calibration-task08-init16,calibration,nominal,8,16,58,0.9545167684555054,0.0,0.9545167684555054,10,False,,1.159254550933838,1.46396005153656,0.01426314799937245,49,59
calibration-task08-init16,calibration,nominal,8,16,59,0.7730015516281128,0.0,0.7730015516281128,10,False,,0.8229426145553589,1.1590378284454346,0.013982853000925388,50,60
calibration-task08-init16,calibration,nominal,8,16,60,0.7267135381698608,0.0,0.7267135381698608,10,False,,0.7546411752700806,0.9115416407585144,0.014468405999650713,51,61
calibration-task08-init16,calibration,nominal,8,16,61,0.6225318908691406,0.0,0.6225318908691406,10,False,,0.6175020933151245,0.40530675649642944,0.01601367500006745,52,62
calibration-task08-init16,calibration,nominal,8,16,62,0.7471837997436523,0.0,0.7471837997436523,10,False,,0.7292671203613281,0.5972386598587036,0.037255227000059676,53,63
calibration-task08-init16,calibration,nominal,8,16,63,0.7695549726486206,0.0,0.7695549726486206,10,False,,0.7718685865402222,0.6917002201080322,0.013426067998807412,54,64
calibration-task08-init16,calibration,nominal,8,16,64,0.7924270629882812,0.0,0.7924270629882812,10,False,,0.7984189391136169,0.6884756088256836,0.0347735859995737,55,65
calibration-task08-init16,calibration,nominal,8,16,65,0.8239642977714539,0.0,0.8239642977714539,10,False,,0.8362283706665039,0.7154219150543213,0.014850755000225035,56,66
calibration-task08-init16,calibration,nominal,8,16,66,0.8192291259765625,0.0,0.8192291259765625,10,False,,0.8334804773330688,0.7807149887084961,0.013474782001139829,57,67
calibration-task08-init16,calibration,nominal,8,16,67,0.9685596227645874,0.0,0.9685596227645874,10,False,,0.9745914340019226,0.9111073017120361,0.01410751799994614,58,68
calibration-task08-init16,calibration,nominal,8,16,68,0.8616153597831726,0.0,0.8616153597831726,10,False,,0.8696984052658081,0.9481658935546875,0.012670091000472894,59,69
calibration-task08-init16,calibration,nominal,8,16,69,1.0360939502716064,0.0,1.0360939502716064,10,False,,1.0027226209640503,1.524686336517334,0.012935857999764266,60,70
calibration-task08-init16,calibration,nominal,8,16,70,1.0395413637161255,0.0,1.0395413637161255,10,False,,0.957145094871521,1.6314772367477417,0.012992992998988484,61,71
calibration-task08-init16,calibration,nominal,8,16,71,1.0208799839019775,0.0,1.0208799839019775,10,False,,0.9484515190124512,1.6543673276901245,0.013734480999119114,62,72
calibration-task08-init16,calibration,nominal,8,16,72,1.003103494644165,0.0,1.003103494644165,10,False,,0.9536387920379639,1.6693415641784668,0.014196038999216398,63,73
calibration-task08-init16,calibration,nominal,8,16,73,0.9711380004882812,0.0,0.9711380004882812,10,False,,0.9159049391746521,1.6038920879364014,0.015347238000686048,64,74
calibration-task08-init16,calibration,nominal,8,16,74,1.015099048614502,0.0,1.015099048614502,10,False,,1.0214675664901733,1.7598862648010254,0.018684223001400824,65,75
calibration-task08-init16,calibration,nominal,8,16,75,0.948844313621521,0.0,0.948844313621521,10,False,,0.9934468269348145,1.8562555313110352,0.013027262000832707,66,76
calibration-task08-init16,calibration,nominal,8,16,76,0.90667724609375,0.0,0.90667724609375,10,False,,1.0159238576889038,1.8856439590454102,0.012826366999433958,67,77
calibration-task08-init16,calibration,nominal,8,16,77,0.810543954372406,0.0,0.810543954372406,10,False,,0.888181209564209,1.7915862798690796,0.013902755999879446,68,78
calibration-task08-init16,calibration,nominal,8,16,78,0.6102585196495056,0.0,0.6102585196495056,10,False,,0.644731879234314,1.4987401962280273,0.014357220001329551,69,79
calibration-task08-init16,calibration,nominal,8,16,79,0.5204629898071289,0.0,0.5204629898071289,10,False,,0.5135859251022339,0.7657794952392578,0.013688499000636511,70,80
calibration-task08-init16,calibration,nominal,8,16,80,0.5284044742584229,0.0,0.5284044742584229,10,False,,0.5550283789634705,0.7028422355651855,0.014614428000641055,71,81
calibration-task08-init16,calibration,nominal,8,16,81,0.5105273723602295,0.0,0.5105273723602295,10,False,,0.5363950133323669,0.6850942969322205,0.017938278999281465,72,82
calibration-task08-init16,calibration,nominal,8,16,82,0.5048170685768127,0.0,0.5048170685768127,10,False,,0.5416123270988464,0.727253794670105,0.013572294001278351,73,83
calibration-task08-init16,calibration,nominal,8,16,83,0.5651129484176636,0.0,0.5651129484176636,10,False,,0.6030884981155396,0.7209877967834473,0.015036467999379965,74,84
calibration-task08-init16,calibration,nominal,8,16,84,0.5777792930603027,0.0,0.5777792930603027,10,False,,0.5953401327133179,0.7058336138725281,0.013703985001484398,75,85
calibration-task08-init16,calibration,nominal,8,16,85,0.5961053371429443,0.0,0.5961053371429443,10,False,,0.5914725065231323,0.7135777473449707,0.01398998700096854,76,86
calibration-task08-init16,calibration,nominal,8,16,86,0.6243979334831238,0.0,0.6243979334831238,10,False,,0.6030820608139038,0.7350367307662964,0.017820017999838456,77,87
calibration-task08-init16,calibration,nominal,8,16,87,0.5861192345619202,0.0,0.5861192345619202,10,False,,0.5855390429496765,0.7318710088729858,0.013921645000664284,78,88
calibration-task08-init16,calibration,nominal,8,16,88,0.6176801919937134,0.0,0.6176801919937134,10,False,,0.6077805757522583,0.6926910877227783,0.013590193999334588,79,89
calibration-task08-init16,calibration,nominal,8,16,89,0.5618398785591125,0.0,0.5618398785591125,10,False,,0.5724407434463501,0.6284127831459045,0.013882365001336439,80,90
calibration-task08-init16,calibration,motion_attenuation_0p5,8,16,9,0.4775046706199646,0.0,0.4775046706199646,10,False,50,0.6140537261962891,0.7195167541503906,0.014092649998929119,0,10
calibration-task08-init16,calibration,motion_attenuation_0p5,8,16,10,0.49128732085227966,0.0,0.49128732085227966,10,False,50,0.6105911731719971,0.7867107391357422,0.01796367899987672,1,11
calibration-task08-init16,calibration,motion_attenuation_0p5,8,16,11,0.48479852080345154,0.0,0.48479852080345154,10,False,50,0.6960803866386414,0.8617329597473145,0.014081904000704526,2,12
calibration-task08-init16,calibration,motion_attenuation_0p5,8,16,12,0.5748085975646973,0.0,0.5748085975646973,10,False,50,0.8382151126861572,1.0463216304779053,0.014754630999959772,3,13
calibration-task08-init16,calibration,motion_attenuation_0p5,8,16,13,0.6283267736434937,0.0,0.6283267736434937,10,False,50,0.8957914113998413,1.1361720561981201,0.013550675999795203,4,14
calibration-task08-init16,calibration,motion_attenuation_0p5,8,16,14,0.7694801092147827,0.0,0.7694801092147827,10,False,50,0.957504153251648,1.1715795993804932,0.013127903001077357,5,15
calibration-task08-init16,calibration,motion_attenuation_0p5,8,16,15,0.7889940142631531,0.0,0.7889940142631531,10,False,50,0.9627351760864258,1.2710466384887695,0.014504930999464705,6,16
calibration-task08-init16,calibration,motion_attenuation_0p5,8,16,16,0.8038761019706726,0.0,0.8038761019706726,10,False,50,0.8937674760818481,1.335911512374878,0.013411562000328558,7,17
calibration-task08-init16,calibration,motion_attenuation_0p5,8,16,17,0.7377969026565552,0.0,0.7377969026565552,10,False,50,0.7860252857208252,1.3792051076889038,0.01550752099865349,8,18
calibration-task08-init16,calibration,motion_attenuation_0p5,8,16,18,0.7962468862533569,0.0,0.7962468862533569,10,False,50,0.7929247617721558,1.3342779874801636,0.013307084000189207,9,19
calibration-task08-init16,calibration,motion_attenuation_0p5,8,16,19,0.7373104095458984,0.0,0.7373104095458984,10,False,50,0.7410722970962524,1.3525779247283936,0.013509067999621038,10,20
calibration-task08-init16,calibration,motion_attenuation_0p5,8,16,20,0.6530671119689941,0.0,0.6530671119689941,10,False,50,0.6390600800514221,1.2384381294250488,0.01359911299914529,11,21
calibration-task08-init16,calibration,motion_attenuation_0p5,8,16,21,0.6385315656661987,0.0,0.6385315656661987,10,False,50,0.6086267828941345,1.1119632720947266,0.013837497999702464,12,22
calibration-task08-init16,calibration,motion_attenuation_0p5,8,16,22,0.5576142072677612,0.0,0.5576142072677612,10,False,50,0.5589656233787537,1.0385500192642212,0.017754393000359414,13,23
calibration-task08-init16,calibration,motion_attenuation_0p5,8,16,23,0.597646951675415,0.0,0.597646951675415,10,False,50,0.5994226336479187,1.0381605625152588,0.013907554000979871,14,24
calibration-task08-init16,calibration,motion_attenuation_0p5,8,16,24,0.6645143628120422,0.0,0.6645143628120422,10,False,50,0.6570889949798584,1.1276233196258545,0.0150127569995675,15,25
calibration-task08-init16,calibration,motion_attenuation_0p5,8,16,25,0.7394951581954956,0.0,0.7394951581954956,10,False,50,0.7195442914962769,1.1848127841949463,0.013172195000151987,16,26
calibration-task08-init16,calibration,motion_attenuation_0p5,8,16,26,0.7547675967216492,0.0,0.7547675967216492,10,False,50,0.7895383834838867,1.1712079048156738,0.014444706999711343,17,27
calibration-task08-init16,calibration,motion_attenuation_0p5,8,16,27,0.819324254989624,0.0,0.819324254989624,10,False,50,0.8387026786804199,1.1540355682373047,0.013158424999346607,18,28
calibration-task08-init16,calibration,motion_attenuation_0p5,8,16,28,0.7622820138931274,0.0,0.7622820138931274,10,False,50,0.8692712783813477,1.1796562671661377,0.013646366000102716,19,29
calibration-task08-init16,calibration,motion_attenuation_0p5,8,16,29,0.7792187929153442,0.0,0.7792187929153442,10,False,50,0.8943547010421753,1.1929314136505127,0.013385255000684992,20,30
calibration-task08-init16,calibration,motion_attenuation_0p5,8,16,30,0.6990838050842285,0.0,0.6990838050842285,10,False,50,0.7455179691314697,1.1576509475708008,0.014582623998649069,21,31
calibration-task08-init16,calibration,motion_attenuation_0p5,8,16,31,0.5899662375450134,0.0,0.5899662375450134,10,False,50,0.6903714537620544,1.1416010856628418,0.014820930999121629,22,32
calibration-task08-init16,calibration,motion_attenuation_0p5,8,16,32,0.6215600371360779,0.0,0.6215600371360779,10,False,50,0.6708716154098511,1.023601770401001,0.01651222299915389,23,33
calibration-task08-init16,calibration,motion_attenuation_0p5,8,16,33,0.5932100415229797,0.0,0.5932100415229797,10,False,50,0.6010935306549072,0.9918016195297241,0.013222972000221489,24,34
calibration-task08-init16,calibration,motion_attenuation_0p5,8,16,34,0.6444219946861267,0.0,0.6444219946861267,10,False,50,0.6861529350280762,0.9806280136108398,0.014811080000072252,25,35
calibration-task08-init16,calibration,motion_attenuation_0p5,8,16,35,0.7307314276695251,0.0,0.7307314276695251,10,False,50,0.7455676794052124,0.9534286260604858,0.013374215001022094,26,36
calibration-task08-init16,calibration,motion_attenuation_0p5,8,16,36,0.9501988887786865,0.0,0.9501988887786865,10,False,50,0.906510055065155,0.9707533717155457,0.013150278000466642,27,37
calibration-task08-init16,calibration,motion_attenuation_0p5,8,16,37,0.916209876537323,0.0,0.916209876537323,10,False,50,0.8955893516540527,1.0413899421691895,0.014105841999480617,28,38
calibration-task08-init16,calibration,motion_attenuation_0p5,8,16,38,0.95441073179245,0.0,0.95441073179245,10,False,50,0.8690783977508545,1.0617527961730957,0.012964916000782978,29,39
calibration-task08-init16,calibration,motion_attenuation_0p5,8,16,39,0.8598060607910156,0.0,0.8598060607910156,10,False,50,0.8014187812805176,0.901631236076355,0.013432405999992625,30,40
calibration-task08-init16,calibration,motion_attenuation_0p5,8,16,40,0.8071373701095581,0.0,0.8071373701095581,10,False,50,0.7550945281982422,0.8702636957168579,0.014677560999189154,31,41
calibration-task08-init16,calibration,motion_attenuation_0p5,8,16,41,0.7805368304252625,0.0,0.7805368304252625,10,False,50,0.7683213949203491,0.8517624139785767,0.014742497998668114,32,42
calibration-task08-init16,calibration,motion_attenuation_0p5,8,16,42,0.7362635135650635,0.0,0.7362635135650635,10,False,50,0.6970025897026062,0.778631865978241,0.013291781000589253,33,43
calibration-task08-init16,calibration,motion_attenuation_0p5,8,16,43,0.7165616750717163,0.0,0.7165616750717163,10,False,50,0.7492241263389587,0.6776768565177917,0.016121087999636075,34,44
calibration-task08-init16,calibration,motion_attenuation_0p5,8,16,44,0.6629886627197266,0.0,0.6629886627197266,10,False,50,0.6742691993713379,0.6555155515670776,0.01461020299939264,35,45
calibration-task08-init16,calibration,motion_attenuation_0p5,8,16,45,0.6236572265625,0.0,0.6236572265625,10,False,50,0.6985042095184326,0.723662793636322,0.012927439000122831,36,46
calibration-task08-init16,calibration,motion_attenuation_0p5,8,16,46,0.7059807181358337,0.0,0.7059807181358337,10,False,50,0.7617149353027344,0.7985708117485046,0.013369185999181354,37,47
calibration-task08-init16,calibration,motion_attenuation_0p5,8,16,47,0.760938823223114,0.0,0.760938823223114,10,False,50,0.7689616084098816,0.9825274348258972,0.013101684000503155,38,48
calibration-task08-init16,calibration,motion_attenuation_0p5,8,16,48,1.0960617065429688,0.0,1.0960617065429688,10,False,50,0.9420155882835388,1.1942112445831299,0.012992134999876725,39,49
calibration-task08-init16,calibration,motion_attenuation_0p5,8,16,49,0.936346709728241,0.0,0.936346709728241,10,False,50,0.775871753692627,1.1607463359832764,0.01527373199860449,40,50
calibration-task08-init16,calibration,motion_attenuation_0p5,8,16,50,0.9225742220878601,0.04710721969604492,0.8754670023918152,10,True,50,0.8351685404777527,1.3345688581466675,0.01307481399999233,41,51
calibration-task08-init16,calibration,motion_attenuation_0p5,8,16,51,0.8287338018417358,0.049347758293151855,0.779386043548584,10,True,50,0.8361566066741943,1.5994408130645752,0.015795876000993303,42,52
calibration-task08-init16,calibration,motion_attenuation_0p5,8,16,52,0.8789834976196289,0.024553418159484863,0.854430079460144,10,True,50,0.9307064414024353,1.9820102453231812,0.013269614000819274,43,53
calibration-task08-init16,calibration,motion_attenuation_0p5,8,16,53,0.9660117030143738,-0.0546230673789978,1.0206347703933716,10,True,50,1.228658676147461,2.1327409744262695,0.013349951999771292,44,54
calibration-task08-init16,calibration,motion_attenuation_0p5,8,16,54,0.9717163443565369,-0.06391316652297974,1.0356295108795166,10,True,50,1.0486986637115479,2.2534961700439453,0.014345523999509169,45,55
calibration-task08-init16,calibration,motion_attenuation_0p5,8,16,55,0.9739291667938232,-0.13416063785552979,1.108089804649353,10,True,50,1.0484579801559448,2.180121421813965,0.013718410000365111,46,56
calibration-task08-init16,calibration,motion_attenuation_0p5,8,16,56,1.0098931789398193,-0.10253345966339111,1.1124266386032104,10,True,50,1.1534500122070312,2.1372199058532715,0.014438492000408587,47,57
calibration-task08-init16,calibration,motion_attenuation_0p5,8,16,57,1.0444953441619873,-0.06302523612976074,1.107520580291748,10,True,50,1.3087334632873535,1.9455983638763428,0.015476820999538177,48,58
calibration-task08-init16,calibration,motion_attenuation_0p5,8,16,58,1.1178340911865234,-0.04511117935180664,1.16294527053833,10,True,50,1.3138957023620605,1.696650743484497,0.015893849998974474,49,59
calibration-task08-init16,calibration,motion_attenuation_0p5,8,16,59,0.8950111269950867,-0.028981924057006836,0.9239930510520935,10,True,50,0.953863799571991,1.3395774364471436,0.01635004600029788,50,60
calibration-task08-init16,calibration,motion_attenuation_0p5,8,16,60,0.7824923396110535,-0.03802758455276489,0.8205199241638184,10,True,50,0.8139182329177856,0.9448701739311218,0.013328344000910874,51,61
calibration-task08-init16,calibration,motion_attenuation_0p5,8,16,61,0.7429478168487549,-0.006483256816864014,0.7494310736656189,10,True,50,0.7973392009735107,0.7251202464103699,0.015640743999028928,52,62
calibration-task08-init16,calibration,motion_attenuation_0p5,8,16,62,0.6264972686767578,0.002481520175933838,0.624015748500824,10,True,50,0.6168562769889832,0.4312133193016052,0.013340370998776052,53,63
calibration-task08-init16,calibration,motion_attenuation_0p5,8,16,63,0.6013543605804443,0.0062767863273620605,0.5950775742530823,10,True,50,0.5876597166061401,0.38311681151390076,0.013096763999783434,54,64
calibration-task08-init16,calibration,motion_attenuation_0p5,8,16,64,0.5678824186325073,0.004560291767120361,0.563322126865387,10,True,50,0.5672140121459961,0.35728490352630615,0.015116376000150922,55,65
calibration-task08-init16,calibration,motion_attenuation_0p5,8,16,65,0.6169267296791077,0.013338208198547363,0.6035885214805603,10,True,50,0.606540322303772,0.3492667078971863,0.013790380999125773,56,66
calibration-task08-init16,calibration,motion_attenuation_0p5,8,16,66,0.620898425579071,0.008490383625030518,0.6124080419540405,10,True,50,0.6487241983413696,0.47347959876060486,0.013253991999590653,57,67
calibration-task08-init16,calibration,motion_attenuation_0p5,8,16,67,0.6648697853088379,-0.005854308605194092,0.670724093914032,10,True,50,0.6655541062355042,0.7768559455871582,0.014316968999992241,58,68
calibration-task08-init16,calibration,motion_attenuation_0p5,8,16,68,0.672450065612793,-0.010431051254272461,0.6828811168670654,10,True,50,0.6694148778915405,0.8642840385437012,0.012948825000421493,59,69
calibration-task08-init16,calibration,motion_attenuation_0p5,8,16,69,0.6718453168869019,-0.013147175312042236,0.6849924921989441,10,True,50,0.657279372215271,0.8518416285514832,0.013291265999214374,60,70
calibration-task08-init16,calibration,motion_attenuation_0p5,8,16,70,0.6736699342727661,-0.018103361129760742,0.6917732954025269,10,True,50,0.6611220836639404,0.8643546104431152,0.016016786999898613,61,71
calibration-task08-init16,calibration,motion_attenuation_0p5,8,16,71,0.6715515851974487,-0.016591191291809082,0.6881427764892578,10,True,50,0.6727797389030457,0.8617310523986816,0.014193417999194935,62,72
calibration-task08-init16,calibration,motion_attenuation_0p5,8,16,72,0.7073135375976562,-0.021219909191131592,0.7285334467887878,10,True,50,0.6936949491500854,0.908406674861908,0.014303167999969446,63,73
calibration-task08-init16,calibration,motion_attenuation_0p5,8,16,73,0.7761836051940918,-0.015237808227539062,0.7914214134216309,10,True,50,0.7517383098602295,1.0078943967819214,0.013131013000020175,64,74
calibration-task08-init16,calibration,motion_attenuation_0p5,8,16,74,0.8225700259208679,-0.018233954906463623,0.8408039808273315,10,True,50,0.7699725031852722,1.1347432136535645,0.01321787699998822,65,75
calibration-task08-init16,calibration,motion_attenuation_0p5,8,16,75,0.8224495649337769,-0.04822206497192383,0.8706716299057007,10,True,50,0.7430984377861023,1.2026857137680054,0.012697075999312801,66,76
calibration-task08-init16,calibration,motion_attenuation_0p5,8,16,76,0.7442402839660645,-0.0465010404586792,0.7907413244247437,10,True,50,0.6508172750473022,1.077728033065796,0.014004029999341583,67,77
calibration-task08-init16,calibration,motion_attenuation_0p5,8,16,77,0.6918419599533081,-0.026574254035949707,0.7184162139892578,10,True,50,0.6176077127456665,0.8236254453659058,0.014060796998819569,68,78
calibration-task08-init16,calibration,motion_attenuation_0p5,8,16,78,0.5997281670570374,-0.02656632661819458,0.6262944936752319,10,True,50,0.575743556022644,0.6938287615776062,0.014008623998961411,69,79
calibration-task08-init16,calibration,motion_attenuation_0p5,8,16,79,0.5690612196922302,0.024357974529266357,0.5447032451629639,10,True,50,0.5473765134811401,0.5934125185012817,0.014979489000324975,70,80
calibration-task08-init16,calibration,motion_attenuation_0p5,8,16,80,0.5661628842353821,-0.015545248985290527,0.5817081332206726,10,True,50,0.567310094833374,0.572415292263031,0.014251116001105402,71,81
calibration-task08-init16,calibration,motion_attenuation_0p5,8,16,81,0.5494006872177124,-0.0092240571975708,0.5586247444152832,10,True,50,0.5314582586288452,0.5946733951568604,0.01634937299968442,72,82
calibration-task08-init16,calibration,motion_attenuation_0p5,8,16,82,0.5723690986633301,0.031123459339141846,0.5412456393241882,10,True,50,0.5544342994689941,0.6081740260124207,0.01418513299904589,73,83
calibration-task08-init16,calibration,motion_attenuation_0p5,8,16,83,0.5871462821960449,0.031562209129333496,0.5555840730667114,10,True,50,0.576701283454895,0.5423049926757812,0.013319933999810019,74,84
calibration-task08-init16,calibration,motion_attenuation_0p5,8,16,84,0.5619791746139526,0.03847312927246094,0.5235060453414917,10,True,50,0.5529963970184326,0.6122577786445618,0.012915475999761838,75,85
calibration-task08-init16,calibration,motion_attenuation_0p5,8,16,85,0.4983069896697998,0.024563908576965332,0.4737430810928345,10,True,50,0.5002045035362244,0.5297290086746216,0.014021418000993435,76,86
calibration-task08-init16,calibration,motion_attenuation_0p5,8,16,86,0.5189348459243774,0.048238903284072876,0.47069594264030457,10,True,50,0.5271483659744263,0.5186359882354736,0.013995249999425141,77,87
calibration-task08-init16,calibration,motion_attenuation_0p5,8,16,87,0.4925566613674164,0.030631929636001587,0.4619247317314148,10,True,50,0.47347888350486755,0.4913303554058075,0.016277292001177557,78,88
calibration-task08-init16,calibration,motion_attenuation_0p5,8,16,88,0.5377144813537598,0.03497898578643799,0.5027354955673218,10,True,50,0.5265628099441528,0.5360251665115356,0.014938985999833676,79,89
calibration-task08-init16,calibration,motion_attenuation_0p5,8,16,89,0.5349023342132568,0.034091949462890625,0.5008103847503662,10,True,50,0.5207049250602722,0.5488672256469727,0.01357315699897299,80,90
calibration-task08-init05,calibration,nominal,8,5,9,0.5364685654640198,0.0,0.5364685654640198,10,False,,0.7035125494003296,0.7864596843719482,0.013931764000517433,0,10
calibration-task08-init05,calibration,nominal,8,5,10,0.5365995764732361,0.0,0.5365995764732361,10,False,,0.7052044868469238,0.8082735538482666,0.015173040999798104,1,11
calibration-task08-init05,calibration,nominal,8,5,11,0.5351775288581848,0.0,0.5351775288581848,10,False,,0.7273473739624023,0.8704108595848083,0.014136255998892011,2,12
calibration-task08-init05,calibration,nominal,8,5,12,0.564924955368042,0.0,0.564924955368042,10,False,,0.785294234752655,0.9531155824661255,0.013647529000081704,3,13
calibration-task08-init05,calibration,nominal,8,5,13,0.7045793533325195,0.0,0.7045793533325195,10,False,,0.7704813480377197,0.9786956310272217,0.019482118001178605,4,14
calibration-task08-init05,calibration,nominal,8,5,14,0.7267791032791138,0.0,0.7267791032791138,10,False,,0.750095546245575,1.1025118827819824,0.015500936000535148,5,15
calibration-task08-init05,calibration,nominal,8,5,15,0.6362113356590271,0.0,0.6362113356590271,10,False,,0.7324382066726685,1.1338776350021362,0.013780536999547621,6,16
calibration-task08-init05,calibration,nominal,8,5,16,0.6364993453025818,0.0,0.6364993453025818,10,False,,0.7175251841545105,1.132796049118042,0.014008010999532416,7,17
calibration-task08-init05,calibration,nominal,8,5,17,0.6910860538482666,0.0,0.6910860538482666,10,False,,0.7314337491989136,1.2561469078063965,0.013295751999976346,8,18
calibration-task08-init05,calibration,nominal,8,5,18,0.7515225410461426,0.0,0.7515225410461426,10,False,,0.757377564907074,1.2008271217346191,0.013596357001006254,9,19
calibration-task08-init05,calibration,nominal,8,5,19,0.6672129034996033,0.0,0.6672129034996033,10,False,,0.6503673791885376,1.1445926427841187,0.01417459300137125,10,20
calibration-task08-init05,calibration,nominal,8,5,20,0.7350660562515259,0.0,0.7350660562515259,10,False,,0.7473406195640564,1.3142393827438354,0.013062302001344506,11,21
calibration-task08-init05,calibration,nominal,8,5,21,0.6937234401702881,0.0,0.6937234401702881,10,False,,0.6646086573600769,1.2382495403289795,0.013883511999665643,12,22
calibration-task08-init05,calibration,nominal,8,5,22,0.703126072883606,0.0,0.703126072883606,10,False,,0.7083038091659546,1.1608505249023438,0.013093608999042772,13,23
calibration-task08-init05,calibration,nominal,8,5,23,0.913212776184082,0.0,0.913212776184082,10,False,,0.9097685813903809,1.3893169164657593,0.013038553001024411,14,24
calibration-task08-init05,calibration,nominal,8,5,24,0.838512659072876,0.0,0.838512659072876,10,False,,0.8256539106369019,1.3888773918151855,0.013265704999867012,15,25
calibration-task08-init05,calibration,nominal,8,5,25,0.7818495631217957,0.0,0.7818495631217957,10,False,,0.8837379813194275,1.3105237483978271,0.01723152399972605,16,26
calibration-task08-init05,calibration,nominal,8,5,26,0.8303555250167847,0.0,0.8303555250167847,10,False,,0.9318149089813232,1.240486979484558,0.013591652999821235,17,27
calibration-task08-init05,calibration,nominal,8,5,27,0.7708817720413208,0.0,0.7708817720413208,10,False,,0.9750615954399109,1.256225347518921,0.013534056999560562,18,28
calibration-task08-init05,calibration,nominal,8,5,28,0.7431648969650269,0.0,0.7431648969650269,10,False,,0.9206756353378296,1.2793020009994507,0.014191546999427374,19,29
calibration-task08-init05,calibration,nominal,8,5,29,0.7827760577201843,0.0,0.7827760577201843,10,False,,0.8934104442596436,1.1362407207489014,0.013458735000313027,20,30
calibration-task08-init05,calibration,nominal,8,5,30,0.8314757347106934,0.0,0.8314757347106934,10,False,,0.9076824188232422,1.145019769668579,0.012992342000870849,21,31
calibration-task08-init05,calibration,nominal,8,5,31,0.9116431474685669,0.0,0.9116431474685669,10,False,,0.9958159923553467,1.1241810321807861,0.013412472999334568,22,32
calibration-task08-init05,calibration,nominal,8,5,32,0.9860255718231201,0.0,0.9860255718231201,10,False,,1.1426572799682617,1.1698988676071167,0.014597662000596756,23,33
calibration-task08-init05,calibration,nominal,8,5,33,1.1144490242004395,0.0,1.1144490242004395,10,False,,1.1629204750061035,1.2910213470458984,0.014319442001578864,24,34
calibration-task08-init05,calibration,nominal,8,5,34,1.1614632606506348,0.0,1.1614632606506348,10,False,,1.1508140563964844,1.2822928428649902,0.016015816001527128,25,35
calibration-task08-init05,calibration,nominal,8,5,35,0.9721071124076843,0.0,0.9721071124076843,10,False,,0.9954068064689636,1.113037109375,0.015132094998989487,26,36
calibration-task08-init05,calibration,nominal,8,5,36,0.9710625410079956,0.0,0.9710625410079956,10,False,,0.9775336980819702,1.0472307205200195,0.012982469999769819,27,37
calibration-task08-init05,calibration,nominal,8,5,37,1.0525296926498413,0.0,1.0525296926498413,10,False,,1.0393517017364502,1.043818712234497,0.014008359999934328,28,38
calibration-task08-init05,calibration,nominal,8,5,38,1.024653434753418,0.0,1.024653434753418,10,False,,1.0501574277877808,0.9988741278648376,0.015142444000957767,29,39
calibration-task08-init05,calibration,nominal,8,5,39,0.8415002822875977,0.0,0.8415002822875977,10,False,,0.8619539737701416,0.873407244682312,0.013993547998325084,30,40
calibration-task08-init05,calibration,nominal,8,5,40,0.8796038627624512,0.0,0.8796038627624512,10,False,,0.9445470571517944,0.8036876916885376,0.016235990000495804,31,41
calibration-task08-init05,calibration,nominal,8,5,41,0.7343744039535522,0.0,0.7343744039535522,10,False,,0.8020090460777283,0.7263695597648621,0.0177901090009982,32,42
calibration-task08-init05,calibration,nominal,8,5,42,0.7468368411064148,0.0,0.7468368411064148,10,False,,0.7318271398544312,0.6615692973136902,0.016004254999643308,33,43
calibration-task08-init05,calibration,nominal,8,5,43,0.7423417568206787,0.0,0.7423417568206787,10,False,,0.7505364418029785,0.8484873175621033,0.014615674001106527,34,44
calibration-task08-init05,calibration,nominal,8,5,44,0.9567723274230957,0.0,0.9567723274230957,10,False,,0.7165729403495789,0.844725489616394,0.01892944600149349,35,45
calibration-task08-init05,calibration,nominal,8,5,45,0.757161557674408,0.0,0.757161557674408,10,False,,0.6941787600517273,0.8643496036529541,0.01424277000114671,36,46
calibration-task08-init05,calibration,nominal,8,5,46,0.7272676825523376,0.0,0.7272676825523376,10,False,,0.6986555457115173,1.1378768682479858,0.014375623999512754,37,47
calibration-task08-init05,calibration,nominal,8,5,47,0.8924241065979004,0.0,0.8924241065979004,10,False,,0.8847703337669373,1.5055253505706787,0.013254688999950304,38,48
calibration-task08-init05,calibration,nominal,8,5,48,0.9283010363578796,0.0,0.9283010363578796,10,False,,0.8790163993835449,1.6153380870819092,0.014310339000076056,39,49
calibration-task08-init05,calibration,nominal,8,5,49,0.9314415454864502,0.0,0.9314415454864502,10,False,,1.028041124343872,1.6565898656845093,0.013208422000388964,40,50
calibration-task08-init05,calibration,nominal,8,5,50,0.9831878542900085,0.0,0.9831878542900085,10,False,,1.0994060039520264,1.6760958433151245,0.013693003000298631,41,51
calibration-task08-init05,calibration,nominal,8,5,51,1.0255311727523804,0.0,1.0255311727523804,10,False,,1.2085375785827637,1.7510122060775757,0.016470149999804562,42,52
calibration-task08-init05,calibration,nominal,8,5,52,1.0181938409805298,0.0,1.0181938409805298,10,False,,1.1855731010437012,1.6617026329040527,0.01333720699949481,43,53
calibration-task08-init05,calibration,nominal,8,5,53,1.1130452156066895,0.0,1.1130452156066895,10,False,,1.1175570487976074,1.5533555746078491,0.0133501559994329,44,54
calibration-task08-init05,calibration,nominal,8,5,54,1.1014338731765747,0.0,1.1014338731765747,10,False,,1.0534852743148804,1.479881763458252,0.012945219001267105,45,55
calibration-task08-init05,calibration,nominal,8,5,55,0.9966815710067749,0.0,0.9966815710067749,10,False,,0.8942384123802185,1.2595233917236328,0.014697212998726172,46,56
calibration-task08-init05,calibration,nominal,8,5,56,0.9770821928977966,0.0,0.9770821928977966,10,False,,0.8797030448913574,1.0475119352340698,0.013211327001044992,47,57
calibration-task08-init05,calibration,nominal,8,5,57,0.8203889727592468,0.0,0.8203889727592468,10,False,,0.7447894811630249,0.9117957949638367,0.014041264999832492,48,58
calibration-task08-init05,calibration,nominal,8,5,58,0.7357358932495117,0.0,0.7357358932495117,10,False,,0.7237160205841064,0.6854465007781982,0.013176092999856337,49,59
calibration-task08-init05,calibration,nominal,8,5,59,0.6592886447906494,0.0,0.6592886447906494,10,False,,0.610560417175293,0.5708502531051636,0.013083391000691336,50,60
calibration-task08-init05,calibration,nominal,8,5,60,0.7040671110153198,0.0,0.7040671110153198,10,False,,0.6835836172103882,0.5019471645355225,0.01291414099978283,51,61
calibration-task08-init05,calibration,nominal,8,5,61,0.581416130065918,0.0,0.581416130065918,10,False,,0.5678216814994812,0.5334073305130005,0.016103853000458912,52,62
calibration-task08-init05,calibration,nominal,8,5,62,0.5689810514450073,0.0,0.5689810514450073,10,False,,0.5478915572166443,0.6237474679946899,0.018737364998742123,53,63
calibration-task08-init05,calibration,nominal,8,5,63,0.5584330558776855,0.0,0.5584330558776855,10,False,,0.5561884641647339,0.7190265655517578,0.013811438000630005,54,64
calibration-task08-init05,calibration,nominal,8,5,64,0.5826239585876465,0.0,0.5826239585876465,10,False,,0.572693943977356,0.7949582934379578,0.015565514000627445,55,65
calibration-task08-init05,calibration,nominal,8,5,65,0.614651083946228,0.0,0.614651083946228,10,False,,0.6455597877502441,0.8873716592788696,0.013978036999105825,56,66
calibration-task08-init05,calibration,nominal,8,5,66,0.6542825698852539,0.0,0.6542825698852539,10,False,,0.6477426886558533,1.046945333480835,0.017127495999375242,57,67
calibration-task08-init05,calibration,nominal,8,5,67,0.6843607425689697,0.0,0.6843607425689697,10,False,,0.6846596598625183,1.0416592359542847,0.01615785799913283,58,68
calibration-task08-init05,calibration,nominal,8,5,68,0.597714900970459,0.0,0.597714900970459,10,False,,0.6174415946006775,1.037245512008667,0.014250449999963166,59,69
calibration-task08-init05,calibration,nominal,8,5,69,0.5830979347229004,0.0,0.5830979347229004,10,False,,0.5781294107437134,1.0294870138168335,0.014194728999427753,60,70
calibration-task08-init05,calibration,nominal,8,5,70,0.5885025262832642,0.0,0.5885025262832642,10,False,,0.5824137926101685,1.187604308128357,0.012943899000674719,61,71
calibration-task08-init05,calibration,nominal,8,5,71,0.6157082319259644,0.0,0.6157082319259644,10,False,,0.5829070806503296,1.0230199098587036,0.015116540000235545,62,72
calibration-task08-init05,calibration,nominal,8,5,72,0.6039693355560303,0.0,0.6039693355560303,10,False,,0.5882226824760437,0.9020565748214722,0.013977288999740267,63,73
calibration-task08-init05,calibration,nominal,8,5,73,0.6740913391113281,0.0,0.6740913391113281,10,False,,0.6588336825370789,0.8982181549072266,0.013230968001153087,64,74
calibration-task08-init05,calibration,nominal,8,5,74,0.6357518434524536,0.0,0.6357518434524536,10,False,,0.6533917784690857,0.8350350260734558,0.0169478709995019,65,75
calibration-task08-init05,calibration,nominal,8,5,75,0.6405870318412781,0.0,0.6405870318412781,10,False,,0.668036937713623,0.9301719665527344,0.014242391000152566,66,76
calibration-task08-init05,calibration,nominal,8,5,76,0.6050471067428589,0.0,0.6050471067428589,10,False,,0.6261014938354492,0.8959126472473145,0.015897782001047744,67,77
calibration-task08-init05,calibration,nominal,8,5,77,0.6388098001480103,0.0,0.6388098001480103,10,False,,0.6621131896972656,0.8814033269882202,0.014820008000242524,68,78
calibration-task08-init05,calibration,nominal,8,5,78,0.6533771753311157,0.0,0.6533771753311157,10,False,,0.6838506460189819,0.9610452651977539,0.01449866400071187,69,79
calibration-task08-init05,calibration,nominal,8,5,79,0.6655426621437073,0.0,0.6655426621437073,10,False,,0.7071622610092163,0.8872466087341309,0.014633995999247418,70,80
calibration-task08-init05,calibration,nominal,8,5,80,0.6378938555717468,0.0,0.6378938555717468,10,False,,0.6885961890220642,0.8144769072532654,0.014445237000472844,71,81
calibration-task08-init05,calibration,nominal,8,5,81,0.63824462890625,0.0,0.63824462890625,10,False,,0.6433611512184143,0.7215081453323364,0.029681227999390103,72,82
calibration-task08-init05,calibration,nominal,8,5,82,0.6214834451675415,0.0,0.6214834451675415,10,False,,0.6224803924560547,0.665539026260376,0.013078919999315985,73,83
calibration-task08-init05,calibration,nominal,8,5,83,0.5911575555801392,0.0,0.5911575555801392,10,False,,0.5895499587059021,0.6961376070976257,0.014193046001309995,74,84
calibration-task08-init05,calibration,nominal,8,5,84,0.5746159553527832,0.0,0.5746159553527832,10,False,,0.5639604926109314,0.5827566385269165,0.013777692000076058,75,85
calibration-task08-init05,calibration,nominal,8,5,85,0.5325782299041748,0.0,0.5325782299041748,10,False,,0.5289944410324097,0.49043601751327515,0.01805586999944353,76,86
calibration-task08-init05,calibration,nominal,8,5,86,0.5188887715339661,0.0,0.5188887715339661,10,False,,0.4989846646785736,0.40579867362976074,0.015072293999764952,77,87
calibration-task08-init05,calibration,nominal,8,5,87,0.5580462217330933,0.0,0.5580462217330933,10,False,,0.5245338678359985,0.42084574699401855,0.014967049999540905,78,88
calibration-task08-init05,calibration,nominal,8,5,88,0.6005089282989502,0.0,0.6005089282989502,10,False,,0.5398450493812561,0.42204749584198,0.013350319999517524,79,89
calibration-task08-init05,calibration,nominal,8,5,89,0.5718430876731873,0.0,0.5718430876731873,10,False,,0.503279447555542,0.40268415212631226,0.01425324800038652,80,90
calibration-task08-init05,calibration,motion_attenuation_0p5,8,5,9,0.5364685654640198,0.0,0.5364685654640198,10,False,50,0.7035125494003296,0.7864596843719482,0.021373513000071398,0,10
calibration-task08-init05,calibration,motion_attenuation_0p5,8,5,10,0.5365995764732361,0.0,0.5365995764732361,10,False,50,0.7052044868469238,0.8082735538482666,0.01605364900024142,1,11
calibration-task08-init05,calibration,motion_attenuation_0p5,8,5,11,0.5351775288581848,0.0,0.5351775288581848,10,False,50,0.7273473739624023,0.8704108595848083,0.014292956000645063,2,12
calibration-task08-init05,calibration,motion_attenuation_0p5,8,5,12,0.564924955368042,0.0,0.564924955368042,10,False,50,0.785294234752655,0.9531155824661255,0.0227385010002763,3,13
calibration-task08-init05,calibration,motion_attenuation_0p5,8,5,13,0.7045793533325195,0.0,0.7045793533325195,10,False,50,0.7704813480377197,0.9786956310272217,0.015803430000232765,4,14
calibration-task08-init05,calibration,motion_attenuation_0p5,8,5,14,0.7267791032791138,0.0,0.7267791032791138,10,False,50,0.750095546245575,1.1025118827819824,0.015157832000113558,5,15
calibration-task08-init05,calibration,motion_attenuation_0p5,8,5,15,0.6362113356590271,0.0,0.6362113356590271,10,False,50,0.7324382066726685,1.1338776350021362,0.013426470999547746,6,16
calibration-task08-init05,calibration,motion_attenuation_0p5,8,5,16,0.6364993453025818,0.0,0.6364993453025818,10,False,50,0.7175251841545105,1.132796049118042,0.013770345998636913,7,17
calibration-task08-init05,calibration,motion_attenuation_0p5,8,5,17,0.6910860538482666,0.0,0.6910860538482666,10,False,50,0.7314337491989136,1.2561469078063965,0.014156530000036582,8,18
calibration-task08-init05,calibration,motion_attenuation_0p5,8,5,18,0.7515225410461426,0.0,0.7515225410461426,10,False,50,0.757377564907074,1.2008271217346191,0.013377306999245775,9,19
calibration-task08-init05,calibration,motion_attenuation_0p5,8,5,19,0.6672129034996033,0.0,0.6672129034996033,10,False,50,0.6503673791885376,1.1445926427841187,0.014276769999924,10,20
calibration-task08-init05,calibration,motion_attenuation_0p5,8,5,20,0.7350660562515259,0.0,0.7350660562515259,10,False,50,0.7473406195640564,1.3142393827438354,0.015506575000472367,11,21
calibration-task08-init05,calibration,motion_attenuation_0p5,8,5,21,0.6937234401702881,0.0,0.6937234401702881,10,False,50,0.6646086573600769,1.2382495403289795,0.013270980000015697,12,22
calibration-task08-init05,calibration,motion_attenuation_0p5,8,5,22,0.703126072883606,0.0,0.703126072883606,10,False,50,0.7083038091659546,1.1608505249023438,0.018756389999907697,13,23
calibration-task08-init05,calibration,motion_attenuation_0p5,8,5,23,0.913212776184082,0.0,0.913212776184082,10,False,50,0.9097685813903809,1.3893169164657593,0.013679493999006809,14,24
calibration-task08-init05,calibration,motion_attenuation_0p5,8,5,24,0.838512659072876,0.0,0.838512659072876,10,False,50,0.8256539106369019,1.3888773918151855,0.01569466100045247,15,25
calibration-task08-init05,calibration,motion_attenuation_0p5,8,5,25,0.7818495631217957,0.0,0.7818495631217957,10,False,50,0.8837379813194275,1.3105237483978271,0.0154190799985372,16,26
calibration-task08-init05,calibration,motion_attenuation_0p5,8,5,26,0.8303555250167847,0.0,0.8303555250167847,10,False,50,0.9318149089813232,1.240486979484558,0.013295208998897579,17,27
calibration-task08-init05,calibration,motion_attenuation_0p5,8,5,27,0.7708817720413208,0.0,0.7708817720413208,10,False,50,0.9750615954399109,1.256225347518921,0.013177487000575638,18,28
calibration-task08-init05,calibration,motion_attenuation_0p5,8,5,28,0.7431648969650269,0.0,0.7431648969650269,10,False,50,0.9206756353378296,1.2793020009994507,0.013190509000196471,19,29
calibration-task08-init05,calibration,motion_attenuation_0p5,8,5,29,0.7827760577201843,0.0,0.7827760577201843,10,False,50,0.8934104442596436,1.1362407207489014,0.013573201998951845,20,30
calibration-task08-init05,calibration,motion_attenuation_0p5,8,5,30,0.8314757347106934,0.0,0.8314757347106934,10,False,50,0.9076824188232422,1.145019769668579,0.016101723000247148,21,31
calibration-task08-init05,calibration,motion_attenuation_0p5,8,5,31,0.9116431474685669,0.0,0.9116431474685669,10,False,50,0.9958159923553467,1.1241810321807861,0.01488937599970086,22,32
calibration-task08-init05,calibration,motion_attenuation_0p5,8,5,32,0.9860255718231201,0.0,0.9860255718231201,10,False,50,1.1426572799682617,1.1698988676071167,0.013701603998924838,23,33
calibration-task08-init05,calibration,motion_attenuation_0p5,8,5,33,1.1144490242004395,0.0,1.1144490242004395,10,False,50,1.1629204750061035,1.2910213470458984,0.015852462998736883,24,34
calibration-task08-init05,calibration,motion_attenuation_0p5,8,5,34,1.1614632606506348,0.0,1.1614632606506348,10,False,50,1.1508140563964844,1.2822928428649902,0.01355103700007021,25,35
calibration-task08-init05,calibration,motion_attenuation_0p5,8,5,35,0.9721071124076843,0.0,0.9721071124076843,10,False,50,0.9954068064689636,1.113037109375,0.0159789629997249,26,36
calibration-task08-init05,calibration,motion_attenuation_0p5,8,5,36,0.9710625410079956,0.0,0.9710625410079956,10,False,50,0.9775336980819702,1.0472307205200195,0.014129463001154363,27,37
calibration-task08-init05,calibration,motion_attenuation_0p5,8,5,37,1.0525296926498413,0.0,1.0525296926498413,10,False,50,1.0393517017364502,1.043818712234497,0.01379798500056495,28,38
calibration-task08-init05,calibration,motion_attenuation_0p5,8,5,38,1.024653434753418,0.0,1.024653434753418,10,False,50,1.0501574277877808,0.9988741278648376,0.015443201999005396,29,39
calibration-task08-init05,calibration,motion_attenuation_0p5,8,5,39,0.8415002822875977,0.0,0.8415002822875977,10,False,50,0.8619539737701416,0.873407244682312,0.013574535998486681,30,40
calibration-task08-init05,calibration,motion_attenuation_0p5,8,5,40,0.8796038627624512,0.0,0.8796038627624512,10,False,50,0.9445470571517944,0.8036876916885376,0.013556894000430475,31,41
calibration-task08-init05,calibration,motion_attenuation_0p5,8,5,41,0.7343744039535522,0.0,0.7343744039535522,10,False,50,0.8020090460777283,0.7263695597648621,0.0136998539983324,32,42
calibration-task08-init05,calibration,motion_attenuation_0p5,8,5,42,0.7468368411064148,0.0,0.7468368411064148,10,False,50,0.7318271398544312,0.6615692973136902,0.015202918000795762,33,43
calibration-task08-init05,calibration,motion_attenuation_0p5,8,5,43,0.7423417568206787,0.0,0.7423417568206787,10,False,50,0.7505364418029785,0.8484873175621033,0.01334209300148359,34,44
calibration-task08-init05,calibration,motion_attenuation_0p5,8,5,44,0.9567723274230957,0.0,0.9567723274230957,10,False,50,0.7165729403495789,0.844725489616394,0.013276720001158537,35,45
calibration-task08-init05,calibration,motion_attenuation_0p5,8,5,45,0.757161557674408,0.0,0.757161557674408,10,False,50,0.6941787600517273,0.8643496036529541,0.014896384000167018,36,46
calibration-task08-init05,calibration,motion_attenuation_0p5,8,5,46,0.7272676825523376,0.0,0.7272676825523376,10,False,50,0.6986555457115173,1.1378768682479858,0.01540773900160275,37,47
calibration-task08-init05,calibration,motion_attenuation_0p5,8,5,47,0.8924241065979004,0.0,0.8924241065979004,10,False,50,0.8847703337669373,1.5055253505706787,0.014285953999205958,38,48
calibration-task08-init05,calibration,motion_attenuation_0p5,8,5,48,0.9283010363578796,0.0,0.9283010363578796,10,False,50,0.8790163993835449,1.6153380870819092,0.01664531799906399,39,49
calibration-task08-init05,calibration,motion_attenuation_0p5,8,5,49,0.9314415454864502,0.0,0.9314415454864502,10,False,50,1.028041124343872,1.6565898656845093,0.014209857001333148,40,50
calibration-task08-init05,calibration,motion_attenuation_0p5,8,5,50,0.9956264495849609,-0.0016505718231201172,0.997277021408081,10,True,50,1.1305736303329468,1.7674639225006104,0.013404849001744878,41,51
calibration-task08-init05,calibration,motion_attenuation_0p5,8,5,51,1.0067460536956787,-0.0020362138748168945,1.0087822675704956,10,True,50,1.1818387508392334,1.6949975490570068,0.016829062999022426,42,52
calibration-task08-init05,calibration,motion_attenuation_0p5,8,5,52,1.0500588417053223,-0.007878303527832031,1.0579371452331543,10,True,50,1.226391315460205,1.764708399772644,0.015348509999967064,43,53
calibration-task08-init05,calibration,motion_attenuation_0p5,8,5,53,1.132434606552124,-0.0073108673095703125,1.1397454738616943,10,True,50,1.1357674598693848,1.5855717658996582,0.01349198299976706,44,54
calibration-task08-init05,calibration,motion_attenuation_0p5,8,5,54,1.0626786947250366,-0.0017758607864379883,1.0644545555114746,10,True,50,1.0109370946884155,1.4509143829345703,0.012998570000490872,45,55
calibration-task08-init05,calibration,motion_attenuation_0p5,8,5,55,1.0249872207641602,0.0057375431060791016,1.019249677658081,10,True,50,0.9270123243331909,1.3187963962554932,0.014996218000305817,46,56
calibration-task08-init05,calibration,motion_attenuation_0p5,8,5,56,1.0468754768371582,0.021927833557128906,1.0249476432800293,10,True,50,0.9606975317001343,1.1235129833221436,0.016856411000844673,47,57
calibration-task08-init05,calibration,motion_attenuation_0p5,8,5,57,0.9377581477165222,0.031235039234161377,0.9065231084823608,10,True,50,0.8517667651176453,1.0677951574325562,0.014300912000180688,48,58
calibration-task08-init05,calibration,motion_attenuation_0p5,8,5,58,0.8661786913871765,0.0427546501159668,0.8234240412712097,10,True,50,0.8422319293022156,0.8373537063598633,0.01358068099943921,49,59
calibration-task08-init05,calibration,motion_attenuation_0p5,8,5,59,0.6773130297660828,0.04704242944717407,0.6302706003189087,10,True,50,0.6224093437194824,0.5862976312637329,0.013995387000250048,50,60
calibration-task08-init05,calibration,motion_attenuation_0p5,8,5,60,0.6222879886627197,0.054664552211761475,0.5676234364509583,10,True,50,0.6246567964553833,0.4093566834926605,0.014483368000583141,51,61
calibration-task08-init05,calibration,motion_attenuation_0p5,8,5,61,0.5565201640129089,0.05852264165878296,0.497997522354126,10,True,50,0.5013870596885681,0.3092852532863617,0.015154357000938035,52,62
calibration-task08-init05,calibration,motion_attenuation_0p5,8,5,62,0.4861072897911072,0.04579433798789978,0.4403129518032074,10,True,50,0.48662421107292175,0.22619132697582245,0.014088194999203552,53,63
calibration-task08-init05,calibration,motion_attenuation_0p5,8,5,63,0.5724138617515564,0.062090396881103516,0.5103234648704529,10,True,50,0.4951554238796234,0.2799856662750244,0.014398855000763433,54,64
calibration-task08-init05,calibration,motion_attenuation_0p5,8,5,64,0.5551433563232422,0.07293343544006348,0.4822099208831787,10,True,50,0.4771575927734375,0.31755849719047546,0.013130097999237478,55,65
calibration-task08-init05,calibration,motion_attenuation_0p5,8,5,65,0.5166762471199036,0.048613131046295166,0.4680631160736084,10,True,50,0.473691463470459,0.4020830988883972,0.013678298000741052,56,66
calibration-task08-init05,calibration,motion_attenuation_0p5,8,5,66,0.5207014083862305,0.04726245999336243,0.47343894839286804,10,True,50,0.47475704550743103,0.5651330351829529,0.01289732700024615,57,67
calibration-task08-init05,calibration,motion_attenuation_0p5,8,5,67,0.5481576919555664,0.05418020486831665,0.49397748708724976,10,True,50,0.495888888835907,0.6518270373344421,0.01330428500114067,58,68
calibration-task08-init05,calibration,motion_attenuation_0p5,8,5,68,0.5847584009170532,0.09582078456878662,0.4889376163482666,10,True,50,0.5007191896438599,0.6992018222808838,0.013890276000893209,59,69
calibration-task08-init05,calibration,motion_attenuation_0p5,8,5,69,0.5899540185928345,0.06469070911407471,0.5252633094787598,10,True,50,0.5121818780899048,0.6742021441459656,0.013285311000799993,60,70
calibration-task08-init05,calibration,motion_attenuation_0p5,8,5,70,0.5669726133346558,0.04252266883850098,0.5244499444961548,10,True,50,0.5115622282028198,0.8113390207290649,0.01438966900059313,61,71
calibration-task08-init05,calibration,motion_attenuation_0p5,8,5,71,0.5295025110244751,0.023986220359802246,0.5055162906646729,10,True,50,0.4890175461769104,0.7761799693107605,0.013691621999896597,62,72
calibration-task08-init05,calibration,motion_attenuation_0p5,8,5,72,0.5883533954620361,0.04605776071548462,0.5422956347465515,10,True,50,0.5247969031333923,0.9222530126571655,0.013457320999805233,63,73
calibration-task08-init05,calibration,motion_attenuation_0p5,8,5,73,0.5769875049591064,0.0016068220138549805,0.5753806829452515,10,True,50,0.5394974946975708,0.9750794172286987,0.013842979000401101,64,74
calibration-task08-init05,calibration,motion_attenuation_0p5,8,5,74,0.5059441328048706,-0.030106067657470703,0.5360502004623413,10,True,50,0.5018185377120972,0.820040225982666,0.014177692000885145,65,75
calibration-task08-init05,calibration,motion_attenuation_0p5,8,5,75,0.5285674333572388,-0.003298819065093994,0.5318662524223328,10,True,50,0.4777246117591858,0.7364044189453125,0.013947919000202091,66,76
calibration-task08-init05,calibration,motion_attenuation_0p5,8,5,76,0.563287615776062,0.013724446296691895,0.5495631694793701,10,True,50,0.5387098789215088,0.6277204155921936,0.01326848099961353,67,77
calibration-task08-init05,calibration,motion_attenuation_0p5,8,5,77,0.615069568157196,0.0026813149452209473,0.6123882532119751,10,True,50,0.6085178256034851,0.6566116213798523,0.013123549999363604,68,78
calibration-task08-init05,calibration,motion_attenuation_0p5,8,5,78,0.5807528495788574,0.008132576942443848,0.5726202726364136,10,True,50,0.567010760307312,0.6356596946716309,0.017325448001429322,69,79
calibration-task08-init05,calibration,motion_attenuation_0p5,8,5,79,0.582905650138855,0.0079880952835083,0.5749175548553467,10,True,50,0.5611861348152161,0.6611236333847046,0.013148258000001078,70,80
calibration-task08-init05,calibration,motion_attenuation_0p5,8,5,80,0.5980224609375,0.03230094909667969,0.5657215118408203,10,True,50,0.5547740459442139,0.631154477596283,0.013539049999963026,71,81
calibration-task08-init05,calibration,motion_attenuation_0p5,8,5,81,0.631827175617218,0.045297980308532715,0.5865291953086853,10,True,50,0.590518593788147,0.6273605823516846,0.014426408999497653,72,82
calibration-task08-init05,calibration,motion_attenuation_0p5,8,5,82,0.5993536710739136,0.03139162063598633,0.5679620504379272,10,True,50,0.5510607957839966,0.6263414025306702,0.014620508000007248,73,83
calibration-task08-init05,calibration,motion_attenuation_0p5,8,5,83,0.5593057870864868,0.02198660373687744,0.5373191833496094,10,True,50,0.5063344240188599,0.5559295415878296,0.013288493000800372,74,84
calibration-task08-init05,calibration,motion_attenuation_0p5,8,5,84,0.5716195106506348,0.019306540489196777,0.552312970161438,10,True,50,0.5304368138313293,0.524222731590271,0.013674425999852247,75,85
calibration-task08-init05,calibration,motion_attenuation_0p5,8,5,85,0.5666772127151489,0.01318138837814331,0.5534958243370056,10,True,50,0.5271505117416382,0.49135822057724,0.013737015000515385,76,86
calibration-task08-init05,calibration,motion_attenuation_0p5,8,5,86,0.5609833002090454,-0.010430574417114258,0.5714138746261597,10,True,50,0.5496931076049805,0.48565244674682617,0.013251173999378807,77,87
calibration-task08-init05,calibration,motion_attenuation_0p5,8,5,87,0.5588185787200928,-0.014852523803710938,0.5736711025238037,10,True,50,0.5446138381958008,0.5694183111190796,0.015874589000304695,78,88
calibration-task08-init05,calibration,motion_attenuation_0p5,8,5,88,0.5336377024650574,-0.01613372564315796,0.5497714281082153,10,True,50,0.5077184438705444,0.49485087394714355,0.013659325000844547,79,89
calibration-task08-init05,calibration,motion_attenuation_0p5,8,5,89,0.4907323718070984,-0.03221839666366577,0.5229507684707642,10,True,50,0.47654327750205994,0.4583209753036499,0.013471373998982017,80,90
test-task04-init06,test,nominal,4,6,9,0.5057210922241211,0.0,0.5057210922241211,10,False,,0.5299696922302246,0.5239506959915161,0.01325615200039465,0,10
test-task04-init06,test,nominal,4,6,10,0.7375585436820984,0.0,0.7375585436820984,10,False,,0.7149600982666016,0.7019219398498535,0.013634547000037855,1,11
test-task04-init06,test,nominal,4,6,11,0.6625504493713379,0.0,0.6625504493713379,10,False,,0.7307064533233643,0.8412492275238037,0.013587161998657393,2,12
test-task04-init06,test,nominal,4,6,12,0.7090482711791992,0.0,0.7090482711791992,10,False,,0.8124744296073914,0.8532106280326843,0.013236311000582646,3,13
test-task04-init06,test,nominal,4,6,13,0.7946780920028687,0.0,0.7946780920028687,10,False,,0.8986157178878784,0.9605299234390259,0.012997283000004245,4,14
test-task04-init06,test,nominal,4,6,14,0.7390939593315125,0.0,0.7390939593315125,10,False,,0.8171965479850769,0.9737972617149353,0.015252650999173056,5,15
test-task04-init06,test,nominal,4,6,15,0.7847544550895691,0.0,0.7847544550895691,10,False,,0.8906782865524292,1.047666072845459,0.012977639999007806,6,16
test-task04-init06,test,nominal,4,6,16,0.8894191980361938,0.0,0.8894191980361938,10,False,,1.0181376934051514,1.2331836223602295,0.01317657599975064,7,17
test-task04-init06,test,nominal,4,6,17,0.9151512384414673,0.0,0.9151512384414673,10,False,,1.1691319942474365,1.515337347984314,0.013252966999061755,8,18
test-task04-init06,test,nominal,4,6,18,0.8596595525741577,0.0,0.8596595525741577,10,False,,1.0121948719024658,1.4854791164398193,0.013211915000283625,9,19
test-task04-init06,test,nominal,4,6,19,0.9335986375808716,0.0,0.9335986375808716,10,False,,1.0839030742645264,1.402944803237915,0.013635150999107282,10,20
test-task04-init06,test,nominal,4,6,20,0.9043291807174683,0.0,0.9043291807174683,10,False,,1.022444248199463,1.5311797857284546,0.013707046000490664,11,21
test-task04-init06,test,nominal,4,6,21,0.8520016670227051,0.0,0.8520016670227051,10,False,,0.8154977560043335,1.4467973709106445,0.01392921500155353,12,22
test-task04-init06,test,nominal,4,6,22,0.8679422736167908,0.0,0.8679422736167908,10,False,,0.7887243032455444,1.3459393978118896,0.016744159000154468,13,23
test-task04-init06,test,nominal,4,6,23,0.8019492030143738,0.0,0.8019492030143738,10,False,,0.8020113706588745,1.3005825281143188,0.013398670000242419,14,24
test-task04-init06,test,nominal,4,6,24,0.8753682971000671,0.0,0.8753682971000671,10,False,,0.8485578298568726,1.2907084226608276,0.016231867999522365,15,25
test-task04-init06,test,nominal,4,6,25,0.8969032764434814,0.0,0.8969032764434814,10,False,,0.8784443736076355,1.328992486000061,0.013775432998954784,16,26
test-task04-init06,test,nominal,4,6,26,0.8766971826553345,0.0,0.8766971826553345,10,False,,0.8677128553390503,1.3319447040557861,0.013164701000278,17,27
test-task04-init06,test,nominal,4,6,27,0.977888822555542,0.0,0.977888822555542,10,False,,0.9663243293762207,1.4802274703979492,0.014558288999978686,18,28
test-task04-init06,test,nominal,4,6,28,0.9639495611190796,0.0,0.9639495611190796,10,False,,1.0103929042816162,1.4262861013412476,0.017350826999972924,19,29
test-task04-init06,test,nominal,4,6,29,0.9025917053222656,0.0,0.9025917053222656,10,False,,0.938583254814148,1.4509236812591553,0.014041606000319007,20,30
test-task04-init06,test,nominal,4,6,30,0.8908793926239014,0.0,0.8908793926239014,10,False,,0.9224876761436462,1.4435839653015137,0.01846880099947157,21,31
test-task04-init06,test,nominal,4,6,31,0.8862390518188477,0.0,0.8862390518188477,10,False,,1.004504919052124,1.4841768741607666,0.013809946000037598,22,32
test-task04-init06,test,nominal,4,6,32,0.9264001846313477,0.0,0.9264001846313477,10,False,,1.1121084690093994,1.4616211652755737,0.0149367030007852,23,33
test-task04-init06,test,nominal,4,6,33,0.8927041292190552,0.0,0.8927041292190552,10,False,,0.9984695315361023,1.4345334768295288,0.013531941000110237,24,34
test-task04-init06,test,nominal,4,6,34,0.8394293189048767,0.0,0.8394293189048767,10,False,,1.0058950185775757,1.397358775138855,0.013874408999981824,25,35
test-task04-init06,test,nominal,4,6,35,0.7988293170928955,0.0,0.7988293170928955,10,False,,0.9712556600570679,1.220551609992981,0.014365998998982832,26,36
test-task04-init06,test,nominal,4,6,36,0.770638644695282,0.0,0.770638644695282,10,False,,0.8488545417785645,1.2183618545532227,0.015111266000531032,27,37
test-task04-init06,test,nominal,4,6,37,0.7508735656738281,0.0,0.7508735656738281,10,False,,0.8384677767753601,1.1627267599105835,0.01797297799930675,28,38
test-task04-init06,test,nominal,4,6,38,0.6856580972671509,0.0,0.6856580972671509,10,False,,0.6967787742614746,0.8930355906486511,0.013558578000811394,29,39
test-task04-init06,test,nominal,4,6,39,0.7170194983482361,0.0,0.7170194983482361,10,False,,0.7548575401306152,0.8261680603027344,0.01369503000023542,30,40
test-task04-init06,test,nominal,4,6,40,0.6632074117660522,0.0,0.6632074117660522,10,False,,0.7285445928573608,0.8327178359031677,0.01657677300136129,31,41
test-task04-init06,test,nominal,4,6,41,0.7380499243736267,0.0,0.7380499243736267,10,False,,0.7374942302703857,0.9871038198471069,0.015889382999375812,32,42
test-task04-init06,test,nominal,4,6,42,0.7723455429077148,0.0,0.7723455429077148,10,False,,0.7384743690490723,1.1316006183624268,0.01567799900112732,33,43
test-task04-init06,test,nominal,4,6,43,0.821948230266571,0.0,0.821948230266571,10,False,,0.7465615272521973,1.1852285861968994,0.015407466000397108,34,44
test-task04-init06,test,nominal,4,6,44,0.8257991075515747,0.0,0.8257991075515747,10,False,,0.7596558332443237,1.2090988159179688,0.015921022999464185,35,45
test-task04-init06,test,nominal,4,6,45,0.9810015559196472,0.0,0.9810015559196472,10,False,,0.9418088793754578,1.3522415161132812,0.01544120500147983,36,46
test-task04-init06,test,nominal,4,6,46,0.9794208407402039,0.0,0.9794208407402039,10,False,,0.9344627261161804,1.3757309913635254,0.014864543998555746,37,47
test-task04-init06,test,nominal,4,6,47,1.095902681350708,0.0,1.095902681350708,10,False,,1.055448293685913,1.3520057201385498,0.013228838000941323,38,48
test-task04-init06,test,nominal,4,6,48,1.1630289554595947,0.0,1.1630289554595947,10,False,,1.0582633018493652,1.4778773784637451,0.014074823000555625,39,49
test-task04-init06,test,nominal,4,6,49,1.071533441543579,0.0,1.071533441543579,10,False,,1.0150787830352783,1.3548721075057983,0.013667224000528222,40,50
test-task04-init06,test,nominal,4,6,50,1.129347324371338,0.0,1.129347324371338,10,False,,1.0753121376037598,1.378671646118164,0.016643696999381064,41,51
test-task04-init06,test,nominal,4,6,51,1.0436019897460938,0.0,1.0436019897460938,10,False,,1.0147552490234375,1.3274259567260742,0.013211733999924036,42,52
test-task04-init06,test,nominal,4,6,52,1.0957064628601074,0.0,1.0957064628601074,10,False,,1.05214524269104,1.2224572896957397,0.013631370000439347,43,53
test-task04-init06,test,nominal,4,6,53,0.9495543241500854,0.0,0.9495543241500854,10,False,,0.957234263420105,1.0149813890457153,0.014385427999513922,44,54
test-task04-init06,test,nominal,4,6,54,0.9698657393455505,0.0,0.9698657393455505,10,False,,0.9804314374923706,0.9035548567771912,0.013697833001060644,45,55
test-task04-init06,test,nominal,4,6,55,0.8627352714538574,0.0,0.8627352714538574,10,False,,0.8790454864501953,0.6401221752166748,0.0134360869997181,46,56
test-task04-init06,test,nominal,4,6,56,0.791911780834198,0.0,0.791911780834198,10,False,,0.8243815302848816,0.6388022303581238,0.014577281999663683,47,57
test-task04-init06,test,nominal,4,6,57,0.8601815700531006,0.0,0.8601815700531006,10,False,,0.885015606880188,0.7217601537704468,0.013839997000104631,48,58
test-task04-init06,test,nominal,4,6,58,1.0142521858215332,0.0,1.0142521858215332,10,False,,1.0475744009017944,0.844656229019165,0.013152153998817084,49,59
test-task04-init06,test,nominal,4,6,59,1.1479642391204834,0.0,1.1479642391204834,10,False,,1.20572829246521,1.1102389097213745,0.013676611000846606,50,60
test-task04-init06,test,nominal,4,6,60,1.0742896795272827,0.0,1.0742896795272827,10,False,,1.0959768295288086,1.1916320323944092,0.016333841000232496,51,61
test-task04-init06,test,nominal,4,6,61,1.106362223625183,0.0,1.106362223625183,10,False,,1.1322205066680908,1.3479106426239014,0.017183164000016404,52,62
test-task04-init06,test,nominal,4,6,62,1.2854702472686768,0.0,1.2854702472686768,10,False,,1.3379409313201904,1.6292924880981445,0.013084584999887738,53,63
test-task04-init06,test,nominal,4,6,63,1.1613444089889526,0.0,1.1613444089889526,10,False,,1.165003776550293,1.5116183757781982,0.012973449998753495,54,64
test-task04-init06,test,nominal,4,6,64,1.2872681617736816,0.0,1.2872681617736816,10,False,,1.1579691171646118,1.636673927307129,0.014264679000916658,55,65
test-task04-init06,test,nominal,4,6,65,1.1637506484985352,0.0,1.1637506484985352,10,False,,0.9945237636566162,1.5136126279830933,0.01445878999948036,56,66
test-task04-init06,test,nominal,4,6,66,1.1213200092315674,0.0,1.1213200092315674,10,False,,0.9874591827392578,1.4500563144683838,0.013725865999731468,57,67
test-task04-init06,test,nominal,4,6,67,1.1526620388031006,0.0,1.1526620388031006,10,False,,0.9854103922843933,1.4012908935546875,0.01558458199906454,58,68
test-task04-init06,test,nominal,4,6,68,1.1591486930847168,0.0,1.1591486930847168,10,False,,0.9920738935470581,1.5609498023986816,0.014375016999110812,59,69
test-task04-init06,test,nominal,4,6,69,1.0121186971664429,0.0,1.0121186971664429,10,False,,0.9028381109237671,1.4687557220458984,0.013076875999104232,60,70
test-task04-init06,test,nominal,4,6,70,0.9840735197067261,0.0,0.9840735197067261,10,False,,0.8770354986190796,1.3338582515716553,0.01412700900073105,61,71
test-task04-init06,test,nominal,4,6,71,0.9552004337310791,0.0,0.9552004337310791,10,False,,0.9159519076347351,1.3126623630523682,0.014293005999206798,62,72
test-task04-init06,test,nominal,4,6,72,1.0103492736816406,0.0,1.0103492736816406,10,False,,1.014491319656372,1.4355087280273438,0.013502266001523822,63,73
test-task04-init06,test,nominal,4,6,73,0.9801101684570312,0.0,0.9801101684570312,10,False,,1.0087532997131348,1.505725383758545,0.015600934999383753,64,74
test-task04-init06,test,nominal,4,6,74,0.8928041458129883,0.0,0.8928041458129883,10,False,,0.9666075110435486,1.4454498291015625,0.013541487000111374,65,75
test-task04-init06,test,nominal,4,6,75,0.9320876002311707,0.0,0.9320876002311707,10,False,,1.0158908367156982,1.4415929317474365,0.01392482499977632,66,76
test-task04-init06,test,nominal,4,6,76,0.888864278793335,0.0,0.888864278793335,10,False,,0.930638313293457,1.3048202991485596,0.015610442000252078,67,77
test-task04-init06,test,nominal,4,6,77,0.8798019289970398,0.0,0.8798019289970398,10,False,,0.8794660568237305,1.2247958183288574,0.01592497099954926,68,78
test-task04-init06,test,nominal,4,6,78,0.9255773425102234,0.0,0.9255773425102234,10,False,,0.946036696434021,1.1732178926467896,0.01426906899905589,69,79
test-task04-init06,test,nominal,4,6,79,0.9132043719291687,0.0,0.9132043719291687,10,False,,0.9099435210227966,1.0669218301773071,0.013345136001589708,70,80
test-task04-init06,test,nominal,4,6,80,0.8768807649612427,0.0,0.8768807649612427,10,False,,0.8930665254592896,1.016788363456726,0.013309164998645429,71,81
test-task04-init06,test,nominal,4,6,81,0.9695581793785095,0.0,0.9695581793785095,10,False,,0.9791528582572937,1.0296154022216797,0.01499374800005171,72,82
test-task04-init06,test,nominal,4,6,82,0.9147375822067261,0.0,0.9147375822067261,10,False,,0.9368330240249634,1.0173075199127197,0.013614669000162394,73,83
test-task04-init06,test,nominal,4,6,83,0.8987152576446533,0.0,0.8987152576446533,10,False,,0.9135411977767944,1.035827875137329,0.01479641200057813,74,84
test-task04-init06,test,nominal,4,6,84,0.9617029428482056,0.0,0.9617029428482056,10,False,,0.9866628646850586,1.163269281387329,0.014958441999624483,75,85
test-task04-init06,test,nominal,4,6,85,0.9882038831710815,0.0,0.9882038831710815,10,False,,1.0221648216247559,1.0906567573547363,0.013710829000046942,76,86
test-task04-init06,test,nominal,4,6,86,0.8988017439842224,0.0,0.8988017439842224,10,False,,0.937928318977356,1.041250467300415,0.013559765999161755,77,87
test-task04-init06,test,nominal,4,6,87,0.8749338984489441,0.0,0.8749338984489441,10,False,,0.8929411172866821,0.9816579818725586,0.014091375000134576,78,88
test-task04-init06,test,nominal,4,6,88,0.9315524101257324,0.0,0.9315524101257324,10,False,,0.9369086027145386,1.039013147354126,0.012853655998696922,79,89
test-task04-init06,test,nominal,4,6,89,0.9629416465759277,0.0,0.9629416465759277,10,False,,0.9542156457901001,1.0188812017440796,0.013257766000606352,80,90
test-task04-init06,test,motion_attenuation_0p5,4,6,9,0.5057210922241211,0.0,0.5057210922241211,10,False,50,0.5299696922302246,0.5239506959915161,0.013139598000634578,0,10
test-task04-init06,test,motion_attenuation_0p5,4,6,10,0.7375585436820984,0.0,0.7375585436820984,10,False,50,0.7149600982666016,0.7019219398498535,0.013540099000238115,1,11
test-task04-init06,test,motion_attenuation_0p5,4,6,11,0.6625504493713379,0.0,0.6625504493713379,10,False,50,0.7307064533233643,0.8412492275238037,0.01311126200016588,2,12
test-task04-init06,test,motion_attenuation_0p5,4,6,12,0.7090482711791992,0.0,0.7090482711791992,10,False,50,0.8124744296073914,0.8532106280326843,0.01640744500036817,3,13
test-task04-init06,test,motion_attenuation_0p5,4,6,13,0.7946780920028687,0.0,0.7946780920028687,10,False,50,0.8986157178878784,0.9605299234390259,0.013097646000460372,4,14
test-task04-init06,test,motion_attenuation_0p5,4,6,14,0.7390939593315125,0.0,0.7390939593315125,10,False,50,0.8171965479850769,0.9737972617149353,0.013311938999322592,5,15
test-task04-init06,test,motion_attenuation_0p5,4,6,15,0.7847544550895691,0.0,0.7847544550895691,10,False,50,0.8906782865524292,1.047666072845459,0.013507992000086233,6,16
test-task04-init06,test,motion_attenuation_0p5,4,6,16,0.8894191980361938,0.0,0.8894191980361938,10,False,50,1.0181376934051514,1.2331836223602295,0.014857272000881494,7,17
test-task04-init06,test,motion_attenuation_0p5,4,6,17,0.9151512384414673,0.0,0.9151512384414673,10,False,50,1.1691319942474365,1.515337347984314,0.013888900999518228,8,18
test-task04-init06,test,motion_attenuation_0p5,4,6,18,0.8596595525741577,0.0,0.8596595525741577,10,False,50,1.0121948719024658,1.4854791164398193,0.013382776000071317,9,19
test-task04-init06,test,motion_attenuation_0p5,4,6,19,0.9335986375808716,0.0,0.9335986375808716,10,False,50,1.0839030742645264,1.402944803237915,0.013499668000804377,10,20
test-task04-init06,test,motion_attenuation_0p5,4,6,20,0.9043291807174683,0.0,0.9043291807174683,10,False,50,1.022444248199463,1.5311797857284546,0.012950801001352374,11,21
test-task04-init06,test,motion_attenuation_0p5,4,6,21,0.8520016670227051,0.0,0.8520016670227051,10,False,50,0.8154977560043335,1.4467973709106445,0.022729496000465588,12,22
test-task04-init06,test,motion_attenuation_0p5,4,6,22,0.8679422736167908,0.0,0.8679422736167908,10,False,50,0.7887243032455444,1.3459393978118896,0.012887260998468264,13,23
test-task04-init06,test,motion_attenuation_0p5,4,6,23,0.8019492030143738,0.0,0.8019492030143738,10,False,50,0.8020113706588745,1.3005825281143188,0.014479421999567421,14,24
test-task04-init06,test,motion_attenuation_0p5,4,6,24,0.8753682971000671,0.0,0.8753682971000671,10,False,50,0.8485578298568726,1.2907084226608276,0.01528934399902937,15,25
test-task04-init06,test,motion_attenuation_0p5,4,6,25,0.8969032764434814,0.0,0.8969032764434814,10,False,50,0.8784443736076355,1.328992486000061,0.01424622000013187,16,26
test-task04-init06,test,motion_attenuation_0p5,4,6,26,0.8766971826553345,0.0,0.8766971826553345,10,False,50,0.8677128553390503,1.3319447040557861,0.017107477000536164,17,27
test-task04-init06,test,motion_attenuation_0p5,4,6,27,0.977888822555542,0.0,0.977888822555542,10,False,50,0.9663243293762207,1.4802274703979492,0.0127284559985128,18,28
test-task04-init06,test,motion_attenuation_0p5,4,6,28,0.9639495611190796,0.0,0.9639495611190796,10,False,50,1.0103929042816162,1.4262861013412476,0.012976280999282608,19,29
test-task04-init06,test,motion_attenuation_0p5,4,6,29,0.9025917053222656,0.0,0.9025917053222656,10,False,50,0.938583254814148,1.4509236812591553,0.01310589399872697,20,30
test-task04-init06,test,motion_attenuation_0p5,4,6,30,0.8908793926239014,0.0,0.8908793926239014,10,False,50,0.9224876761436462,1.4435839653015137,0.013332034000995918,21,31
test-task04-init06,test,motion_attenuation_0p5,4,6,31,0.8862390518188477,0.0,0.8862390518188477,10,False,50,1.004504919052124,1.4841768741607666,0.013018645000556717,22,32
test-task04-init06,test,motion_attenuation_0p5,4,6,32,0.9264001846313477,0.0,0.9264001846313477,10,False,50,1.1121084690093994,1.4616211652755737,0.014983920000304352,23,33
test-task04-init06,test,motion_attenuation_0p5,4,6,33,0.8927041292190552,0.0,0.8927041292190552,10,False,50,0.9984695315361023,1.4345334768295288,0.012947331000759732,24,34
test-task04-init06,test,motion_attenuation_0p5,4,6,34,0.8394293189048767,0.0,0.8394293189048767,10,False,50,1.0058950185775757,1.397358775138855,0.013026934999288642,25,35
test-task04-init06,test,motion_attenuation_0p5,4,6,35,0.7988293170928955,0.0,0.7988293170928955,10,False,50,0.9712556600570679,1.220551609992981,0.015848789998926804,26,36
test-task04-init06,test,motion_attenuation_0p5,4,6,36,0.770638644695282,0.0,0.770638644695282,10,False,50,0.8488545417785645,1.2183618545532227,0.015362971000286052,27,37
test-task04-init06,test,motion_attenuation_0p5,4,6,37,0.7508735656738281,0.0,0.7508735656738281,10,False,50,0.8384677767753601,1.1627267599105835,0.017152694001197233,28,38
test-task04-init06,test,motion_attenuation_0p5,4,6,38,0.6856580972671509,0.0,0.6856580972671509,10,False,50,0.6967787742614746,0.8930355906486511,0.013400175999777275,29,39
test-task04-init06,test,motion_attenuation_0p5,4,6,39,0.7170194983482361,0.0,0.7170194983482361,10,False,50,0.7548575401306152,0.8261680603027344,0.014308518000689219,30,40
test-task04-init06,test,motion_attenuation_0p5,4,6,40,0.6632074117660522,0.0,0.6632074117660522,10,False,50,0.7285445928573608,0.8327178359031677,0.013484597999195103,31,41
test-task04-init06,test,motion_attenuation_0p5,4,6,41,0.7380499243736267,0.0,0.7380499243736267,10,False,50,0.7374942302703857,0.9871038198471069,0.016351147000023047,32,42
test-task04-init06,test,motion_attenuation_0p5,4,6,42,0.7723455429077148,0.0,0.7723455429077148,10,False,50,0.7384743690490723,1.1316006183624268,0.015543514999080799,33,43
test-task04-init06,test,motion_attenuation_0p5,4,6,43,0.821948230266571,0.0,0.821948230266571,10,False,50,0.7465615272521973,1.1852285861968994,0.015551016000245,34,44
test-task04-init06,test,motion_attenuation_0p5,4,6,44,0.8257991075515747,0.0,0.8257991075515747,10,False,50,0.7596558332443237,1.2090988159179688,0.013490019999153446,35,45
test-task04-init06,test,motion_attenuation_0p5,4,6,45,0.9810015559196472,0.0,0.9810015559196472,10,False,50,0.9418088793754578,1.3522415161132812,0.013359573998968699,36,46
test-task04-init06,test,motion_attenuation_0p5,4,6,46,0.9794208407402039,0.0,0.9794208407402039,10,False,50,0.9344627261161804,1.3757309913635254,0.015191803999186959,37,47
test-task04-init06,test,motion_attenuation_0p5,4,6,47,1.095902681350708,0.0,1.095902681350708,10,False,50,1.055448293685913,1.3520057201385498,0.017994084999372717,38,48
test-task04-init06,test,motion_attenuation_0p5,4,6,48,1.1630289554595947,0.0,1.1630289554595947,10,False,50,1.0582633018493652,1.4778773784637451,0.013551371999710682,39,49
test-task04-init06,test,motion_attenuation_0p5,4,6,49,1.071533441543579,0.0,1.071533441543579,10,False,50,1.0150787830352783,1.3548721075057983,0.013373374000366312,40,50
test-task04-init06,test,motion_attenuation_0p5,4,6,50,1.1423745155334473,-0.011205911636352539,1.1535804271697998,10,True,50,1.0892822742462158,1.370408058166504,0.014894705998813151,41,51
test-task04-init06,test,motion_attenuation_0p5,4,6,51,1.0988572835922241,-0.019981980323791504,1.1188392639160156,10,True,50,1.0765538215637207,1.376562476158142,0.01354500200068287,42,52
test-task04-init06,test,motion_attenuation_0p5,4,6,52,1.0688128471374512,-0.026212573051452637,1.0950254201889038,10,True,50,1.0210041999816895,1.2068016529083252,0.01325315600115573,43,53
test-task04-init06,test,motion_attenuation_0p5,4,6,53,1.0721389055252075,-0.02253282070159912,1.0946717262268066,10,True,50,1.093334674835205,1.2110966444015503,0.013497121999535011,44,54
test-task04-init06,test,motion_attenuation_0p5,4,6,54,0.990530252456665,-0.01752471923828125,1.0080549716949463,10,True,50,0.9938079714775085,0.976089358329773,0.017122912000559154,45,55
test-task04-init06,test,motion_attenuation_0p5,4,6,55,0.9780802726745605,-0.015915095806121826,0.9939953684806824,10,True,50,0.9829025268554688,0.7235970497131348,0.01468358999954944,46,56
test-task04-init06,test,motion_attenuation_0p5,4,6,56,0.9221438765525818,-0.008912324905395508,0.9310562014579773,10,True,50,0.9361662864685059,0.7334851026535034,0.012915818999317707,47,57
test-task04-init06,test,motion_attenuation_0p5,4,6,57,0.775304913520813,-0.0038663148880004883,0.7791712284088135,10,True,50,0.8024849891662598,0.5282996892929077,0.013596066999525647,48,58
test-task04-init06,test,motion_attenuation_0p5,4,6,58,0.7580223083496094,-0.0023595690727233887,0.7603818774223328,10,True,50,0.7881724834442139,0.5848774313926697,0.01348407200021029,49,59
test-task04-init06,test,motion_attenuation_0p5,4,6,59,0.8126758337020874,-0.0003782510757446289,0.813054084777832,10,True,50,0.8510150909423828,0.6556029319763184,0.013863111000318895,50,60
test-task04-init06,test,motion_attenuation_0p5,4,6,60,0.8728917837142944,0.0016980171203613281,0.8711937665939331,10,True,50,0.8962464332580566,0.7918691635131836,0.014024565998624894,51,61
test-task04-init06,test,motion_attenuation_0p5,4,6,61,1.0540814399719238,0.0014958381652832031,1.0525856018066406,10,True,50,1.0482962131500244,0.9561473727226257,0.014139883000098052,52,62
test-task04-init06,test,motion_attenuation_0p5,4,6,62,1.1547473669052124,-0.004047513008117676,1.15879487991333,10,True,50,1.1777112483978271,1.1350579261779785,0.013273664000735153,53,63
test-task04-init06,test,motion_attenuation_0p5,4,6,63,1.1592210531234741,0.04140639305114746,1.1178146600723267,10,True,50,1.092751383781433,1.2641594409942627,0.014567468000677763,54,64
test-task04-init06,test,motion_attenuation_0p5,4,6,64,1.0877875089645386,0.03415477275848389,1.0536327362060547,10,True,50,1.0281982421875,1.1814327239990234,0.013160399999833317,55,65
test-task04-init06,test,motion_attenuation_0p5,4,6,65,1.2778472900390625,0.06294417381286621,1.2149031162261963,10,True,50,1.0949596166610718,1.3116750717163086,0.014973024999562767,56,66
test-task04-init06,test,motion_attenuation_0p5,4,6,66,1.2880353927612305,0.05954468250274658,1.2284907102584839,10,True,50,1.076109766960144,1.2988922595977783,0.01305139199939731,57,67
test-task04-init06,test,motion_attenuation_0p5,4,6,67,1.2340384721755981,0.111580491065979,1.1224579811096191,10,True,50,1.0216526985168457,1.1393120288848877,0.013383424000494415,58,68
test-task04-init06,test,motion_attenuation_0p5,4,6,68,1.1839203834533691,0.1226804256439209,1.0612399578094482,10,True,50,0.973122239112854,1.1491162776947021,0.013133055999787757,59,69
test-task04-init06,test,motion_attenuation_0p5,4,6,69,1.302479863166809,0.12242710590362549,1.1800527572631836,10,True,50,1.0354007482528687,1.2178653478622437,0.013638918000651756,60,70
test-task04-init06,test,motion_attenuation_0p5,4,6,70,1.2690258026123047,0.1186215877532959,1.1504042148590088,10,True,50,1.0244784355163574,1.1722629070281982,0.01435356399997545,61,71
test-task04-init06,test,motion_attenuation_0p5,4,6,71,1.2875864505767822,0.11845386028289795,1.1691325902938843,10,True,50,1.0504086017608643,1.24849271774292,0.013268750999486656,62,72
test-task04-init06,test,motion_attenuation_0p5,4,6,72,1.306707739830017,0.11187708377838135,1.1948306560516357,10,True,50,1.09801185131073,1.329101324081421,0.013993132000905462,63,73
test-task04-init06,test,motion_attenuation_0p5,4,6,73,1.0815503597259521,0.11999154090881348,0.9615588188171387,10,True,50,0.9036951065063477,1.1213188171386719,0.01787555400005658,64,74
test-task04-init06,test,motion_attenuation_0p5,4,6,74,1.0334277153015137,0.09254723787307739,0.9408804774284363,10,True,50,0.8989953994750977,1.1629823446273804,0.013990871000714833,65,75
test-task04-init06,test,motion_attenuation_0p5,4,6,75,1.0265611410140991,0.07131975889205933,0.9552413821220398,10,True,50,0.9168403148651123,1.158471941947937,0.018436618000123417,66,76
test-task04-init06,test,motion_attenuation_0p5,4,6,76,0.9257371425628662,0.0632094144821167,0.8625277280807495,10,True,50,0.8210601806640625,1.1017684936523438,0.01476115200057393,67,77
test-task04-init06,test,motion_attenuation_0p5,4,6,77,0.7789754867553711,0.007383465766906738,0.7715920209884644,10,True,50,0.7537660598754883,1.0079216957092285,0.017094275999625097,68,78
test-task04-init06,test,motion_attenuation_0p5,4,6,78,0.6868960857391357,0.005464375019073486,0.6814317107200623,10,True,50,0.6827011108398438,0.8971602916717529,0.014449267999225412,69,79
test-task04-init06,test,motion_attenuation_0p5,4,6,79,0.6708225011825562,-0.034523725509643555,0.7053462266921997,10,True,50,0.6784156560897827,0.9745793342590332,0.013496388999556075,70,80
test-task04-init06,test,motion_attenuation_0p5,4,6,80,0.6674069166183472,-0.006573677062988281,0.6739805936813354,10,True,50,0.6636717915534973,0.8951497077941895,0.014549307999914163,71,81
test-task04-init06,test,motion_attenuation_0p5,4,6,81,0.629062294960022,-0.006688117980957031,0.635750412940979,10,True,50,0.6260430216789246,0.8373364210128784,0.013336493999304366,72,82
test-task04-init06,test,motion_attenuation_0p5,4,6,82,0.5914539098739624,-0.020630955696105957,0.6120848655700684,10,True,50,0.5808373093605042,0.6907996535301208,0.013526258000638336,73,83
test-task04-init06,test,motion_attenuation_0p5,4,6,83,0.6165733337402344,-0.015023112297058105,0.6315964460372925,10,True,50,0.622416079044342,0.6737272143363953,0.013403527000264148,74,84
test-task04-init06,test,motion_attenuation_0p5,4,6,84,0.645087718963623,-0.020643651485443115,0.6657313704490662,10,True,50,0.6338287591934204,0.6894890666007996,0.013578967000285047,75,85
test-task04-init06,test,motion_attenuation_0p5,4,6,85,0.5888724327087402,0.006665945053100586,0.5822064876556396,10,True,50,0.5803290605545044,0.6131538152694702,0.013327284999832045,76,86
test-task04-init06,test,motion_attenuation_0p5,4,6,86,0.5196763277053833,-0.003661632537841797,0.5233379602432251,10,True,50,0.5419223308563232,0.6090325713157654,0.013414896999165649,77,87
test-task04-init06,test,motion_attenuation_0p5,4,6,87,0.5067772269248962,0.0041332244873046875,0.5026440024375916,10,True,50,0.5176683664321899,0.545892596244812,0.013086500999634154,78,88
test-task04-init06,test,motion_attenuation_0p5,4,6,88,0.5093793869018555,-0.004764258861541748,0.5141436457633972,10,True,50,0.5266475677490234,0.5011817812919617,0.01693045899992285,79,89
test-task04-init06,test,motion_attenuation_0p5,4,6,89,0.5638841390609741,0.004784703254699707,0.5590994358062744,10,True,50,0.5802425742149353,0.4995492398738861,0.013294718999532051,80,90
test-task04-init06,test,action_delay_3,4,6,9,0.5057210922241211,0.0,0.5057210922241211,10,False,50,0.5299696922302246,0.5239506959915161,0.01309924300039711,0,10
test-task04-init06,test,action_delay_3,4,6,10,0.7375585436820984,0.0,0.7375585436820984,10,False,50,0.7149600982666016,0.7019219398498535,0.013334953999219579,1,11
test-task04-init06,test,action_delay_3,4,6,11,0.6625504493713379,0.0,0.6625504493713379,10,False,50,0.7307064533233643,0.8412492275238037,0.01336130700110516,2,12
test-task04-init06,test,action_delay_3,4,6,12,0.7090482711791992,0.0,0.7090482711791992,10,False,50,0.8124744296073914,0.8532106280326843,0.013755861999015906,3,13
test-task04-init06,test,action_delay_3,4,6,13,0.7946780920028687,0.0,0.7946780920028687,10,False,50,0.8986157178878784,0.9605299234390259,0.013872669000193127,4,14
test-task04-init06,test,action_delay_3,4,6,14,0.7390939593315125,0.0,0.7390939593315125,10,False,50,0.8171965479850769,0.9737972617149353,0.012892908000139869,5,15
test-task04-init06,test,action_delay_3,4,6,15,0.7847544550895691,0.0,0.7847544550895691,10,False,50,0.8906782865524292,1.047666072845459,0.013556515999880503,6,16
test-task04-init06,test,action_delay_3,4,6,16,0.8894191980361938,0.0,0.8894191980361938,10,False,50,1.0181376934051514,1.2331836223602295,0.012879242000053637,7,17
test-task04-init06,test,action_delay_3,4,6,17,0.9151512384414673,0.0,0.9151512384414673,10,False,50,1.1691319942474365,1.515337347984314,0.015070585999637842,8,18
test-task04-init06,test,action_delay_3,4,6,18,0.8596595525741577,0.0,0.8596595525741577,10,False,50,1.0121948719024658,1.4854791164398193,0.013099039000735502,9,19
test-task04-init06,test,action_delay_3,4,6,19,0.9335986375808716,0.0,0.9335986375808716,10,False,50,1.0839030742645264,1.402944803237915,0.014087215000472497,10,20
test-task04-init06,test,action_delay_3,4,6,20,0.9043291807174683,0.0,0.9043291807174683,10,False,50,1.022444248199463,1.5311797857284546,0.013091343998894445,11,21
test-task04-init06,test,action_delay_3,4,6,21,0.8520016670227051,0.0,0.8520016670227051,10,False,50,0.8154977560043335,1.4467973709106445,0.01979176799977722,12,22
test-task04-init06,test,action_delay_3,4,6,22,0.8679422736167908,0.0,0.8679422736167908,10,False,50,0.7887243032455444,1.3459393978118896,0.0131402960014384,13,23
test-task04-init06,test,action_delay_3,4,6,23,0.8019492030143738,0.0,0.8019492030143738,10,False,50,0.8020113706588745,1.3005825281143188,0.013196432999393437,14,24
test-task04-init06,test,action_delay_3,4,6,24,0.8753682971000671,0.0,0.8753682971000671,10,False,50,0.8485578298568726,1.2907084226608276,0.012948805999258184,15,25
test-task04-init06,test,action_delay_3,4,6,25,0.8969032764434814,0.0,0.8969032764434814,10,False,50,0.8784443736076355,1.328992486000061,0.014506289999189903,16,26
test-task04-init06,test,action_delay_3,4,6,26,0.8766971826553345,0.0,0.8766971826553345,10,False,50,0.8677128553390503,1.3319447040557861,0.014592030998755945,17,27
test-task04-init06,test,action_delay_3,4,6,27,0.977888822555542,0.0,0.977888822555542,10,False,50,0.9663243293762207,1.4802274703979492,0.013582882000264362,18,28
test-task04-init06,test,action_delay_3,4,6,28,0.9639495611190796,0.0,0.9639495611190796,10,False,50,1.0103929042816162,1.4262861013412476,0.014707553000334883,19,29
test-task04-init06,test,action_delay_3,4,6,29,0.9025917053222656,0.0,0.9025917053222656,10,False,50,0.938583254814148,1.4509236812591553,0.014971941000112565,20,30
test-task04-init06,test,action_delay_3,4,6,30,0.8908793926239014,0.0,0.8908793926239014,10,False,50,0.9224876761436462,1.4435839653015137,0.016569613999308785,21,31
test-task04-init06,test,action_delay_3,4,6,31,0.8862390518188477,0.0,0.8862390518188477,10,False,50,1.004504919052124,1.4841768741607666,0.013146953000614303,22,32
test-task04-init06,test,action_delay_3,4,6,32,0.9264001846313477,0.0,0.9264001846313477,10,False,50,1.1121084690093994,1.4616211652755737,0.015817026998774963,23,33
test-task04-init06,test,action_delay_3,4,6,33,0.8927041292190552,0.0,0.8927041292190552,10,False,50,0.9984695315361023,1.4345334768295288,0.01448236100077338,24,34
test-task04-init06,test,action_delay_3,4,6,34,0.8394293189048767,0.0,0.8394293189048767,10,False,50,1.0058950185775757,1.397358775138855,0.013973338000141666,25,35
test-task04-init06,test,action_delay_3,4,6,35,0.7988293170928955,0.0,0.7988293170928955,10,False,50,0.9712556600570679,1.220551609992981,0.01305185499950312,26,36
test-task04-init06,test,action_delay_3,4,6,36,0.770638644695282,0.0,0.770638644695282,10,False,50,0.8488545417785645,1.2183618545532227,0.01998410299893294,27,37
test-task04-init06,test,action_delay_3,4,6,37,0.7508735656738281,0.0,0.7508735656738281,10,False,50,0.8384677767753601,1.1627267599105835,0.013456275999487843,28,38
test-task04-init06,test,action_delay_3,4,6,38,0.6856580972671509,0.0,0.6856580972671509,10,False,50,0.6967787742614746,0.8930355906486511,0.014162182000291068,29,39
test-task04-init06,test,action_delay_3,4,6,39,0.7170194983482361,0.0,0.7170194983482361,10,False,50,0.7548575401306152,0.8261680603027344,0.01404039099907095,30,40
test-task04-init06,test,action_delay_3,4,6,40,0.6632074117660522,0.0,0.6632074117660522,10,False,50,0.7285445928573608,0.8327178359031677,0.013682421000339673,31,41
test-task04-init06,test,action_delay_3,4,6,41,0.7380499243736267,0.0,0.7380499243736267,10,False,50,0.7374942302703857,0.9871038198471069,0.0136845329998323,32,42
test-task04-init06,test,action_delay_3,4,6,42,0.7723455429077148,0.0,0.7723455429077148,10,False,50,0.7384743690490723,1.1316006183624268,0.013228648000222165,33,43
test-task04-init06,test,action_delay_3,4,6,43,0.821948230266571,0.0,0.821948230266571,10,False,50,0.7465615272521973,1.1852285861968994,0.016149405999385635,34,44
test-task04-init06,test,action_delay_3,4,6,44,0.8257991075515747,0.0,0.8257991075515747,10,False,50,0.7596558332443237,1.2090988159179688,0.013006864000999485,35,45
test-task04-init06,test,action_delay_3,4,6,45,0.9810015559196472,0.0,0.9810015559196472,10,False,50,0.9418088793754578,1.3522415161132812,0.015598225998473936,36,46
test-task04-init06,test,action_delay_3,4,6,46,0.9794208407402039,0.0,0.9794208407402039,10,False,50,0.9344627261161804,1.3757309913635254,0.013691605001440621,37,47
test-task04-init06,test,action_delay_3,4,6,47,1.095902681350708,0.0,1.095902681350708,10,False,50,1.055448293685913,1.3520057201385498,0.013198582999393693,38,48
test-task04-init06,test,action_delay_3,4,6,48,1.1630289554595947,0.0,1.1630289554595947,10,False,50,1.0582633018493652,1.4778773784637451,0.012890026999230031,39,49
test-task04-init06,test,action_delay_3,4,6,49,1.071533441543579,0.0,1.071533441543579,10,False,50,1.0150787830352783,1.3548721075057983,0.014543392000632593,40,50
test-task04-init06,test,action_delay_3,4,6,50,1.1479090452194214,0.013375282287597656,1.1345337629318237,10,True,50,1.0947750806808472,1.3967487812042236,0.01426660300057847,41,51
test-task04-init06,test,action_delay_3,4,6,51,1.1536285877227783,0.02820003032684326,1.125428557395935,10,True,50,1.128572702407837,1.439676284790039,0.013825895999616478,42,52
test-task04-init06,test,action_delay_3,4,6,52,1.3728351593017578,0.03841269016265869,1.3344224691390991,10,True,50,1.3242186307907104,1.5250365734100342,0.01734610200037423,43,53
test-task04-init06,test,action_delay_3,4,6,53,1.0453705787658691,0.02346360683441162,1.0219069719314575,10,True,50,1.071634292602539,1.189833641052246,0.014141597999696387,44,54
test-task04-init06,test,action_delay_3,4,6,54,1.0322446823120117,0.022690534591674805,1.009554147720337,10,True,50,1.0456104278564453,0.993032693862915,0.013688003999050125,45,55
test-task04-init06,test,action_delay_3,4,6,55,0.9031170606613159,0.016843676567077637,0.8862733840942383,10,True,50,0.9208931922912598,0.6820268034934998,0.01389470399954007,46,56
test-task04-init06,test,action_delay_3,4,6,56,0.881791353225708,-0.004369020462036133,0.8861603736877441,10,True,50,0.9228953719139099,0.6635899543762207,0.013287736999700428,47,57
test-task04-init06,test,action_delay_3,4,6,57,0.9041287302970886,-0.019946396350860596,0.9240751266479492,10,True,50,0.9280214309692383,0.8017387390136719,0.01333246400099597,48,58
test-task04-init06,test,action_delay_3,4,6,58,1.0164570808410645,-0.018924474716186523,1.035381555557251,10,True,50,1.0424537658691406,0.9092788696289062,0.013511637998817605,49,59
test-task04-init06,test,action_delay_3,4,6,59,1.073737621307373,-0.03323566913604736,1.1069732904434204,10,True,50,1.1472249031066895,1.1579288244247437,0.013712595000470174,50,60
test-task04-init06,test,action_delay_3,4,6,60,1.0275993347167969,-0.01914501190185547,1.0467443466186523,10,True,50,1.0463201999664307,1.2288483381271362,0.013158978999854298,51,61
test-task04-init06,test,action_delay_3,4,6,61,1.1276363134384155,-0.006715297698974609,1.1343516111373901,10,True,50,1.1166906356811523,1.2734663486480713,0.017312470999968355,52,62
test-task04-init06,test,action_delay_3,4,6,62,1.2737070322036743,0.005189776420593262,1.268517255783081,10,True,50,1.2305030822753906,1.53974187374115,0.014586162000341574,53,63
test-task04-init06,test,action_delay_3,4,6,63,1.1687524318695068,0.05591630935668945,1.1128361225128174,10,True,50,1.0294182300567627,1.4386625289916992,0.013252406999527011,54,64
test-task04-init06,test,action_delay_3,4,6,64,1.1499817371368408,0.08315181732177734,1.0668299198150635,10,True,50,1.052215814590454,1.349242925643921,0.013972167000247282,55,65
test-task04-init06,test,action_delay_3,4,6,65,1.2062809467315674,0.08633923530578613,1.1199417114257812,10,True,50,0.9985809326171875,1.2912307977676392,0.013469692999933613,56,66
test-task04-init06,test,action_delay_3,4,6,66,1.270349383354187,0.11417675018310547,1.1561726331710815,10,True,50,1.0110692977905273,1.2193996906280518,0.015345380999860936,57,67
test-task04-init06,test,action_delay_3,4,6,67,1.1803815364837646,0.06474995613098145,1.1156315803527832,10,True,50,1.0099997520446777,1.213721752166748,0.014865352999549941,58,68
test-task04-init06,test,action_delay_3,4,6,68,1.0661065578460693,0.05560314655303955,1.0105034112930298,10,True,50,0.9112900495529175,1.1919987201690674,0.013816079001117032,59,69
test-task04-init06,test,action_delay_3,4,6,69,1.0452135801315308,0.04777181148529053,0.9974417686462402,10,True,50,0.8658797144889832,1.2130298614501953,0.013297604000399588,60,70
test-task04-init06,test,action_delay_3,4,6,70,1.0591611862182617,0.029224872589111328,1.0299363136291504,10,True,50,1.0042802095413208,1.2751315832138062,0.019541487999958917,61,71
test-task04-init06,test,action_delay_3,4,6,71,1.0683269500732422,0.03254437446594238,1.0357825756072998,10,True,50,0.9700314998626709,1.4108829498291016,0.012963444998604245,62,72
test-task04-init06,test,action_delay_3,4,6,72,1.0137581825256348,0.02215033769607544,0.9916078448295593,10,True,50,0.9409582018852234,1.4274141788482666,0.013837070000590757,63,73
test-task04-init06,test,action_delay_3,4,6,73,0.9057812094688416,0.00817805528640747,0.8976031541824341,10,True,50,0.9174154996871948,1.2200703620910645,0.015145233999646734,64,74
test-task04-init06,test,action_delay_3,4,6,74,0.8938750624656677,0.008253514766693115,0.8856215476989746,10,True,50,0.881769061088562,1.2516010999679565,0.013488115999280126,65,75
test-task04-init06,test,action_delay_3,4,6,75,0.9838824272155762,0.01492840051651001,0.9689540266990662,10,True,50,0.9702507257461548,1.236926794052124,0.022373169000275084,66,76
test-task04-init06,test,action_delay_3,4,6,76,0.9535004496574402,0.0019780993461608887,0.9515223503112793,10,True,50,1.000657081604004,1.4224262237548828,0.015191930000582943,67,77
test-task04-init06,test,action_delay_3,4,6,77,0.9166405200958252,0.0030019283294677734,0.9136385917663574,10,True,50,0.9500328898429871,1.3995962142944336,0.01672278000114602,68,78
test-task04-init06,test,action_delay_3,4,6,78,0.9424751996994019,-0.00042617321014404297,0.9429013729095459,10,True,50,0.9848545789718628,1.2967959642410278,0.017191851999086794,69,79
test-task04-init06,test,action_delay_3,4,6,79,0.9414438605308533,0.0012465119361877441,0.9401973485946655,10,True,50,0.998497486114502,1.1688075065612793,0.015549676998489304,70,80
test-task04-init06,test,action_delay_3,4,6,80,0.9401525259017944,0.0022951364517211914,0.9378573894500732,10,True,50,0.9774145483970642,1.2023801803588867,0.014898833998813643,71,81
test-task04-init06,test,action_delay_3,4,6,81,0.8462235927581787,0.0030802488327026367,0.8431433439254761,10,True,50,0.8936669230461121,1.0389583110809326,0.014278590999310836,72,82
test-task04-init06,test,action_delay_3,4,6,82,0.8363972902297974,0.008792519569396973,0.8276047706604004,10,True,50,0.8844673037528992,0.949073314666748,0.013644139000462019,73,83
test-task04-init06,test,action_delay_3,4,6,83,0.7815274000167847,0.007623612880706787,0.7739037871360779,10,True,50,0.8069535493850708,0.8828713297843933,0.014110735999565804,74,84
test-task04-init06,test,action_delay_3,4,6,84,0.7529910802841187,0.0037529468536376953,0.749238133430481,10,True,50,0.7323228716850281,0.8439578413963318,0.013509280999642215,75,85
test-task04-init06,test,action_delay_3,4,6,85,0.7848418951034546,0.005230844020843506,0.7796110510826111,10,True,50,0.7786105871200562,0.8296693563461304,0.014800458999161492,76,86
test-task04-init06,test,action_delay_3,4,6,86,0.7943577766418457,0.006032049655914307,0.7883257269859314,10,True,50,0.7826724052429199,0.7971219420433044,0.016352962999008014,77,87
test-task04-init06,test,action_delay_3,4,6,87,0.8080689311027527,0.006255805492401123,0.8018131256103516,10,True,50,0.8308214545249939,0.8455018997192383,0.013173100000130944,78,88
test-task04-init06,test,action_delay_3,4,6,88,0.8001887202262878,0.0020279288291931152,0.7981607913970947,10,True,50,0.8472272753715515,0.8107659220695496,0.017035259999829577,79,89
test-task04-init06,test,action_delay_3,4,6,89,0.7638891935348511,0.0005511045455932617,0.7633380889892578,10,True,50,0.7992441058158875,0.7450366020202637,0.013486862000718247,80,90
test-task04-init09,test,nominal,4,9,9,0.7056230306625366,0.0,0.7056230306625366,10,False,,0.8030084371566772,0.9421650767326355,0.015271775000655907,0,10
test-task04-init09,test,nominal,4,9,10,0.8045573234558105,0.0,0.8045573234558105,10,False,,0.9155175089836121,1.032690405845642,0.013605083999209455,1,11
test-task04-init09,test,nominal,4,9,11,0.8198058605194092,0.0,0.8198058605194092,10,False,,0.9277527332305908,1.1652045249938965,0.014986268999564345,2,12
test-task04-init09,test,nominal,4,9,12,0.8450960516929626,0.0,0.8450960516929626,10,False,,1.050275206565857,1.3608026504516602,0.013143313000909984,3,13
test-task04-init09,test,nominal,4,9,13,0.8174095153808594,0.0,0.8174095153808594,10,False,,1.0668973922729492,1.4928712844848633,0.014844231998722535,4,14
test-task04-init09,test,nominal,4,9,14,0.7701019644737244,0.0,0.7701019644737244,10,False,,0.899427592754364,1.5124167203903198,0.013461376998748165,5,15
test-task04-init09,test,nominal,4,9,15,0.7288999557495117,0.0,0.7288999557495117,10,False,,0.8335520625114441,1.526451826095581,0.013904710000133491,6,16
test-task04-init09,test,nominal,4,9,16,0.7503117322921753,0.0,0.7503117322921753,10,False,,0.8700944781303406,1.4047778844833374,0.01977210500081128,7,17
test-task04-init09,test,nominal,4,9,17,0.7239056825637817,0.0,0.7239056825637817,10,False,,0.7574036121368408,1.2427282333374023,0.0155574529999285,8,18
test-task04-init09,test,nominal,4,9,18,0.7667847871780396,0.0,0.7667847871780396,10,False,,0.7628417015075684,1.1541424989700317,0.02781974800018361,9,19
test-task04-init09,test,nominal,4,9,19,0.732257604598999,0.0,0.732257604598999,10,False,,0.7025400996208191,1.1638697385787964,0.01351315800093289,10,20
test-task04-init09,test,nominal,4,9,20,0.75627201795578,0.0,0.75627201795578,10,False,,0.7357451319694519,1.1186330318450928,0.016448500000478816,11,21
test-task04-init09,test,nominal,4,9,21,0.7595157623291016,0.0,0.7595157623291016,10,False,,0.752790093421936,1.1818296909332275,0.01579502099957608,12,22
test-task04-init09,test,nominal,4,9,22,0.7609233260154724,0.0,0.7609233260154724,10,False,,0.7236461043357849,1.1806697845458984,0.017898375999720884,13,23
test-task04-init09,test,nominal,4,9,23,0.7460064888000488,0.0,0.7460064888000488,10,False,,0.7535289525985718,1.1238540410995483,0.015591928000503685,14,24
test-task04-init09,test,nominal,4,9,24,0.7619325518608093,0.0,0.7619325518608093,10,False,,0.7642817497253418,1.2275521755218506,0.013885189000575338,15,25
test-task04-init09,test,nominal,4,9,25,0.7395946383476257,0.0,0.7395946383476257,10,False,,0.766575813293457,1.238861322402954,0.013995423998494516,16,26
test-task04-init09,test,nominal,4,9,26,0.7755067348480225,0.0,0.7755067348480225,10,False,,0.8237191438674927,1.2702668905258179,0.013060924000455998,17,27
test-task04-init09,test,nominal,4,9,27,0.7647061347961426,0.0,0.7647061347961426,10,False,,0.7943055033683777,1.3030970096588135,0.01272367099954863,18,28
test-task04-init09,test,nominal,4,9,28,0.8450297713279724,0.0,0.8450297713279724,10,False,,0.855911135673523,1.5046393871307373,0.014430062999963411,19,29
test-task04-init09,test,nominal,4,9,29,0.9338010549545288,0.0,0.9338010549545288,10,False,,0.9167366027832031,1.5410773754119873,0.013388695999310585,20,30
test-task04-init09,test,nominal,4,9,30,0.9693242311477661,0.0,0.9693242311477661,10,False,,0.9600663185119629,1.542120337486267,0.015479583000342245,21,31
test-task04-init09,test,nominal,4,9,31,0.8637191653251648,0.0,0.8637191653251648,10,False,,0.8893558382987976,1.3490160703659058,0.014269068000430707,22,32
test-task04-init09,test,nominal,4,9,32,0.8063258528709412,0.0,0.8063258528709412,10,False,,0.8101884722709656,1.2543296813964844,0.013705966999623342,23,33
test-task04-init09,test,nominal,4,9,33,0.7474418878555298,0.0,0.7474418878555298,10,False,,0.7437552213668823,1.111109733581543,0.016609382000751793,24,34
test-task04-init09,test,nominal,4,9,34,0.7130893468856812,0.0,0.7130893468856812,10,False,,0.7112366557121277,1.0425652265548706,0.016178075999050634,25,35
test-task04-init09,test,nominal,4,9,35,0.6850082874298096,0.0,0.6850082874298096,10,False,,0.6590982675552368,0.978701114654541,0.015053564000481856,26,36
test-task04-init09,test,nominal,4,9,36,0.6576550006866455,0.0,0.6576550006866455,10,False,,0.6287926435470581,0.9272950887680054,0.013378480998653686,27,37
test-task04-init09,test,nominal,4,9,37,0.6473736763000488,0.0,0.6473736763000488,10,False,,0.6473397612571716,0.7227978706359863,0.01633217800008424,28,38
test-task04-init09,test,nominal,4,9,38,0.6344332695007324,0.0,0.6344332695007324,10,False,,0.6335268020629883,0.7411782145500183,0.013044420000369428,29,39
test-task04-init09,test,nominal,4,9,39,0.6262917518615723,0.0,0.6262917518615723,10,False,,0.605911135673523,0.6353143453598022,0.014003575999595341,30,40
test-task04-init09,test,nominal,4,9,40,0.5933709740638733,0.0,0.5933709740638733,10,False,,0.5627343654632568,0.694525420665741,0.013990792000186048,31,41
test-task04-init09,test,nominal,4,9,41,0.6485063433647156,0.0,0.6485063433647156,10,False,,0.5984543561935425,0.8145076632499695,0.01499532699926931,32,42
test-task04-init09,test,nominal,4,9,42,0.677618145942688,0.0,0.677618145942688,10,False,,0.6571309566497803,1.029237151145935,0.013718535001316923,33,43
test-task04-init09,test,nominal,4,9,43,0.6875643134117126,0.0,0.6875643134117126,10,False,,0.6561985015869141,1.0190472602844238,0.01738995000050636,34,44
test-task04-init09,test,nominal,4,9,44,0.7895026206970215,0.0,0.7895026206970215,10,False,,0.7790865898132324,1.1867886781692505,0.016315417000441812,35,45
test-task04-init09,test,nominal,4,9,45,0.8077821135520935,0.0,0.8077821135520935,10,False,,0.8231787085533142,1.2417690753936768,0.013949009000498336,36,46
test-task04-init09,test,nominal,4,9,46,0.8682612180709839,0.0,0.8682612180709839,10,False,,0.8794816732406616,1.2885702848434448,0.016032337000069674,37,47
test-task04-init09,test,nominal,4,9,47,1.0162440538406372,0.0,1.0162440538406372,10,False,,1.0294547080993652,1.416873812675476,0.013235542999609606,38,48
test-task04-init09,test,nominal,4,9,48,1.1305856704711914,0.0,1.1305856704711914,10,False,,1.1081857681274414,1.5263986587524414,0.014731138999195537,39,49
test-task04-init09,test,nominal,4,9,49,1.2225511074066162,0.0,1.2225511074066162,10,False,,1.2228832244873047,1.6151025295257568,0.013291924999066396,40,50
test-task04-init09,test,nominal,4,9,50,1.2194044589996338,0.0,1.2194044589996338,10,False,,1.2282726764678955,1.5344171524047852,0.013498856000296655,41,51
test-task04-init09,test,nominal,4,9,51,1.0922361612319946,0.0,1.0922361612319946,10,False,,1.1134732961654663,1.2432199716567993,0.013133872000253177,42,52
test-task04-init09,test,nominal,4,9,52,0.9913425445556641,0.0,0.9913425445556641,10,False,,1.0104557275772095,1.0854628086090088,0.014764829998966889,43,53
test-task04-init09,test,nominal,4,9,53,0.8942502737045288,0.0,0.8942502737045288,10,False,,0.8724331259727478,0.8480008840560913,0.013939160999143496,44,54
test-task04-init09,test,nominal,4,9,54,0.9430023431777954,0.0,0.9430023431777954,10,False,,0.9220229983329773,0.9326436519622803,0.013319730000148411,45,55
test-task04-init09,test,nominal,4,9,55,1.0289742946624756,0.0,1.0289742946624756,10,False,,1.0033150911331177,0.9895173907279968,0.018244434000735055,46,56
test-task04-init09,test,nominal,4,9,56,0.982761561870575,0.0,0.982761561870575,10,False,,0.8989488482475281,0.9249483942985535,0.014412970000194036,47,57
test-task04-init09,test,nominal,4,9,57,1.0522282123565674,0.0,1.0522282123565674,10,False,,1.0106096267700195,1.0629409551620483,0.014294507000158774,48,58
test-task04-init09,test,nominal,4,9,58,1.052446722984314,0.0,1.052446722984314,10,False,,1.0187277793884277,1.1604737043380737,0.013414422001005732,49,59
test-task04-init09,test,nominal,4,9,59,1.1348917484283447,0.0,1.1348917484283447,10,False,,1.0538063049316406,1.3357884883880615,0.013475959998686449,50,60
test-task04-init09,test,nominal,4,9,60,1.055513858795166,0.0,1.055513858795166,10,False,,1.0023272037506104,1.3773716688156128,0.013683806999324588,51,61
test-task04-init09,test,nominal,4,9,61,0.9223291277885437,0.0,0.9223291277885437,10,False,,0.9047719240188599,1.0293753147125244,0.013482382000802318,52,62
test-task04-init09,test,nominal,4,9,62,0.8196244239807129,0.0,0.8196244239807129,10,False,,0.81065833568573,0.8579262495040894,0.014263852999647497,53,63
test-task04-init09,test,nominal,4,9,63,0.7374960780143738,0.0,0.7374960780143738,10,False,,0.7321664690971375,0.7486130595207214,0.024423371000011684,54,64
test-task04-init09,test,nominal,4,9,64,0.6261909008026123,0.0,0.6261909008026123,10,False,,0.6374344229698181,0.7406759262084961,0.01381353000033414,55,65
test-task04-init09,test,nominal,4,9,65,0.7501566410064697,0.0,0.7501566410064697,10,False,,0.756408154964447,0.8232452869415283,0.01492661100019177,56,66
test-task04-init09,test,nominal,4,9,66,0.6925721168518066,0.0,0.6925721168518066,10,False,,0.6948943138122559,0.8601746559143066,0.013484614000844886,57,67
test-task04-init09,test,nominal,4,9,67,0.7662268877029419,0.0,0.7662268877029419,10,False,,0.7700432538986206,1.0296781063079834,0.014863924001474516,58,68
test-task04-init09,test,nominal,4,9,68,0.7969115972518921,0.0,0.7969115972518921,10,False,,0.7732313871383667,1.1727135181427002,0.013917823998781387,59,69
test-task04-init09,test,nominal,4,9,69,0.8256773948669434,0.0,0.8256773948669434,10,False,,0.7994345426559448,1.183365821838379,0.016205740001169033,60,70
test-task04-init09,test,nominal,4,9,70,0.7640770673751831,0.0,0.7640770673751831,10,False,,0.7505067586898804,1.0496127605438232,0.013632620999487699,61,71
test-task04-init09,test,nominal,4,9,71,0.7876512408256531,0.0,0.7876512408256531,10,False,,0.7505171298980713,0.944279670715332,0.020646757999202237,62,72
test-task04-init09,test,nominal,4,9,72,0.7797294855117798,0.0,0.7797294855117798,10,False,,0.7444852590560913,0.8877698183059692,0.013799486001516925,63,73
test-task04-init09,test,nominal,4,9,73,0.7943229675292969,0.0,0.7943229675292969,10,False,,0.7389649152755737,0.9856142997741699,0.014561948000846314,64,74
test-task04-init09,test,nominal,4,9,74,0.7725023031234741,0.0,0.7725023031234741,10,False,,0.7109562158584595,0.8919299840927124,0.015337623999585048,65,75
test-task04-init09,test,nominal,4,9,75,0.8281216621398926,0.0,0.8281216621398926,10,False,,0.7875462770462036,0.995614230632782,0.014442992000113009,66,76
test-task04-init09,test,nominal,4,9,76,0.7003692388534546,0.0,0.7003692388534546,10,False,,0.6900739669799805,0.8368306159973145,0.01496081199911714,67,77
test-task04-init09,test,nominal,4,9,77,0.74676513671875,0.0,0.74676513671875,10,False,,0.7540454864501953,1.0196044445037842,0.015090988999872934,68,78
test-task04-init09,test,nominal,4,9,78,0.8405305743217468,0.0,0.8405305743217468,10,False,,0.8772072196006775,1.097597599029541,0.013810096001179772,69,79
test-task04-init09,test,nominal,4,9,79,0.8268798589706421,0.0,0.8268798589706421,10,False,,0.8665740489959717,1.1267361640930176,0.01408329399964714,70,80
test-task04-init09,test,nominal,4,9,80,0.8196231722831726,0.0,0.8196231722831726,10,False,,0.849409282207489,1.153847098350525,0.015468088000488933,71,81
test-task04-init09,test,nominal,4,9,81,0.8023427724838257,0.0,0.8023427724838257,10,False,,0.7971183657646179,1.2277733087539673,0.01601647500137915,72,82
test-task04-init09,test,nominal,4,9,82,0.8322855830192566,0.0,0.8322855830192566,10,False,,0.8161248564720154,1.1536328792572021,0.014933122998627368,73,83
test-task04-init09,test,nominal,4,9,83,0.7970516085624695,0.0,0.7970516085624695,10,False,,0.7597593665122986,1.0616962909698486,0.016198610999708762,74,84
test-task04-init09,test,nominal,4,9,84,0.7881344556808472,0.0,0.7881344556808472,10,False,,0.768273115158081,0.9771944880485535,0.013314110999999684,75,85
test-task04-init09,test,nominal,4,9,85,0.822506308555603,0.0,0.822506308555603,10,False,,0.8124912977218628,1.0045058727264404,0.021588920000795042,76,86
test-task04-init09,test,nominal,4,9,86,0.6498573422431946,0.0,0.6498573422431946,10,False,,0.6356489658355713,0.8316088914871216,0.013311783999597537,77,87
test-task04-init09,test,nominal,4,9,87,0.6740274429321289,0.0,0.6740274429321289,10,False,,0.6700547933578491,0.78615403175354,0.015349006000178633,78,88
test-task04-init09,test,nominal,4,9,88,0.7676476240158081,0.0,0.7676476240158081,10,False,,0.7903186678886414,0.9573391675949097,0.013210609000452678,79,89
test-task04-init09,test,nominal,4,9,89,0.733629584312439,0.0,0.733629584312439,10,False,,0.7573951482772827,0.8953436613082886,0.014112030999967828,80,90
test-task04-init09,test,motion_attenuation_0p5,4,9,9,0.7056230306625366,0.0,0.7056230306625366,10,False,50,0.8030084371566772,0.9421650767326355,0.013977710999824922,0,10
test-task04-init09,test,motion_attenuation_0p5,4,9,10,0.8045573234558105,0.0,0.8045573234558105,10,False,50,0.9155175089836121,1.032690405845642,0.013882928000384709,1,11
test-task04-init09,test,motion_attenuation_0p5,4,9,11,0.8198058605194092,0.0,0.8198058605194092,10,False,50,0.9277527332305908,1.1652045249938965,0.013139734999640496,2,12
test-task04-init09,test,motion_attenuation_0p5,4,9,12,0.8450960516929626,0.0,0.8450960516929626,10,False,50,1.050275206565857,1.3608026504516602,0.013671987999259727,3,13
test-task04-init09,test,motion_attenuation_0p5,4,9,13,0.8174095153808594,0.0,0.8174095153808594,10,False,50,1.0668973922729492,1.4928712844848633,0.016798439999547554,4,14
test-task04-init09,test,motion_attenuation_0p5,4,9,14,0.7701019644737244,0.0,0.7701019644737244,10,False,50,0.899427592754364,1.5124167203903198,0.013315565000084462,5,15
test-task04-init09,test,motion_attenuation_0p5,4,9,15,0.7288999557495117,0.0,0.7288999557495117,10,False,50,0.8335520625114441,1.526451826095581,0.014032697999937227,6,16
test-task04-init09,test,motion_attenuation_0p5,4,9,16,0.7503117322921753,0.0,0.7503117322921753,10,False,50,0.8700944781303406,1.4047778844833374,0.015655055998649914,7,17
test-task04-init09,test,motion_attenuation_0p5,4,9,17,0.7239056825637817,0.0,0.7239056825637817,10,False,50,0.7574036121368408,1.2427282333374023,0.013199308999901405,8,18
test-task04-init09,test,motion_attenuation_0p5,4,9,18,0.7667847871780396,0.0,0.7667847871780396,10,False,50,0.7628417015075684,1.1541424989700317,0.013964509998913854,9,19
test-task04-init09,test,motion_attenuation_0p5,4,9,19,0.732257604598999,0.0,0.732257604598999,10,False,50,0.7025400996208191,1.1638697385787964,0.01330097800018848,10,20
test-task04-init09,test,motion_attenuation_0p5,4,9,20,0.75627201795578,0.0,0.75627201795578,10,False,50,0.7357451319694519,1.1186330318450928,0.014173470999594429,11,21
test-task04-init09,test,motion_attenuation_0p5,4,9,21,0.7595157623291016,0.0,0.7595157623291016,10,False,50,0.752790093421936,1.1818296909332275,0.013908126999012893,12,22
test-task04-init09,test,motion_attenuation_0p5,4,9,22,0.7609233260154724,0.0,0.7609233260154724,10,False,50,0.7236461043357849,1.1806697845458984,0.015093815000000177,13,23
test-task04-init09,test,motion_attenuation_0p5,4,9,23,0.7460064888000488,0.0,0.7460064888000488,10,False,50,0.7535289525985718,1.1238540410995483,0.014647250998677919,14,24
test-task04-init09,test,motion_attenuation_0p5,4,9,24,0.7619325518608093,0.0,0.7619325518608093,10,False,50,0.7642817497253418,1.2275521755218506,0.015452142000867752,15,25
test-task04-init09,test,motion_attenuation_0p5,4,9,25,0.7395946383476257,0.0,0.7395946383476257,10,False,50,0.766575813293457,1.238861322402954,0.014050091998797143,16,26
test-task04-init09,test,motion_attenuation_0p5,4,9,26,0.7755067348480225,0.0,0.7755067348480225,10,False,50,0.8237191438674927,1.2702668905258179,0.013988587999847368,17,27
test-task04-init09,test,motion_attenuation_0p5,4,9,27,0.7647061347961426,0.0,0.7647061347961426,10,False,50,0.7943055033683777,1.3030970096588135,0.024329693000254338,18,28
test-task04-init09,test,motion_attenuation_0p5,4,9,28,0.8450297713279724,0.0,0.8450297713279724,10,False,50,0.855911135673523,1.5046393871307373,0.01419279999936407,19,29
test-task04-init09,test,motion_attenuation_0p5,4,9,29,0.9338010549545288,0.0,0.9338010549545288,10,False,50,0.9167366027832031,1.5410773754119873,0.013680599000508664,20,30
test-task04-init09,test,motion_attenuation_0p5,4,9,30,0.9693242311477661,0.0,0.9693242311477661,10,False,50,0.9600663185119629,1.542120337486267,0.01626418200066837,21,31
test-task04-init09,test,motion_attenuation_0p5,4,9,31,0.8637191653251648,0.0,0.8637191653251648,10,False,50,0.8893558382987976,1.3490160703659058,0.01537213099982182,22,32
test-task04-init09,test,motion_attenuation_0p5,4,9,32,0.8063258528709412,0.0,0.8063258528709412,10,False,50,0.8101884722709656,1.2543296813964844,0.015868362999754027,23,33
test-task04-init09,test,motion_attenuation_0p5,4,9,33,0.7474418878555298,0.0,0.7474418878555298,10,False,50,0.7437552213668823,1.111109733581543,0.015336012998886872,24,34
test-task04-init09,test,motion_attenuation_0p5,4,9,34,0.7130893468856812,0.0,0.7130893468856812,10,False,50,0.7112366557121277,1.0425652265548706,0.016114723001010134,25,35
test-task04-init09,test,motion_attenuation_0p5,4,9,35,0.6850082874298096,0.0,0.6850082874298096,10,False,50,0.6590982675552368,0.978701114654541,0.016032662999350578,26,36
test-task04-init09,test,motion_attenuation_0p5,4,9,36,0.6576550006866455,0.0,0.6576550006866455,10,False,50,0.6287926435470581,0.9272950887680054,0.016213465998589527,27,37
test-task04-init09,test,motion_attenuation_0p5,4,9,37,0.6473736763000488,0.0,0.6473736763000488,10,False,50,0.6473397612571716,0.7227978706359863,0.014894504000039888,28,38
test-task04-init09,test,motion_attenuation_0p5,4,9,38,0.6344332695007324,0.0,0.6344332695007324,10,False,50,0.6335268020629883,0.7411782145500183,0.014298125001005246,29,39
test-task04-init09,test,motion_attenuation_0p5,4,9,39,0.6262917518615723,0.0,0.6262917518615723,10,False,50,0.605911135673523,0.6353143453598022,0.016630672998871887,30,40
test-task04-init09,test,motion_attenuation_0p5,4,9,40,0.5933709740638733,0.0,0.5933709740638733,10,False,50,0.5627343654632568,0.694525420665741,0.02535446900037641,31,41
test-task04-init09,test,motion_attenuation_0p5,4,9,41,0.6485063433647156,0.0,0.6485063433647156,10,False,50,0.5984543561935425,0.8145076632499695,0.014253756000471185,32,42
test-task04-init09,test,motion_attenuation_0p5,4,9,42,0.677618145942688,0.0,0.677618145942688,10,False,50,0.6571309566497803,1.029237151145935,0.017021363999447203,33,43
test-task04-init09,test,motion_attenuation_0p5,4,9,43,0.6875643134117126,0.0,0.6875643134117126,10,False,50,0.6561985015869141,1.0190472602844238,0.016922976001296774,34,44
test-task04-init09,test,motion_attenuation_0p5,4,9,44,0.7895026206970215,0.0,0.7895026206970215,10,False,50,0.7790865898132324,1.1867886781692505,0.013558639999246225,35,45
test-task04-init09,test,motion_attenuation_0p5,4,9,45,0.8077821135520935,0.0,0.8077821135520935,10,False,50,0.8231787085533142,1.2417690753936768,0.015066952999404748,36,46
test-task04-init09,test,motion_attenuation_0p5,4,9,46,0.8682612180709839,0.0,0.8682612180709839,10,False,50,0.8794816732406616,1.2885702848434448,0.014573249998647952,37,47
test-task04-init09,test,motion_attenuation_0p5,4,9,47,1.0162440538406372,0.0,1.0162440538406372,10,False,50,1.0294547080993652,1.416873812675476,0.015157939000346232,38,48
test-task04-init09,test,motion_attenuation_0p5,4,9,48,1.1305856704711914,0.0,1.1305856704711914,10,False,50,1.1081857681274414,1.5263986587524414,0.013860282000678126,39,49
test-task04-init09,test,motion_attenuation_0p5,4,9,49,1.2225511074066162,0.0,1.2225511074066162,10,False,50,1.2228832244873047,1.6151025295257568,0.013578890999269788,40,50
test-task04-init09,test,motion_attenuation_0p5,4,9,50,1.2244343757629395,-0.007072806358337402,1.2315071821212769,10,True,50,1.2349891662597656,1.5387694835662842,0.015374306000012439,41,51
test-task04-init09,test,motion_attenuation_0p5,4,9,51,1.088500738143921,-0.013892292976379395,1.1023930311203003,10,True,50,1.1075005531311035,1.2529473304748535,0.013250992000394035,42,52
test-task04-init09,test,motion_attenuation_0p5,4,9,52,0.9748111963272095,-0.009553790092468262,0.9843649864196777,10,True,50,1.0017459392547607,1.0908193588256836,0.015932120000798022,43,53
test-task04-init09,test,motion_attenuation_0p5,4,9,53,0.9473311305046082,-0.009019553661346436,0.9563506841659546,10,True,50,0.9459567070007324,0.8952635526657104,0.013742574999923818,44,54
test-task04-init09,test,motion_attenuation_0p5,4,9,54,0.8755601644515991,-0.012581169605255127,0.8881413340568542,10,True,50,0.8673571348190308,0.8494033813476562,0.01720501899944793,45,55
test-task04-init09,test,motion_attenuation_0p5,4,9,55,0.8454184532165527,0.003674626350402832,0.8417438268661499,10,True,50,0.8311209678649902,0.8102869391441345,0.014567616000931594,46,56
test-task04-init09,test,motion_attenuation_0p5,4,9,56,0.812008261680603,0.016117751598358154,0.7958905100822449,10,True,50,0.7486373782157898,0.7021262049674988,0.015002176000052714,47,57
test-task04-init09,test,motion_attenuation_0p5,4,9,57,0.9408199191093445,0.019787073135375977,0.9210328459739685,10,True,50,0.9031577110290527,0.9728233814239502,0.013376614999287995,48,58
test-task04-init09,test,motion_attenuation_0p5,4,9,58,0.954933762550354,0.00927203893661499,0.945661723613739,10,True,50,0.9200279116630554,1.071152925491333,0.01474182399942947,49,59
test-task04-init09,test,motion_attenuation_0p5,4,9,59,1.1401222944259644,-0.0022412538528442383,1.1423635482788086,10,True,50,1.0520970821380615,1.2488640546798706,0.013597296998341335,50,60
test-task04-init09,test,motion_attenuation_0p5,4,9,60,1.005086898803711,-0.007246851921081543,1.0123337507247925,10,True,50,0.9694302082061768,1.2020282745361328,0.013946160001069074,51,61
test-task04-init09,test,motion_attenuation_0p5,4,9,61,0.9356343746185303,-0.007538974285125732,0.943173348903656,10,True,50,0.9191288948059082,0.9271124601364136,0.014136664000034216,52,62
test-task04-init09,test,motion_attenuation_0p5,4,9,62,0.848608136177063,0.0027810335159301758,0.8458271026611328,10,True,50,0.842015266418457,0.7801659107208252,0.015003528000306687,53,63
test-task04-init09,test,motion_attenuation_0p5,4,9,63,0.8902050852775574,0.010215282440185547,0.8799898028373718,10,True,50,0.8879992961883545,0.7268440127372742,0.014842718999716453,54,64
test-task04-init09,test,motion_attenuation_0p5,4,9,64,0.8855718374252319,0.022899985313415527,0.8626718521118164,10,True,50,0.8895532488822937,0.7287002801895142,0.01566494500002591,55,65
test-task04-init09,test,motion_attenuation_0p5,4,9,65,0.8647353053092957,0.03286486864089966,0.831870436668396,10,True,50,0.8513200283050537,0.6347594261169434,0.015496206000534585,56,66
test-task04-init09,test,motion_attenuation_0p5,4,9,66,0.8289562463760376,0.0629885196685791,0.7659677267074585,10,True,50,0.8015542030334473,0.6518363952636719,0.01517410800079233,57,67
test-task04-init09,test,motion_attenuation_0p5,4,9,67,0.8186006546020508,0.06376755237579346,0.7548331022262573,10,True,50,0.7524849772453308,0.6822683215141296,0.015161446001002332,58,68
test-task04-init09,test,motion_attenuation_0p5,4,9,68,0.7805472612380981,0.06301993131637573,0.7175273299217224,10,True,50,0.7380511164665222,0.6786564588546753,0.0190841610001371,59,69
test-task04-init09,test,motion_attenuation_0p5,4,9,69,0.7361279726028442,0.07198095321655273,0.6641470193862915,10,True,50,0.6826497912406921,0.6582962274551392,0.014132945998426294,60,70
test-task04-init09,test,motion_attenuation_0p5,4,9,70,0.7283322215080261,0.08532959222793579,0.6430026292800903,10,True,50,0.6493160724639893,0.6604225635528564,0.014625132998844492,61,71
test-task04-init09,test,motion_attenuation_0p5,4,9,71,0.7993401885032654,0.11163550615310669,0.6877046823501587,10,True,50,0.7019879221916199,0.6913678050041199,0.0157695470006729,62,72
test-task04-init09,test,motion_attenuation_0p5,4,9,72,0.7257277369499207,0.10624927282333374,0.6194784641265869,10,True,50,0.6203058362007141,0.7468947768211365,0.013104976000249735,63,73
test-task04-init09,test,motion_attenuation_0p5,4,9,73,0.7107817530632019,0.085521399974823,0.6252603530883789,10,True,50,0.6243906617164612,0.8154162168502808,0.01396204600132478,64,74
test-task04-init09,test,motion_attenuation_0p5,4,9,74,0.7139217257499695,0.06413495540618896,0.6497867703437805,10,True,50,0.6636887788772583,0.6842877268791199,0.013360516999455285,65,75
test-task04-init09,test,motion_attenuation_0p5,4,9,75,0.7151362299919128,0.07166022062301636,0.6434760093688965,10,True,50,0.6535482406616211,0.7012323141098022,0.015925016001347103,66,76
test-task04-init09,test,motion_attenuation_0p5,4,9,76,0.6499269008636475,0.026694059371948242,0.6232328414916992,10,True,50,0.6201953887939453,0.7147952318191528,0.01431136700011848,67,77
test-task04-init09,test,motion_attenuation_0p5,4,9,77,0.6169285178184509,0.03947049379348755,0.5774580240249634,10,True,50,0.57747882604599,0.6840278506278992,0.014756777998627513,68,78
test-task04-init09,test,motion_attenuation_0p5,4,9,78,0.6224364638328552,0.03507423400878906,0.5873622298240662,10,True,50,0.5818667411804199,0.618804395198822,0.01606704100049683,69,79
test-task04-init09,test,motion_attenuation_0p5,4,9,79,0.6055469512939453,0.023030400276184082,0.5825165510177612,10,True,50,0.5680590867996216,0.6256821155548096,0.013650819999384112,70,80
test-task04-init09,test,motion_attenuation_0p5,4,9,80,0.596150815486908,0.03588682413101196,0.560263991355896,10,True,50,0.5492410659790039,0.5956147909164429,0.012924148999445606,71,81
test-task04-init09,test,motion_attenuation_0p5,4,9,81,0.6192276477813721,0.055684804916381836,0.5635428428649902,10,True,50,0.5800731778144836,0.6123921871185303,0.01607715599857329,72,82
test-task04-init09,test,motion_attenuation_0p5,4,9,82,0.5644399523735046,0.05417245626449585,0.5102674961090088,10,True,50,0.5470906496047974,0.5090684294700623,0.01528658600000199,73,83
test-task04-init09,test,motion_attenuation_0p5,4,9,83,0.5627104043960571,0.054015278816223145,0.508695125579834,10,True,50,0.5407056212425232,0.47362226247787476,0.015001368999946862,74,84
test-task04-init09,test,motion_attenuation_0p5,4,9,84,0.5997642278671265,0.03646367788314819,0.5633005499839783,10,True,50,0.6032425761222839,0.44723936915397644,0.015266842001437908,75,85
test-task04-init09,test,motion_attenuation_0p5,4,9,85,0.6813985705375671,0.017357349395751953,0.6640412211418152,10,True,50,0.7088334560394287,0.5706818103790283,0.015543081999567221,76,86
test-task04-init09,test,motion_attenuation_0p5,4,9,86,0.7159228324890137,0.0006938576698303223,0.7152289748191833,10,True,50,0.763239860534668,0.7681199908256531,0.014220589999240474,77,87
test-task04-init09,test,motion_attenuation_0p5,4,9,87,0.6920515894889832,0.00028324127197265625,0.6917683482170105,10,True,50,0.7267011404037476,0.7415217161178589,0.013559450999309774,78,88
test-task04-init09,test,motion_attenuation_0p5,4,9,88,0.7542071342468262,-0.005105018615722656,0.7593121528625488,10,True,50,0.7525355219841003,0.7735413312911987,0.013318829000127153,79,89
test-task04-init09,test,motion_attenuation_0p5,4,9,89,0.8009299635887146,0.02701479196548462,0.77391517162323,10,True,50,0.8118557929992676,0.8039020895957947,0.013170562000595964,80,90
test-task04-init09,test,action_delay_3,4,9,9,0.7056230306625366,0.0,0.7056230306625366,10,False,50,0.8030084371566772,0.9421650767326355,0.01309577900065051,0,10
test-task04-init09,test,action_delay_3,4,9,10,0.8045573234558105,0.0,0.8045573234558105,10,False,50,0.9155175089836121,1.032690405845642,0.013624690000142436,1,11
test-task04-init09,test,action_delay_3,4,9,11,0.8198058605194092,0.0,0.8198058605194092,10,False,50,0.9277527332305908,1.1652045249938965,0.012861791999966954,2,12
test-task04-init09,test,action_delay_3,4,9,12,0.8450960516929626,0.0,0.8450960516929626,10,False,50,1.050275206565857,1.3608026504516602,0.014071317000343697,3,13
test-task04-init09,test,action_delay_3,4,9,13,0.8174095153808594,0.0,0.8174095153808594,10,False,50,1.0668973922729492,1.4928712844848633,0.015023819998532417,4,14
test-task04-init09,test,action_delay_3,4,9,14,0.7701019644737244,0.0,0.7701019644737244,10,False,50,0.899427592754364,1.5124167203903198,0.017633894998652977,5,15
test-task04-init09,test,action_delay_3,4,9,15,0.7288999557495117,0.0,0.7288999557495117,10,False,50,0.8335520625114441,1.526451826095581,0.014923759999874164,6,16
test-task04-init09,test,action_delay_3,4,9,16,0.7503117322921753,0.0,0.7503117322921753,10,False,50,0.8700944781303406,1.4047778844833374,0.014056772999538225,7,17
test-task04-init09,test,action_delay_3,4,9,17,0.7239056825637817,0.0,0.7239056825637817,10,False,50,0.7574036121368408,1.2427282333374023,0.013459113999488181,8,18
test-task04-init09,test,action_delay_3,4,9,18,0.7667847871780396,0.0,0.7667847871780396,10,False,50,0.7628417015075684,1.1541424989700317,0.013555057001212845,9,19
test-task04-init09,test,action_delay_3,4,9,19,0.732257604598999,0.0,0.732257604598999,10,False,50,0.7025400996208191,1.1638697385787964,0.013463683000736637,10,20
test-task04-init09,test,action_delay_3,4,9,20,0.75627201795578,0.0,0.75627201795578,10,False,50,0.7357451319694519,1.1186330318450928,0.015213442999083782,11,21
test-task04-init09,test,action_delay_3,4,9,21,0.7595157623291016,0.0,0.7595157623291016,10,False,50,0.752790093421936,1.1818296909332275,0.014828911998847616,12,22
test-task04-init09,test,action_delay_3,4,9,22,0.7609233260154724,0.0,0.7609233260154724,10,False,50,0.7236461043357849,1.1806697845458984,0.01290377800069109,13,23
test-task04-init09,test,action_delay_3,4,9,23,0.7460064888000488,0.0,0.7460064888000488,10,False,50,0.7535289525985718,1.1238540410995483,0.014012982999702217,14,24
test-task04-init09,test,action_delay_3,4,9,24,0.7619325518608093,0.0,0.7619325518608093,10,False,50,0.7642817497253418,1.2275521755218506,0.013937330000771908,15,25
test-task04-init09,test,action_delay_3,4,9,25,0.7395946383476257,0.0,0.7395946383476257,10,False,50,0.766575813293457,1.238861322402954,0.014071773999603465,16,26
test-task04-init09,test,action_delay_3,4,9,26,0.7755067348480225,0.0,0.7755067348480225,10,False,50,0.8237191438674927,1.2702668905258179,0.017736697000145796,17,27
test-task04-init09,test,action_delay_3,4,9,27,0.7647061347961426,0.0,0.7647061347961426,10,False,50,0.7943055033683777,1.3030970096588135,0.014250543999878573,18,28
test-task04-init09,test,action_delay_3,4,9,28,0.8450297713279724,0.0,0.8450297713279724,10,False,50,0.855911135673523,1.5046393871307373,0.015091451999978744,19,29
test-task04-init09,test,action_delay_3,4,9,29,0.9338010549545288,0.0,0.9338010549545288,10,False,50,0.9167366027832031,1.5410773754119873,0.013036870999712846,20,30
test-task04-init09,test,action_delay_3,4,9,30,0.9693242311477661,0.0,0.9693242311477661,10,False,50,0.9600663185119629,1.542120337486267,0.013417652999123675,21,31
test-task04-init09,test,action_delay_3,4,9,31,0.8637191653251648,0.0,0.8637191653251648,10,False,50,0.8893558382987976,1.3490160703659058,0.013129076000041096,22,32
test-task04-init09,test,action_delay_3,4,9,32,0.8063258528709412,0.0,0.8063258528709412,10,False,50,0.8101884722709656,1.2543296813964844,0.01601216199924238,23,33
test-task04-init09,test,action_delay_3,4,9,33,0.7474418878555298,0.0,0.7474418878555298,10,False,50,0.7437552213668823,1.111109733581543,0.01355164300002798,24,34
test-task04-init09,test,action_delay_3,4,9,34,0.7130893468856812,0.0,0.7130893468856812,10,False,50,0.7112366557121277,1.0425652265548706,0.014631695001298795,25,35
test-task04-init09,test,action_delay_3,4,9,35,0.6850082874298096,0.0,0.6850082874298096,10,False,50,0.6590982675552368,0.978701114654541,0.013710477000131505,26,36
test-task04-init09,test,action_delay_3,4,9,36,0.6576550006866455,0.0,0.6576550006866455,10,False,50,0.6287926435470581,0.9272950887680054,0.012690440998994745,27,37
test-task04-init09,test,action_delay_3,4,9,37,0.6473736763000488,0.0,0.6473736763000488,10,False,50,0.6473397612571716,0.7227978706359863,0.01698618800037366,28,38
test-task04-init09,test,action_delay_3,4,9,38,0.6344332695007324,0.0,0.6344332695007324,10,False,50,0.6335268020629883,0.7411782145500183,0.012975058998563327,29,39
test-task04-init09,test,action_delay_3,4,9,39,0.6262917518615723,0.0,0.6262917518615723,10,False,50,0.605911135673523,0.6353143453598022,0.016045353000663454,30,40
test-task04-init09,test,action_delay_3,4,9,40,0.5933709740638733,0.0,0.5933709740638733,10,False,50,0.5627343654632568,0.694525420665741,0.01477294199867174,31,41
test-task04-init09,test,action_delay_3,4,9,41,0.6485063433647156,0.0,0.6485063433647156,10,False,50,0.5984543561935425,0.8145076632499695,0.013633151998874382,32,42
test-task04-init09,test,action_delay_3,4,9,42,0.677618145942688,0.0,0.677618145942688,10,False,50,0.6571309566497803,1.029237151145935,0.013296623999849544,33,43
test-task04-init09,test,action_delay_3,4,9,43,0.6875643134117126,0.0,0.6875643134117126,10,False,50,0.6561985015869141,1.0190472602844238,0.014997921998656238,34,44
test-task04-init09,test,action_delay_3,4,9,44,0.7895026206970215,0.0,0.7895026206970215,10,False,50,0.7790865898132324,1.1867886781692505,0.013602339999124524,35,45
test-task04-init09,test,action_delay_3,4,9,45,0.8077821135520935,0.0,0.8077821135520935,10,False,50,0.8231787085533142,1.2417690753936768,0.014301487999546225,36,46
test-task04-init09,test,action_delay_3,4,9,46,0.8682612180709839,0.0,0.8682612180709839,10,False,50,0.8794816732406616,1.2885702848434448,0.012977969001440215,37,47
test-task04-init09,test,action_delay_3,4,9,47,1.0162440538406372,0.0,1.0162440538406372,10,False,50,1.0294547080993652,1.416873812675476,0.013478879000103916,38,48
test-task04-init09,test,action_delay_3,4,9,48,1.1305856704711914,0.0,1.1305856704711914,10,False,50,1.1081857681274414,1.5263986587524414,0.0166264660001616,39,49
test-task04-init09,test,action_delay_3,4,9,49,1.2225511074066162,0.0,1.2225511074066162,10,False,50,1.2228832244873047,1.6151025295257568,0.013600324000435648,40,50
test-task04-init09,test,action_delay_3,4,9,50,1.171785831451416,0.0002878904342651367,1.1714979410171509,10,True,50,1.1755011081695557,1.4775645732879639,0.01563155599978927,41,51
test-task04-init09,test,action_delay_3,4,9,51,1.0002959966659546,-3.337860107421875e-05,1.0003293752670288,10,True,50,1.0145289897918701,1.1423786878585815,0.014498731999992742,42,52
test-task04-init09,test,action_delay_3,4,9,52,1.002449870109558,-0.0005568265914916992,1.0030066967010498,10,True,50,1.0193265676498413,1.0818949937820435,0.016292025999064208,43,53
test-task04-init09,test,action_delay_3,4,9,53,0.9020406603813171,-0.004786789417266846,0.906827449798584,10,True,50,0.8746086955070496,0.8655924797058105,0.013246123999124393,44,54
test-task04-init09,test,action_delay_3,4,9,54,0.976223349571228,-0.010357975959777832,0.9865813255310059,10,True,50,0.9640121459960938,0.9083380103111267,0.013953702999060624,45,55
test-task04-init09,test,action_delay_3,4,9,55,1.011182188987732,-0.02689993381500244,1.0380821228027344,10,True,50,0.9605505466461182,0.9398152828216553,0.018137119001039537,46,56
test-task04-init09,test,action_delay_3,4,9,56,1.054957389831543,-0.054195523262023926,1.109152913093567,10,True,50,0.9646586179733276,0.9884442090988159,0.014014914999279426,47,57
test-task04-init09,test,action_delay_3,4,9,57,1.0924687385559082,-0.0729602575302124,1.1654289960861206,10,True,50,1.0080175399780273,1.2173984050750732,0.016496488999109715,48,58
test-task04-init09,test,action_delay_3,4,9,58,1.0908949375152588,-0.061339378356933594,1.1522343158721924,10,True,50,1.0323567390441895,1.27781343460083,0.014037154000106966,49,59
test-task04-init09,test,action_delay_3,4,9,59,1.1250238418579102,-0.05702567100524902,1.1820495128631592,10,True,50,1.030482292175293,1.4280561208724976,0.014331211999888183,50,60
test-task04-init09,test,action_delay_3,4,9,60,1.0191991329193115,-0.05788087844848633,1.0770800113677979,10,True,50,0.9831135272979736,1.3392372131347656,0.012929847000123118,51,61
test-task04-init09,test,action_delay_3,4,9,61,0.9048326015472412,-0.03312486410140991,0.9379574656486511,10,True,50,0.8898064494132996,1.0610445737838745,0.017821969000578974,52,62
test-task04-init09,test,action_delay_3,4,9,62,0.7998285293579102,-0.00866401195526123,0.8084925413131714,10,True,50,0.7987313270568848,0.9126214981079102,0.013136710000253515,53,63
test-task04-init09,test,action_delay_3,4,9,63,0.682316780090332,0.0056650638580322266,0.6766517162322998,10,True,50,0.6978976726531982,0.7192591428756714,0.013585261000116589,54,64
test-task04-init09,test,action_delay_3,4,9,64,0.6778883337974548,0.03557676076889038,0.6423115730285645,10,True,50,0.6882569789886475,0.639335572719574,0.013334504999875207,55,65
test-task04-init09,test,action_delay_3,4,9,65,0.7205629348754883,0.053117573261260986,0.6674453616142273,10,True,50,0.7595850825309753,0.6444854140281677,0.013751042000876623,56,66
test-task04-init09,test,action_delay_3,4,9,66,0.6533558368682861,0.04714810848236084,0.6062077283859253,10,True,50,0.6484297513961792,0.5938302278518677,0.014532870998664293,57,67
test-task04-init09,test,action_delay_3,4,9,67,0.664107084274292,0.056801557540893555,0.6073055267333984,10,True,50,0.6320319175720215,0.6270073652267456,0.01337110199892777,58,68
test-task04-init09,test,action_delay_3,4,9,68,0.6889467239379883,0.06294625997543335,0.6260004639625549,10,True,50,0.6227445602416992,0.682498574256897,0.01316532999953779,59,69
test-task04-init09,test,action_delay_3,4,9,69,0.6921972036361694,0.038536667823791504,0.6536605358123779,10,True,50,0.6566607356071472,0.8012625575065613,0.018612248000863474,60,70
test-task04-init09,test,action_delay_3,4,9,70,0.7439607381820679,0.018134474754333496,0.7258262634277344,10,True,50,0.7166566848754883,0.7864987254142761,0.01331420899987279,61,71
test-task04-init09,test,action_delay_3,4,9,71,0.7261802554130554,0.0013611316680908203,0.7248191237449646,10,True,50,0.7043819427490234,0.8728040456771851,0.013575169001342147,62,72
test-task04-init09,test,action_delay_3,4,9,72,0.8400029540061951,0.013104021549224854,0.8268989324569702,10,True,50,0.7935473322868347,0.9553707838058472,0.013178884999433649,63,73
test-task04-init09,test,action_delay_3,4,9,73,0.814281702041626,0.012661755084991455,0.8016199469566345,10,True,50,0.7630292773246765,0.8551216125488281,0.014507532001516665,64,74
test-task04-init09,test,action_delay_3,4,9,74,0.6987990140914917,0.011492609977722168,0.6873064041137695,10,True,50,0.6597816944122314,0.7524425387382507,0.013967473001684994,65,75
test-task04-init09,test,action_delay_3,4,9,75,0.683355450630188,0.006889283657073975,0.676466166973114,10,True,50,0.6389191150665283,0.7890436053276062,0.012905166999189532,66,76
test-task04-init09,test,action_delay_3,4,9,76,0.7024096846580505,0.001009225845336914,0.7014004588127136,10,True,50,0.6561096906661987,0.7712485790252686,0.0135235260004265,67,77
test-task04-init09,test,action_delay_3,4,9,77,0.654628574848175,0.00197756290435791,0.6526510119438171,10,True,50,0.6004719138145447,0.7778071165084839,0.01489499200033606,68,78
test-task04-init09,test,action_delay_3,4,9,78,0.6889521479606628,-0.0032714009284973145,0.6922235488891602,10,True,50,0.6243070363998413,0.7879819869995117,0.013050055000348948,69,79
test-task04-init09,test,action_delay_3,4,9,79,0.7592653632164001,-0.008758842945098877,0.768024206161499,10,True,50,0.7169908285140991,0.8453196287155151,0.013341955998839694,70,80
test-task04-init09,test,action_delay_3,4,9,80,0.8002825975418091,-0.008846640586853027,0.8091292381286621,10,True,50,0.7994569540023804,0.9686036109924316,0.013629838000269956,71,81
test-task04-init09,test,action_delay_3,4,9,81,0.8416128158569336,0.0004068613052368164,0.8412059545516968,10,True,50,0.8450131416320801,0.9761193990707397,0.013090058000670979,72,82
test-task04-init09,test,action_delay_3,4,9,82,0.8821157217025757,0.002636849880218506,0.8794788718223572,10,True,50,0.8796350955963135,1.0643863677978516,0.014209053999366006,73,83
test-task04-init09,test,action_delay_3,4,9,83,0.841333270072937,0.007972419261932373,0.8333608508110046,10,True,50,0.8524009585380554,1.0474543571472168,0.015895649001322454,74,84
test-task04-init09,test,action_delay_3,4,9,84,0.7728457450866699,0.007325291633605957,0.765520453453064,10,True,50,0.7765860557556152,0.9544274806976318,0.02005051900050603,75,85
test-task04-init09,test,action_delay_3,4,9,85,0.8089126348495483,0.011613070964813232,0.7972995638847351,10,True,50,0.7927016019821167,0.9390379786491394,0.013574394999523065,76,86
test-task04-init09,test,action_delay_3,4,9,86,0.7958242893218994,0.012854337692260742,0.7829699516296387,10,True,50,0.781155526638031,1.014546275138855,0.015312534000258893,77,87
test-task04-init09,test,action_delay_3,4,9,87,0.7823678255081177,0.02235245704650879,0.7600153684616089,10,True,50,0.7684239149093628,0.9059521555900574,0.013696178000827786,78,88
test-task04-init09,test,action_delay_3,4,9,88,0.6923404932022095,0.013067007064819336,0.6792734861373901,10,True,50,0.6887785792350769,0.8229662179946899,0.013575970999227138,79,89
test-task04-init09,test,action_delay_3,4,9,89,0.6781215667724609,0.016249239444732666,0.6618723273277283,10,True,50,0.6475345492362976,0.7330771684646606,0.014436637999097002,80,90
test-task07-init08,test,nominal,7,8,9,0.47563713788986206,0.0,0.47563713788986206,10,False,,0.5523831248283386,0.401103675365448,0.013751551998211653,0,10
test-task07-init08,test,nominal,7,8,10,0.544912576675415,0.0,0.544912576675415,10,False,,0.6041032075881958,0.5219827890396118,0.016058441000495804,1,11
test-task07-init08,test,nominal,7,8,11,0.49822139739990234,0.0,0.49822139739990234,10,False,,0.5877907276153564,0.5118274092674255,0.013593523999588797,2,12
test-task07-init08,test,nominal,7,8,12,0.5832986831665039,0.0,0.5832986831665039,10,False,,0.6894194483757019,0.6808056235313416,0.012726094999379711,3,13
test-task07-init08,test,nominal,7,8,13,0.6443045139312744,0.0,0.6443045139312744,10,False,,0.6772606372833252,0.7931928634643555,0.013541332000386319,4,14
test-task07-init08,test,nominal,7,8,14,0.6208702325820923,0.0,0.6208702325820923,10,False,,0.653882622718811,0.7428697943687439,0.013654747999680694,5,15
test-task07-init08,test,nominal,7,8,15,0.6401659846305847,0.0,0.6401659846305847,10,False,,0.6809967756271362,0.6840483546257019,0.014111432999925455,6,16
test-task07-init08,test,nominal,7,8,16,0.6717252731323242,0.0,0.6717252731323242,10,False,,0.7093771696090698,0.8000850081443787,0.012827230999391759,7,17
test-task07-init08,test,nominal,7,8,17,0.624913215637207,0.0,0.624913215637207,10,False,,0.665595293045044,0.7667012214660645,0.02257400500093354,8,18
test-task07-init08,test,nominal,7,8,18,0.6205156445503235,0.0,0.6205156445503235,10,False,,0.6566236019134521,0.7815811634063721,0.013507857998774853,9,19
test-task07-init08,test,nominal,7,8,19,0.6067681908607483,0.0,0.6067681908607483,10,False,,0.640987753868103,0.6874958872795105,0.013077039000563673,10,20
test-task07-init08,test,nominal,7,8,20,0.6270077228546143,0.0,0.6270077228546143,10,False,,0.6699931621551514,0.751522421836853,0.01372037500004808,11,21
test-task07-init08,test,nominal,7,8,21,0.6417950987815857,0.0,0.6417950987815857,10,False,,0.7088316679000854,0.6586031317710876,0.014893662999384105,12,22
test-task07-init08,test,nominal,7,8,22,0.6427213549613953,0.0,0.6427213549613953,10,False,,0.6878753900527954,0.5017048120498657,0.012935871000081534,13,23
test-task07-init08,test,nominal,7,8,23,0.6910758018493652,0.0,0.6910758018493652,10,False,,0.7250425815582275,0.5149011611938477,0.018478223999409238,14,24
test-task07-init08,test,nominal,7,8,24,0.6758877635002136,0.0,0.6758877635002136,10,False,,0.7461103200912476,0.5059295892715454,0.014157628998873406,15,25
test-task07-init08,test,nominal,7,8,25,0.6278942823410034,0.0,0.6278942823410034,10,False,,0.6795348525047302,0.46308672428131104,0.013572075000411132,16,26
test-task07-init08,test,nominal,7,8,26,0.7286275625228882,0.0,0.7286275625228882,10,False,,0.7985060214996338,0.6247038841247559,0.01347452499976498,17,27
test-task07-init08,test,nominal,7,8,27,0.7515050768852234,0.0,0.7515050768852234,10,False,,0.8524675369262695,0.6583897471427917,0.01354410900057701,18,28
test-task07-init08,test,nominal,7,8,28,0.7843747138977051,0.0,0.7843747138977051,10,False,,0.8369502425193787,0.7011528015136719,0.014387629998964258,19,29
test-task07-init08,test,nominal,7,8,29,0.8296064138412476,0.0,0.8296064138412476,10,False,,0.8942933082580566,0.718268632888794,0.01408918199922482,20,30
test-task07-init08,test,nominal,7,8,30,1.0502506494522095,0.0,1.0502506494522095,10,False,,1.051823616027832,0.7947315573692322,0.013981313999465783,21,31
test-task07-init08,test,nominal,7,8,31,1.0684311389923096,0.0,1.0684311389923096,10,False,,1.0358164310455322,0.90044105052948,0.014020187998539768,22,32
test-task07-init08,test,nominal,7,8,32,1.0762150287628174,0.0,1.0762150287628174,10,False,,1.0501697063446045,0.949195146560669,0.01638752500002738,23,33
test-task07-init08,test,nominal,7,8,33,1.1409969329833984,0.0,1.1409969329833984,10,False,,1.0278862714767456,0.9765238165855408,0.014370246000908082,24,34
test-task07-init08,test,nominal,7,8,34,1.0862921476364136,0.0,1.0862921476364136,10,False,,1.0109426975250244,0.8822026252746582,0.013539823999963119,25,35
test-task07-init08,test,nominal,7,8,35,0.9437662363052368,0.0,0.9437662363052368,10,False,,0.9290703535079956,0.7963931560516357,0.013843499000358861,26,36
test-task07-init08,test,nominal,7,8,36,0.9226526618003845,0.0,0.9226526618003845,10,False,,0.9763706922531128,0.7937299609184265,0.013911969001128455,27,37
test-task07-init08,test,nominal,7,8,37,0.8615957498550415,0.0,0.8615957498550415,10,False,,0.9335139989852905,0.7407791018486023,0.016153525000845548,28,38
test-task07-init08,test,nominal,7,8,38,0.7682904601097107,0.0,0.7682904601097107,10,False,,0.7369897365570068,0.6631456017494202,0.014448988000367535,29,39
test-task07-init08,test,nominal,7,8,39,0.8452160358428955,0.0,0.8452160358428955,10,False,,0.7768690586090088,0.45421597361564636,0.018284342000697507,30,40
test-task07-init08,test,nominal,7,8,40,0.857418954372406,0.0,0.857418954372406,10,False,,0.9097291827201843,0.3827689290046692,0.013082079000014346,31,41
test-task07-init08,test,nominal,7,8,41,0.8170024752616882,0.0,0.8170024752616882,10,False,,1.0005437135696411,0.3538312315940857,0.013660885000717826,32,42
test-task07-init08,test,nominal,7,8,42,0.7799263000488281,0.0,0.7799263000488281,10,False,,0.8621249198913574,0.41215628385543823,0.013616694001029828,33,43
test-task07-init08,test,nominal,7,8,43,0.8705040216445923,0.0,0.8705040216445923,10,False,,0.9738167524337769,0.4572875201702118,0.013691206000657985,34,44
test-task07-init08,test,nominal,7,8,44,0.8092285990715027,0.0,0.8092285990715027,10,False,,0.8543082475662231,0.4574543833732605,0.014794983999308897,35,45
test-task07-init08,test,nominal,7,8,45,0.8264946937561035,0.0,0.8264946937561035,10,False,,0.8735491037368774,0.4933859705924988,0.012904707000416238,36,46
test-task07-init08,test,nominal,7,8,46,0.8248981237411499,0.0,0.8248981237411499,10,False,,0.8506612777709961,0.5354939699172974,0.013222503999713808,37,47
test-task07-init08,test,nominal,7,8,47,0.795407772064209,0.0,0.795407772064209,10,False,,0.8449209928512573,0.5705490112304688,0.01297396299924003,38,48
test-task07-init08,test,nominal,7,8,48,0.8098620772361755,0.0,0.8098620772361755,10,False,,0.867006778717041,0.5677684545516968,0.013104871000905405,39,49
test-task07-init08,test,nominal,7,8,49,0.7793313264846802,0.0,0.7793313264846802,10,False,,0.8270276784896851,0.566165566444397,0.01584298700072395,40,50
test-task07-init08,test,nominal,7,8,50,0.7540904879570007,0.0,0.7540904879570007,10,False,,0.794341504573822,0.6132248640060425,0.013376513999901363,41,51
test-task07-init08,test,nominal,7,8,51,0.7638453841209412,0.0,0.7638453841209412,10,False,,0.7841064929962158,0.5332461595535278,0.013474195999151561,42,52
test-task07-init08,test,nominal,7,8,52,0.7137097120285034,0.0,0.7137097120285034,10,False,,0.7578989267349243,0.4910733699798584,0.01364430200010247,43,53
test-task07-init08,test,nominal,7,8,53,0.6785175800323486,0.0,0.6785175800323486,10,False,,0.698104739189148,0.4583212733268738,0.0189399240007333,44,54
test-task07-init08,test,nominal,7,8,54,0.6577889919281006,0.0,0.6577889919281006,10,False,,0.7140215635299683,0.4436734616756439,0.016764130999945337,45,55
test-task07-init08,test,nominal,7,8,55,0.6097168922424316,0.0,0.6097168922424316,10,False,,0.6915826201438904,0.3617061972618103,0.014863597998555633,46,56
test-task07-init08,test,nominal,7,8,56,0.6004042029380798,0.0,0.6004042029380798,10,False,,0.6741453409194946,0.3618217706680298,0.013979219000248122,47,57
test-task07-init08,test,nominal,7,8,57,0.6058357357978821,0.0,0.6058357357978821,10,False,,0.6992915868759155,0.3370381295681,0.014450805998421856,48,58
test-task07-init08,test,nominal,7,8,58,0.6182914972305298,0.0,0.6182914972305298,10,False,,0.7157372236251831,0.37529581785202026,0.013515325001208112,49,59
test-task07-init08,test,nominal,7,8,59,0.6028544902801514,0.0,0.6028544902801514,10,False,,0.7076596021652222,0.41329360008239746,0.013218262000009418,50,60
test-task07-init08,test,nominal,7,8,60,0.6642199754714966,0.0,0.6642199754714966,10,False,,0.7416929602622986,0.4640541076660156,0.014044092000403907,51,61
test-task07-init08,test,nominal,7,8,61,0.7539829015731812,0.0,0.7539829015731812,10,False,,0.8645832538604736,0.6538216471672058,0.014915697000105865,52,62
test-task07-init08,test,nominal,7,8,62,0.8355650305747986,0.0,0.8355650305747986,10,False,,0.9197408556938171,0.7899498343467712,0.015390380000098958,53,63
test-task07-init08,test,nominal,7,8,63,0.8618279695510864,0.0,0.8618279695510864,10,False,,0.9465879201889038,0.8626035451889038,0.01909530200100562,54,64
test-task07-init08,test,nominal,7,8,64,0.866736888885498,0.0,0.866736888885498,10,False,,0.9300609827041626,0.9662091732025146,0.01362669099944469,55,65
test-task07-init08,test,nominal,7,8,65,0.9180759191513062,0.0,0.9180759191513062,10,False,,0.9932988882064819,0.9913012981414795,0.015220645000226796,56,66
test-task07-init08,test,nominal,7,8,66,0.9755012392997742,0.0,0.9755012392997742,10,False,,1.0446629524230957,1.0289504528045654,0.01291094400039583,57,67
test-task07-init08,test,nominal,7,8,67,1.0122406482696533,0.0,1.0122406482696533,10,False,,1.082996129989624,1.1161255836486816,0.013445185000819038,58,68
test-task07-init08,test,nominal,7,8,68,1.0276931524276733,0.0,1.0276931524276733,10,False,,1.0854098796844482,1.153785228729248,0.01296205400103645,59,69
test-task07-init08,test,nominal,7,8,69,0.9925860166549683,0.0,0.9925860166549683,10,False,,1.0718719959259033,1.1593846082687378,0.014084231999731855,60,70
test-task07-init08,test,nominal,7,8,70,0.9442743062973022,0.0,0.9442743062973022,10,False,,1.0111911296844482,0.9645387530326843,0.01716052200026752,61,71
test-task07-init08,test,nominal,7,8,71,0.9289540648460388,0.0,0.9289540648460388,10,False,,0.9787713885307312,1.038181185722351,0.013387660999796935,62,72
test-task07-init08,test,nominal,7,8,72,0.965412974357605,0.0,0.965412974357605,10,False,,1.0091588497161865,1.039266586303711,0.014321967000796576,63,73
test-task07-init08,test,nominal,7,8,73,0.9695968627929688,0.0,0.9695968627929688,10,False,,1.0005806684494019,1.025095820426941,0.014271308999013854,64,74
test-task07-init08,test,nominal,7,8,74,0.9718353152275085,0.0,0.9718353152275085,10,False,,1.0368441343307495,1.0313944816589355,0.013093093999486882,65,75
test-task07-init08,test,nominal,7,8,75,0.9071800112724304,0.0,0.9071800112724304,10,False,,0.9672616720199585,1.0546488761901855,0.014397363000171026,66,76
test-task07-init08,test,nominal,7,8,76,0.8947707414627075,0.0,0.8947707414627075,10,False,,0.9777716398239136,1.165239691734314,0.013112115000694757,67,77
test-task07-init08,test,nominal,7,8,77,0.9253597259521484,0.0,0.9253597259521484,10,False,,0.9818283319473267,1.1678471565246582,0.016463354000734398,68,78
test-task07-init08,test,nominal,7,8,78,0.878748893737793,0.0,0.878748893737793,10,False,,0.9532022476196289,1.2445625066757202,0.01699724299942318,69,79
test-task07-init08,test,nominal,7,8,79,0.9501523971557617,0.0,0.9501523971557617,10,False,,0.9787687063217163,1.3753207921981812,0.014096359000177472,70,80
test-task07-init08,test,nominal,7,8,80,1.0833182334899902,0.0,1.0833182334899902,10,False,,1.0654613971710205,1.4186780452728271,0.015276947000529617,71,81
test-task07-init08,test,nominal,7,8,81,1.2037012577056885,0.0,1.2037012577056885,10,False,,1.2663702964782715,1.607635259628296,0.01886053499947593,72,82
test-task07-init08,test,nominal,7,8,82,1.0102194547653198,0.0,1.0102194547653198,10,False,,1.0141122341156006,1.384183645248413,0.014576605999536696,73,83
test-task07-init08,test,nominal,7,8,83,0.9758008718490601,0.0,0.9758008718490601,10,False,,1.0449559688568115,1.439386248588562,0.013772991998848738,74,84
test-task07-init08,test,nominal,7,8,84,0.9141268730163574,0.0,0.9141268730163574,10,False,,0.9048298597335815,1.2081968784332275,0.014222362000509747,75,85
test-task07-init08,test,nominal,7,8,85,0.8831622004508972,0.0,0.8831622004508972,10,False,,0.9268240332603455,1.040928840637207,0.013173440000173287,76,86
test-task07-init08,test,nominal,7,8,86,1.0141119956970215,0.0,1.0141119956970215,10,False,,1.0449864864349365,1.219691276550293,0.012834425000619376,77,87
test-task07-init08,test,nominal,7,8,87,0.9842001795768738,0.0,0.9842001795768738,10,False,,1.044740080833435,1.14952552318573,0.01657279900064168,78,88
test-task07-init08,test,nominal,7,8,88,1.0166294574737549,0.0,1.0166294574737549,10,False,,1.0323704481124878,1.1040046215057373,0.017020692001096904,79,89
test-task07-init08,test,nominal,7,8,89,1.012265920639038,0.0,1.012265920639038,10,False,,0.9283406138420105,1.211426019668579,0.013677011000254424,80,90
test-task07-init08,test,motion_attenuation_0p5,7,8,9,0.47563713788986206,0.0,0.47563713788986206,10,False,50,0.5523831248283386,0.401103675365448,0.013413040998784709,0,10
test-task07-init08,test,motion_attenuation_0p5,7,8,10,0.544912576675415,0.0,0.544912576675415,10,False,50,0.6041032075881958,0.5219827890396118,0.01319716900070489,1,11
test-task07-init08,test,motion_attenuation_0p5,7,8,11,0.49822139739990234,0.0,0.49822139739990234,10,False,50,0.5877907276153564,0.5118274092674255,0.013050542998826131,2,12
test-task07-init08,test,motion_attenuation_0p5,7,8,12,0.5832986831665039,0.0,0.5832986831665039,10,False,50,0.6894194483757019,0.6808056235313416,0.015305180999348522,3,13
test-task07-init08,test,motion_attenuation_0p5,7,8,13,0.6443045139312744,0.0,0.6443045139312744,10,False,50,0.6772606372833252,0.7931928634643555,0.014148946000204887,4,14
test-task07-init08,test,motion_attenuation_0p5,7,8,14,0.6208702325820923,0.0,0.6208702325820923,10,False,50,0.653882622718811,0.7428697943687439,0.014560604000507738,5,15
test-task07-init08,test,motion_attenuation_0p5,7,8,15,0.6401659846305847,0.0,0.6401659846305847,10,False,50,0.6809967756271362,0.6840483546257019,0.014333359999000095,6,16
test-task07-init08,test,motion_attenuation_0p5,7,8,16,0.6717252731323242,0.0,0.6717252731323242,10,False,50,0.7093771696090698,0.8000850081443787,0.013715883000259055,7,17
test-task07-init08,test,motion_attenuation_0p5,7,8,17,0.624913215637207,0.0,0.624913215637207,10,False,50,0.665595293045044,0.7667012214660645,0.014138358999844058,8,18
test-task07-init08,test,motion_attenuation_0p5,7,8,18,0.6205156445503235,0.0,0.6205156445503235,10,False,50,0.6566236019134521,0.7815811634063721,0.014269028999478905,9,19
test-task07-init08,test,motion_attenuation_0p5,7,8,19,0.6067681908607483,0.0,0.6067681908607483,10,False,50,0.640987753868103,0.6874958872795105,0.013524960000722785,10,20
test-task07-init08,test,motion_attenuation_0p5,7,8,20,0.6270077228546143,0.0,0.6270077228546143,10,False,50,0.6699931621551514,0.751522421836853,0.014268460001403582,11,21
test-task07-init08,test,motion_attenuation_0p5,7,8,21,0.6417950987815857,0.0,0.6417950987815857,10,False,50,0.7088316679000854,0.6586031317710876,0.016792729000371764,12,22
test-task07-init08,test,motion_attenuation_0p5,7,8,22,0.6427213549613953,0.0,0.6427213549613953,10,False,50,0.6878753900527954,0.5017048120498657,0.014138151998849935,13,23
test-task07-init08,test,motion_attenuation_0p5,7,8,23,0.6910758018493652,0.0,0.6910758018493652,10,False,50,0.7250425815582275,0.5149011611938477,0.01574559399887221,14,24
test-task07-init08,test,motion_attenuation_0p5,7,8,24,0.6758877635002136,0.0,0.6758877635002136,10,False,50,0.7461103200912476,0.5059295892715454,0.018478337999113137,15,25
test-task07-init08,test,motion_attenuation_0p5,7,8,25,0.6278942823410034,0.0,0.6278942823410034,10,False,50,0.6795348525047302,0.46308672428131104,0.013882295999792404,16,26
test-task07-init08,test,motion_attenuation_0p5,7,8,26,0.7286275625228882,0.0,0.7286275625228882,10,False,50,0.7985060214996338,0.6247038841247559,0.01495746199907444,17,27
test-task07-init08,test,motion_attenuation_0p5,7,8,27,0.7515050768852234,0.0,0.7515050768852234,10,False,50,0.8524675369262695,0.6583897471427917,0.015187612998488476,18,28
test-task07-init08,test,motion_attenuation_0p5,7,8,28,0.7843747138977051,0.0,0.7843747138977051,10,False,50,0.8369502425193787,0.7011528015136719,0.017199376999997185,19,29
test-task07-init08,test,motion_attenuation_0p5,7,8,29,0.8296064138412476,0.0,0.8296064138412476,10,False,50,0.8942933082580566,0.718268632888794,0.013783694001176627,20,30
test-task07-init08,test,motion_attenuation_0p5,7,8,30,1.0502506494522095,0.0,1.0502506494522095,10,False,50,1.051823616027832,0.7947315573692322,0.016970873999525793,21,31
test-task07-init08,test,motion_attenuation_0p5,7,8,31,1.0684311389923096,0.0,1.0684311389923096,10,False,50,1.0358164310455322,0.90044105052948,0.015686257000197656,22,32
test-task07-init08,test,motion_attenuation_0p5,7,8,32,1.0762150287628174,0.0,1.0762150287628174,10,False,50,1.0501697063446045,0.949195146560669,0.014188708999427035,23,33
test-task07-init08,test,motion_attenuation_0p5,7,8,33,1.1409969329833984,0.0,1.1409969329833984,10,False,50,1.0278862714767456,0.9765238165855408,0.01670011100031843,24,34
test-task07-init08,test,motion_attenuation_0p5,7,8,34,1.0862921476364136,0.0,1.0862921476364136,10,False,50,1.0109426975250244,0.8822026252746582,0.013190110999858007,25,35
test-task07-init08,test,motion_attenuation_0p5,7,8,35,0.9437662363052368,0.0,0.9437662363052368,10,False,50,0.9290703535079956,0.7963931560516357,0.013836039999659988,26,36
test-task07-init08,test,motion_attenuation_0p5,7,8,36,0.9226526618003845,0.0,0.9226526618003845,10,False,50,0.9763706922531128,0.7937299609184265,0.012747419999868725,27,37
test-task07-init08,test,motion_attenuation_0p5,7,8,37,0.8615957498550415,0.0,0.8615957498550415,10,False,50,0.9335139989852905,0.7407791018486023,0.013159345999156358,28,38
test-task07-init08,test,motion_attenuation_0p5,7,8,38,0.7682904601097107,0.0,0.7682904601097107,10,False,50,0.7369897365570068,0.6631456017494202,0.013399841000136803,29,39
test-task07-init08,test,motion_attenuation_0p5,7,8,39,0.8452160358428955,0.0,0.8452160358428955,10,False,50,0.7768690586090088,0.45421597361564636,0.013197489999583922,30,40
test-task07-init08,test,motion_attenuation_0p5,7,8,40,0.857418954372406,0.0,0.857418954372406,10,False,50,0.9097291827201843,0.3827689290046692,0.01450674199986679,31,41
test-task07-init08,test,motion_attenuation_0p5,7,8,41,0.8170024752616882,0.0,0.8170024752616882,10,False,50,1.0005437135696411,0.3538312315940857,0.01316194299943163,32,42
test-task07-init08,test,motion_attenuation_0p5,7,8,42,0.7799263000488281,0.0,0.7799263000488281,10,False,50,0.8621249198913574,0.41215628385543823,0.015394678999655298,33,43
test-task07-init08,test,motion_attenuation_0p5,7,8,43,0.8705040216445923,0.0,0.8705040216445923,10,False,50,0.9738167524337769,0.4572875201702118,0.013146491000952665,34,44
test-task07-init08,test,motion_attenuation_0p5,7,8,44,0.8092285990715027,0.0,0.8092285990715027,10,False,50,0.8543082475662231,0.4574543833732605,0.015995192999980645,35,45
test-task07-init08,test,motion_attenuation_0p5,7,8,45,0.8264946937561035,0.0,0.8264946937561035,10,False,50,0.8735491037368774,0.4933859705924988,0.013242910999906599,36,46
test-task07-init08,test,motion_attenuation_0p5,7,8,46,0.8248981237411499,0.0,0.8248981237411499,10,False,50,0.8506612777709961,0.5354939699172974,0.0143368549997831,37,47
test-task07-init08,test,motion_attenuation_0p5,7,8,47,0.795407772064209,0.0,0.795407772064209,10,False,50,0.8449209928512573,0.5705490112304688,0.013887316999898758,38,48
test-task07-init08,test,motion_attenuation_0p5,7,8,48,0.8098620772361755,0.0,0.8098620772361755,10,False,50,0.867006778717041,0.5677684545516968,0.013337753998712287,39,49
test-task07-init08,test,motion_attenuation_0p5,7,8,49,0.7793313264846802,0.0,0.7793313264846802,10,False,50,0.8270276784896851,0.566165566444397,0.013735975000599865,40,50
test-task07-init08,test,motion_attenuation_0p5,7,8,50,0.7697703838348389,0.00027740001678466797,0.7694929838180542,10,True,50,0.8089898824691772,0.6075491309165955,0.0136382370001229,41,51
test-task07-init08,test,motion_attenuation_0p5,7,8,51,0.7606954574584961,-0.000314176082611084,0.7610096335411072,10,True,50,0.7754720449447632,0.5146152973175049,0.01337245200011239,42,52
test-task07-init08,test,motion_attenuation_0p5,7,8,52,0.7670426368713379,-0.0011972784996032715,0.7682399153709412,10,True,50,0.8117453455924988,0.48762354254722595,0.013404547000391176,43,53
test-task07-init08,test,motion_attenuation_0p5,7,8,53,0.7141647338867188,1.0013580322265625e-05,0.7141547203063965,10,True,50,0.7383168935775757,0.4812987744808197,0.013425143999484135,44,54
test-task07-init08,test,motion_attenuation_0p5,7,8,54,0.6772148609161377,-0.0018279552459716797,0.6790428161621094,10,True,50,0.7409647703170776,0.3868621587753296,0.013354533999518026,45,55
test-task07-init08,test,motion_attenuation_0p5,7,8,55,0.651673436164856,-0.0031827688217163086,0.6548562049865723,10,True,50,0.7326041460037231,0.3764362037181854,0.013003641999603133,46,56
test-task07-init08,test,motion_attenuation_0p5,7,8,56,0.5826901197433472,-0.005111575126647949,0.5878016948699951,10,True,50,0.6773335337638855,0.3098253011703491,0.013756935999481357,47,57
test-task07-init08,test,motion_attenuation_0p5,7,8,57,0.5529091358184814,8.994340896606445e-05,0.5528191924095154,10,True,50,0.6499738693237305,0.2478484809398651,0.013505484999768669,48,58
test-task07-init08,test,motion_attenuation_0p5,7,8,58,0.5689381957054138,0.0019260048866271973,0.5670121908187866,10,True,50,0.6545162200927734,0.23293642699718475,0.013904493000154616,49,59
test-task07-init08,test,motion_attenuation_0p5,7,8,59,0.5392352938652039,0.001268625259399414,0.5379666686058044,10,True,50,0.6561070680618286,0.29976505041122437,0.013328066999747534,50,60
test-task07-init08,test,motion_attenuation_0p5,7,8,60,0.561215877532959,0.0005123019218444824,0.5607035756111145,10,True,50,0.6706385016441345,0.36064523458480835,0.012976665000678622,51,61
test-task07-init08,test,motion_attenuation_0p5,7,8,61,0.562813401222229,-0.0062302350997924805,0.5690436363220215,10,True,50,0.6723663210868835,0.40203627943992615,0.01446321799994621,52,62
test-task07-init08,test,motion_attenuation_0p5,7,8,62,0.5880904197692871,0.018757641315460205,0.5693327784538269,10,True,50,0.670829176902771,0.45914706587791443,0.017613304999031243,53,63
test-task07-init08,test,motion_attenuation_0p5,7,8,63,0.6451807022094727,0.03770345449447632,0.6074772477149963,10,True,50,0.682988166809082,0.39822348952293396,0.012810082000214607,54,64
test-task07-init08,test,motion_attenuation_0p5,7,8,64,0.7123762965202332,0.03853386640548706,0.6738424301147461,10,True,50,0.6928948163986206,0.4115158021450043,0.013770800998827326,55,65
test-task07-init08,test,motion_attenuation_0p5,7,8,65,0.8014230132102966,0.040289103984832764,0.7611339092254639,10,True,50,0.7845224142074585,0.45578116178512573,0.013264818000607193,56,66
test-task07-init08,test,motion_attenuation_0p5,7,8,66,0.8039910197257996,0.028701722621917725,0.7752892971038818,10,True,50,0.7801887392997742,0.5715752840042114,0.014076544001000002,57,67
test-task07-init08,test,motion_attenuation_0p5,7,8,67,0.7385861277580261,0.021372497081756592,0.7172136306762695,10,True,50,0.7858408689498901,0.5956921577453613,0.01331777799896372,58,68
test-task07-init08,test,motion_attenuation_0p5,7,8,68,0.7486609220504761,0.019968390464782715,0.7286925315856934,10,True,50,0.7706621885299683,0.6006955504417419,0.013183216999095748,59,69
test-task07-init08,test,motion_attenuation_0p5,7,8,69,0.8184067606925964,0.009627997875213623,0.8087787628173828,10,True,50,0.8376905918121338,0.6697872877120972,0.013237528999525239,60,70
test-task07-init08,test,motion_attenuation_0p5,7,8,70,0.8483188152313232,0.008241057395935059,0.8400777578353882,10,True,50,0.8522583842277527,0.7769728899002075,0.01426025700129685,61,71
test-task07-init08,test,motion_attenuation_0p5,7,8,71,0.8333551287651062,0.002735435962677002,0.8306196928024292,10,True,50,0.8316175937652588,0.7868148684501648,0.013782251999145956,62,72
test-task07-init08,test,motion_attenuation_0p5,7,8,72,0.8352993726730347,-0.0005081295967102051,0.8358075022697449,10,True,50,0.8664426803588867,0.7382152080535889,0.016505630001120153,63,73
test-task07-init08,test,motion_attenuation_0p5,7,8,73,0.7670039534568787,-0.01800370216369629,0.785007655620575,10,True,50,0.8215135335922241,0.6546030044555664,0.015419650999319856,64,74
test-task07-init08,test,motion_attenuation_0p5,7,8,74,0.7616782188415527,-0.024028778076171875,0.7857069969177246,10,True,50,0.8352827429771423,0.6987651586532593,0.021330960000341292,65,75
test-task07-init08,test,motion_attenuation_0p5,7,8,75,0.8455227613449097,-0.020560085773468018,0.8660828471183777,10,True,50,0.9039479494094849,0.7807526588439941,0.013196612000683672,66,76
test-task07-init08,test,motion_attenuation_0p5,7,8,76,0.8576189875602722,-0.022542476654052734,0.880161464214325,10,True,50,0.9060729742050171,0.8075308799743652,0.012974826000572648,67,77
test-task07-init08,test,motion_attenuation_0p5,7,8,77,0.8361767530441284,-0.020583927631378174,0.8567606806755066,10,True,50,0.9011430144309998,0.7836093902587891,0.013562223999542766,68,78
test-task07-init08,test,motion_attenuation_0p5,7,8,78,0.7835686206817627,-0.01763129234313965,0.8011999130249023,10,True,50,0.863735556602478,0.6871511340141296,0.013776291998510715,69,79
test-task07-init08,test,motion_attenuation_0p5,7,8,79,0.7865509986877441,-0.014022350311279297,0.8005733489990234,10,True,50,0.8628825545310974,0.7589678764343262,0.013250674001028528,70,80
test-task07-init08,test,motion_attenuation_0p5,7,8,80,0.698096752166748,0.004107117652893066,0.693989634513855,10,True,50,0.7603049278259277,0.6697896718978882,0.016106254000987974,71,81
test-task07-init08,test,motion_attenuation_0p5,7,8,81,0.7466184496879578,-0.01427525281906128,0.760893702507019,10,True,50,0.8249573111534119,0.6885876655578613,0.01565934300015215,72,82
test-task07-init08,test,motion_attenuation_0p5,7,8,82,0.6895148158073425,-0.007967233657836914,0.6974820494651794,10,True,50,0.732380747795105,0.5903120040893555,0.012868379000792629,73,83
test-task07-init08,test,motion_attenuation_0p5,7,8,83,0.717650830745697,0.004141569137573242,0.7135092616081238,10,True,50,0.7252936363220215,0.590160071849823,0.013101144999382086,74,84
test-task07-init08,test,motion_attenuation_0p5,7,8,84,0.7627463340759277,-0.002231001853942871,0.7649773359298706,10,True,50,0.7705882787704468,0.6792634725570679,0.013635969000461046,75,85
test-task07-init08,test,motion_attenuation_0p5,7,8,85,0.7960852384567261,0.019765079021453857,0.7763201594352722,10,True,50,0.8009634017944336,0.7035760283470154,0.013940068000010797,76,86
test-task07-init08,test,motion_attenuation_0p5,7,8,86,0.709670901298523,-0.02943640947341919,0.7391073107719421,10,True,50,0.7349824905395508,0.629199206829071,0.013670116999492166,77,87
test-task07-init08,test,motion_attenuation_0p5,7,8,87,0.7193222045898438,-0.0011402368545532227,0.720462441444397,10,True,50,0.698348879814148,0.6268794536590576,0.015920091998850694,78,88
test-task07-init08,test,motion_attenuation_0p5,7,8,88,0.7470280528068542,0.01666933298110962,0.7303587198257446,10,True,50,0.7551295757293701,0.6649520397186279,0.013213984000685741,79,89
test-task07-init08,test,motion_attenuation_0p5,7,8,89,0.707660436630249,-0.013997972011566162,0.7216584086418152,10,True,50,0.710080623626709,0.6494777798652649,0.013894331001210958,80,90
test-task07-init08,test,action_delay_3,7,8,9,0.47563713788986206,0.0,0.47563713788986206,10,False,50,0.5523831248283386,0.401103675365448,0.014052320000701002,0,10
test-task07-init08,test,action_delay_3,7,8,10,0.544912576675415,0.0,0.544912576675415,10,False,50,0.6041032075881958,0.5219827890396118,0.016663672000504448,1,11
test-task07-init08,test,action_delay_3,7,8,11,0.49822139739990234,0.0,0.49822139739990234,10,False,50,0.5877907276153564,0.5118274092674255,0.01470347700160346,2,12
test-task07-init08,test,action_delay_3,7,8,12,0.5832986831665039,0.0,0.5832986831665039,10,False,50,0.6894194483757019,0.6808056235313416,0.013829846999215079,3,13
test-task07-init08,test,action_delay_3,7,8,13,0.6443045139312744,0.0,0.6443045139312744,10,False,50,0.6772606372833252,0.7931928634643555,0.016900144999453914,4,14
test-task07-init08,test,action_delay_3,7,8,14,0.6208702325820923,0.0,0.6208702325820923,10,False,50,0.653882622718811,0.7428697943687439,0.01937688500038348,5,15
test-task07-init08,test,action_delay_3,7,8,15,0.6401659846305847,0.0,0.6401659846305847,10,False,50,0.6809967756271362,0.6840483546257019,0.016517785001269658,6,16
test-task07-init08,test,action_delay_3,7,8,16,0.6717252731323242,0.0,0.6717252731323242,10,False,50,0.7093771696090698,0.8000850081443787,0.015938304999508546,7,17
test-task07-init08,test,action_delay_3,7,8,17,0.624913215637207,0.0,0.624913215637207,10,False,50,0.665595293045044,0.7667012214660645,0.01569319200098107,8,18
test-task07-init08,test,action_delay_3,7,8,18,0.6205156445503235,0.0,0.6205156445503235,10,False,50,0.6566236019134521,0.7815811634063721,0.01496176599903265,9,19
test-task07-init08,test,action_delay_3,7,8,19,0.6067681908607483,0.0,0.6067681908607483,10,False,50,0.640987753868103,0.6874958872795105,0.013186403999497998,10,20
test-task07-init08,test,action_delay_3,7,8,20,0.6270077228546143,0.0,0.6270077228546143,10,False,50,0.6699931621551514,0.751522421836853,0.013178298000639188,11,21
test-task07-init08,test,action_delay_3,7,8,21,0.6417950987815857,0.0,0.6417950987815857,10,False,50,0.7088316679000854,0.6586031317710876,0.013604014999145875,12,22
test-task07-init08,test,action_delay_3,7,8,22,0.6427213549613953,0.0,0.6427213549613953,10,False,50,0.6878753900527954,0.5017048120498657,0.013579013000708073,13,23
test-task07-init08,test,action_delay_3,7,8,23,0.6910758018493652,0.0,0.6910758018493652,10,False,50,0.7250425815582275,0.5149011611938477,0.014248548999603372,14,24
test-task07-init08,test,action_delay_3,7,8,24,0.6758877635002136,0.0,0.6758877635002136,10,False,50,0.7461103200912476,0.5059295892715454,0.015742363000754267,15,25
test-task07-init08,test,action_delay_3,7,8,25,0.6278942823410034,0.0,0.6278942823410034,10,False,50,0.6795348525047302,0.46308672428131104,0.013227536001068074,16,26
test-task07-init08,test,action_delay_3,7,8,26,0.7286275625228882,0.0,0.7286275625228882,10,False,50,0.7985060214996338,0.6247038841247559,0.014508177000607247,17,27
test-task07-init08,test,action_delay_3,7,8,27,0.7515050768852234,0.0,0.7515050768852234,10,False,50,0.8524675369262695,0.6583897471427917,0.013920604000304593,18,28
test-task07-init08,test,action_delay_3,7,8,28,0.7843747138977051,0.0,0.7843747138977051,10,False,50,0.8369502425193787,0.7011528015136719,0.016627488999802154,19,29
test-task07-init08,test,action_delay_3,7,8,29,0.8296064138412476,0.0,0.8296064138412476,10,False,50,0.8942933082580566,0.718268632888794,0.014095729000473511,20,30
test-task07-init08,test,action_delay_3,7,8,30,1.0502506494522095,0.0,1.0502506494522095,10,False,50,1.051823616027832,0.7947315573692322,0.01775791599902732,21,31
test-task07-init08,test,action_delay_3,7,8,31,1.0684311389923096,0.0,1.0684311389923096,10,False,50,1.0358164310455322,0.90044105052948,0.014943060999939917,22,32
test-task07-init08,test,action_delay_3,7,8,32,1.0762150287628174,0.0,1.0762150287628174,10,False,50,1.0501697063446045,0.949195146560669,0.014804791000642581,23,33
test-task07-init08,test,action_delay_3,7,8,33,1.1409969329833984,0.0,1.1409969329833984,10,False,50,1.0278862714767456,0.9765238165855408,0.014833409999482683,24,34
test-task07-init08,test,action_delay_3,7,8,34,1.0862921476364136,0.0,1.0862921476364136,10,False,50,1.0109426975250244,0.8822026252746582,0.013632365000376012,25,35
test-task07-init08,test,action_delay_3,7,8,35,0.9437662363052368,0.0,0.9437662363052368,10,False,50,0.9290703535079956,0.7963931560516357,0.014672953000626876,26,36
test-task07-init08,test,action_delay_3,7,8,36,0.9226526618003845,0.0,0.9226526618003845,10,False,50,0.9763706922531128,0.7937299609184265,0.014586612000130117,27,37
test-task07-init08,test,action_delay_3,7,8,37,0.8615957498550415,0.0,0.8615957498550415,10,False,50,0.9335139989852905,0.7407791018486023,0.015041186999951606,28,38
test-task07-init08,test,action_delay_3,7,8,38,0.7682904601097107,0.0,0.7682904601097107,10,False,50,0.7369897365570068,0.6631456017494202,0.015022662999399472,29,39
test-task07-init08,test,action_delay_3,7,8,39,0.8452160358428955,0.0,0.8452160358428955,10,False,50,0.7768690586090088,0.45421597361564636,0.029994492999321665,30,40
test-task07-init08,test,action_delay_3,7,8,40,0.857418954372406,0.0,0.857418954372406,10,False,50,0.9097291827201843,0.3827689290046692,0.014992901000368875,31,41
test-task07-init08,test,action_delay_3,7,8,41,0.8170024752616882,0.0,0.8170024752616882,10,False,50,1.0005437135696411,0.3538312315940857,0.015189682000709581,32,42
test-task07-init08,test,action_delay_3,7,8,42,0.7799263000488281,0.0,0.7799263000488281,10,False,50,0.8621249198913574,0.41215628385543823,0.030215237000447814,33,43
test-task07-init08,test,action_delay_3,7,8,43,0.8705040216445923,0.0,0.8705040216445923,10,False,50,0.9738167524337769,0.4572875201702118,0.017113506999521633,34,44
test-task07-init08,test,action_delay_3,7,8,44,0.8092285990715027,0.0,0.8092285990715027,10,False,50,0.8543082475662231,0.4574543833732605,0.01482776400007424,35,45
test-task07-init08,test,action_delay_3,7,8,45,0.8264946937561035,0.0,0.8264946937561035,10,False,50,0.8735491037368774,0.4933859705924988,0.016667170999426162,36,46
test-task07-init08,test,action_delay_3,7,8,46,0.8248981237411499,0.0,0.8248981237411499,10,False,50,0.8506612777709961,0.5354939699172974,0.015653844000553363,37,47
test-task07-init08,test,action_delay_3,7,8,47,0.795407772064209,0.0,0.795407772064209,10,False,50,0.8449209928512573,0.5705490112304688,0.013826369000526029,38,48
test-task07-init08,test,action_delay_3,7,8,48,0.8098620772361755,0.0,0.8098620772361755,10,False,50,0.867006778717041,0.5677684545516968,0.01357211699905747,39,49
test-task07-init08,test,action_delay_3,7,8,49,0.7793313264846802,0.0,0.7793313264846802,10,False,50,0.8270276784896851,0.566165566444397,0.013745426000241423,40,50
test-task07-init08,test,action_delay_3,7,8,50,0.7655506134033203,-0.0001844167709350586,0.7657350301742554,10,True,50,0.8115364909172058,0.6265010833740234,0.013332671998796286,41,51
test-task07-init08,test,action_delay_3,7,8,51,0.7621580958366394,-0.0015587806701660156,0.7637168765068054,10,True,50,0.7815700769424438,0.556434154510498,0.013435660999675747,42,52
test-task07-init08,test,action_delay_3,7,8,52,0.6842470169067383,-0.0013129115104675293,0.6855599284172058,10,True,50,0.7248455882072449,0.4487648904323578,0.014187688999300008,43,53
test-task07-init08,test,action_delay_3,7,8,53,0.6525250673294067,-0.0015316009521484375,0.6540566682815552,10,True,50,0.6714450716972351,0.41029781103134155,0.015618925001035677,44,54
test-task07-init08,test,action_delay_3,7,8,54,0.7025021314620972,-0.00433194637298584,0.706834077835083,10,True,50,0.7669867277145386,0.4625585079193115,0.014659612999821547,45,55
test-task07-init08,test,action_delay_3,7,8,55,0.7412989139556885,-0.003704071044921875,0.7450029850006104,10,True,50,0.8163382411003113,0.4992366433143616,0.01409587600028317,46,56
test-task07-init08,test,action_delay_3,7,8,56,0.7429692149162292,0.003983497619628906,0.7389857172966003,10,True,50,0.8301607966423035,0.4978516697883606,0.013374078000197187,47,57
test-task07-init08,test,action_delay_3,7,8,57,0.7438938021659851,0.01689291000366211,0.727000892162323,10,True,50,0.8340296149253845,0.42713242769241333,0.013380328999119229,48,58
test-task07-init08,test,action_delay_3,7,8,58,0.6926833987236023,0.020388662815093994,0.6722947359085083,10,True,50,0.7697792053222656,0.3291754722595215,0.017285889000049792,49,59
test-task07-init08,test,action_delay_3,7,8,59,0.6183776259422302,0.014378905296325684,0.6039987206459045,10,True,50,0.6947296857833862,0.2644008994102478,0.013257999999041203,50,60
test-task07-init08,test,action_delay_3,7,8,60,0.5648407340049744,0.021107137203216553,0.5437335968017578,10,True,50,0.6321458220481873,0.2759858965873718,0.015206305999527103,51,61
test-task07-init08,test,action_delay_3,7,8,61,0.5996416211128235,0.0029388070106506348,0.5967028141021729,10,True,50,0.7019201517105103,0.3679223954677582,0.013926424999226583,52,62
test-task07-init08,test,action_delay_3,7,8,62,0.6805045008659363,0.031562864780426025,0.6489416360855103,10,True,50,0.7119783163070679,0.4192245900630951,0.013542792999942321,53,63
test-task07-init08,test,action_delay_3,7,8,63,0.6629595756530762,0.015074014663696289,0.6478855609893799,10,True,50,0.7236236333847046,0.4865655303001404,0.015239205000398215,54,64
test-task07-init08,test,action_delay_3,7,8,64,0.7516598701477051,0.01246488094329834,0.7391949892044067,10,True,50,0.8639909029006958,0.5735520124435425,0.013168134999432368,55,65
test-task07-init08,test,action_delay_3,7,8,65,0.7981365919113159,0.017012953758239746,0.7811236381530762,10,True,50,0.8510240316390991,0.7150322794914246,0.014055483999982243,56,66
test-task07-init08,test,action_delay_3,7,8,66,0.9182921648025513,0.011325359344482422,0.9069668054580688,10,True,50,0.9571232199668884,0.9411746859550476,0.01311660600003961,57,67
test-task07-init08,test,action_delay_3,7,8,67,0.8847335577011108,0.006676673889160156,0.8780568838119507,10,True,50,0.9192804098129272,0.9459320306777954,0.013715319999391795,58,68
test-task07-init08,test,action_delay_3,7,8,68,0.8900781869888306,0.002079606056213379,0.8879985809326172,10,True,50,0.9327545166015625,0.9386399984359741,0.014431175999561674,59,69
test-task07-init08,test,action_delay_3,7,8,69,0.9331199526786804,0.0018157958984375,0.9313041567802429,10,True,50,0.9775961637496948,1.0021737813949585,0.014047695000044769,60,70
test-task07-init08,test,action_delay_3,7,8,70,0.8771696090698242,-0.0015665888786315918,0.8787361979484558,10,True,50,0.9447175860404968,0.9431999921798706,0.013688541999727022,61,71
test-task07-init08,test,action_delay_3,7,8,71,0.9379252195358276,-0.0046062469482421875,0.9425314664840698,10,True,50,1.0046085119247437,1.0259031057357788,0.015920550000373623,62,72
test-task07-init08,test,action_delay_3,7,8,72,0.9094231128692627,-0.0009993910789489746,0.9104225039482117,10,True,50,0.9509267210960388,0.9708833694458008,0.015378965001218603,63,73
test-task07-init08,test,action_delay_3,7,8,73,0.8515319228172302,-0.003795325756072998,0.8553272485733032,10,True,50,0.9037556052207947,0.9619462490081787,0.022549767998498282,64,74
test-task07-init08,test,action_delay_3,7,8,74,0.9653180837631226,-0.0020456910133361816,0.9673637747764587,10,True,50,1.028496503829956,1.0491583347320557,0.01615463199959777,65,75
test-task07-init08,test,action_delay_3,7,8,75,0.9559388160705566,0.00024759769439697266,0.9556912183761597,10,True,50,0.9922658205032349,0.9700316190719604,0.02072673200018471,66,76
test-task07-init08,test,action_delay_3,7,8,76,0.8798785209655762,-0.003208160400390625,0.8830866813659668,10,True,50,0.9029750227928162,0.9862510561943054,0.014418868000575458,67,77
test-task07-init08,test,action_delay_3,7,8,77,0.9257855415344238,-0.0006175041198730469,0.9264030456542969,10,True,50,0.9290456771850586,0.9786912798881531,0.01615551599934406,68,78
test-task07-init08,test,action_delay_3,7,8,78,0.840488076210022,-5.8531761169433594e-05,0.8405466079711914,10,True,50,0.8341578245162964,0.9493182897567749,0.01435258099991188,69,79
test-task07-init08,test,action_delay_3,7,8,79,0.8844798803329468,-0.0022088289260864258,0.8866887092590332,10,True,50,0.9169678092002869,1.0694044828414917,0.015054121000503073,70,80
test-task07-init08,test,action_delay_3,7,8,80,0.8302010297775269,-0.004222869873046875,0.8344238996505737,10,True,50,0.9146889448165894,1.0161182880401611,0.01709053599915933,71,81
test-task07-init08,test,action_delay_3,7,8,81,0.8326164484024048,-0.003414452075958252,0.836030900478363,10,True,50,0.9154666662216187,1.0476109981536865,0.013936629999079742,72,82
test-task07-init08,test,action_delay_3,7,8,82,0.8604099750518799,-0.003001391887664795,0.8634113669395447,10,True,50,0.9529905319213867,1.1500810384750366,0.015884035999988555,73,83
test-task07-init08,test,action_delay_3,7,8,83,1.0132426023483276,-0.004544496536254883,1.0177870988845825,10,True,50,1.0201481580734253,1.3221516609191895,0.014871415000015986,74,84
test-task07-init08,test,action_delay_3,7,8,84,0.9168195724487305,-0.004481792449951172,0.9213013648986816,10,True,50,0.9525876045227051,1.258618950843811,0.013755534000665648,75,85
test-task07-init08,test,action_delay_3,7,8,85,0.9063875079154968,-0.0007420182228088379,0.9071295261383057,10,True,50,0.9164819717407227,1.3044790029525757,0.012734821999401902,76,86
test-task07-init08,test,action_delay_3,7,8,86,0.7799398303031921,-0.0002841949462890625,0.7802240252494812,10,True,50,0.8436107635498047,1.269389271736145,0.014668245999928331,77,87
test-task07-init08,test,action_delay_3,7,8,87,0.8241214752197266,0.0027084946632385254,0.821412980556488,10,True,50,0.9223970770835876,1.2120856046676636,0.015175761000136845,78,88
test-task07-init08,test,action_delay_3,7,8,88,1.0240381956100464,0.016469597816467285,1.007568597793579,10,True,50,1.0308269262313843,1.3857226371765137,0.014107949999015545,79,89
test-task07-init08,test,action_delay_3,7,8,89,1.0797511339187622,0.030329346656799316,1.049421787261963,10,True,50,0.9901555776596069,1.2889093160629272,0.013950918000773527,80,90
test-task07-init11,test,nominal,7,11,9,0.5630128383636475,0.0,0.5630128383636475,10,False,,0.6856495141983032,0.5647147297859192,0.014147669999147183,0,10
test-task07-init11,test,nominal,7,11,10,0.585006594657898,0.0,0.585006594657898,10,False,,0.7013657093048096,0.6263008117675781,0.016093105999971158,1,11
test-task07-init11,test,nominal,7,11,11,0.6478283405303955,0.0,0.6478283405303955,10,False,,0.7513667345046997,0.7006438970565796,0.017931783999301842,2,12
test-task07-init11,test,nominal,7,11,12,0.6053112745285034,0.0,0.6053112745285034,10,False,,0.7384461164474487,0.6917510032653809,0.015514359000007971,3,13
test-task07-init11,test,nominal,7,11,13,0.6886141300201416,0.0,0.6886141300201416,10,False,,0.7377485036849976,0.8148931264877319,0.014617696000641445,4,14
test-task07-init11,test,nominal,7,11,14,0.6599354147911072,0.0,0.6599354147911072,10,False,,0.6887113451957703,0.8558992147445679,0.016806509000161896,5,15
test-task07-init11,test,nominal,7,11,15,0.6531387567520142,0.0,0.6531387567520142,10,False,,0.6800298094749451,0.8104435801506042,0.01718514200001664,6,16
test-task07-init11,test,nominal,7,11,16,0.6252834796905518,0.0,0.6252834796905518,10,False,,0.670799732208252,0.7470910549163818,0.015884824000750086,7,17
test-task07-init11,test,nominal,7,11,17,0.5891997218132019,0.0,0.5891997218132019,10,False,,0.5814623832702637,0.6514041423797607,0.02070677799929399,8,18
test-task07-init11,test,nominal,7,11,18,0.6180242300033569,0.0,0.6180242300033569,10,False,,0.6365095376968384,0.6318181753158569,0.01375750100123696,9,19
test-task07-init11,test,nominal,7,11,19,0.6349858641624451,0.0,0.6349858641624451,10,False,,0.686144232749939,0.7259417772293091,0.013789519000056316,10,20
test-task07-init11,test,nominal,7,11,20,0.618076741695404,0.0,0.618076741695404,10,False,,0.6174575090408325,0.6416980028152466,0.01353403700159106,11,21
test-task07-init11,test,nominal,7,11,21,0.5558202862739563,0.0,0.5558202862739563,10,False,,0.57206791639328,0.5963507890701294,0.014434589000302367,12,22
test-task07-init11,test,nominal,7,11,22,0.5819897651672363,0.0,0.5819897651672363,10,False,,0.6439498662948608,0.5664212703704834,0.01497384699905524,13,23
test-task07-init11,test,nominal,7,11,23,0.5939154624938965,0.0,0.5939154624938965,10,False,,0.6184890270233154,0.5652832984924316,0.01366496099944925,14,24
test-task07-init11,test,nominal,7,11,24,0.6073088049888611,0.0,0.6073088049888611,10,False,,0.6207753419876099,0.5964697599411011,0.012971191999895382,15,25
test-task07-init11,test,nominal,7,11,25,0.7381135821342468,0.0,0.7381135821342468,10,False,,0.7957253456115723,0.7510509490966797,0.01367193199985195,16,26
test-task07-init11,test,nominal,7,11,26,0.753298282623291,0.0,0.753298282623291,10,False,,0.7906560897827148,0.8486384749412537,0.013769881001280737,17,27
test-task07-init11,test,nominal,7,11,27,0.7753421664237976,0.0,0.7753421664237976,10,False,,0.8476716876029968,0.9767866134643555,0.016577481001149863,18,28
test-task07-init11,test,nominal,7,11,28,0.8759576678276062,0.0,0.8759576678276062,10,False,,0.9620256423950195,1.0805739164352417,0.01325207700028841,19,29
test-task07-init11,test,nominal,7,11,29,0.8106204271316528,0.0,0.8106204271316528,10,False,,0.906650722026825,1.119065523147583,0.014476103000561125,20,30
test-task07-init11,test,nominal,7,11,30,0.7551347613334656,0.0,0.7551347613334656,10,False,,0.8474825620651245,1.1580297946929932,0.013885540000046603,21,31
test-task07-init11,test,nominal,7,11,31,0.7709648013114929,0.0,0.7709648013114929,10,False,,0.8801043033599854,1.2363618612289429,0.013532041999496869,22,32
test-task07-init11,test,nominal,7,11,32,0.821104884147644,0.0,0.821104884147644,10,False,,0.8208730220794678,1.3267145156860352,0.015358712000306696,23,33
test-task07-init11,test,nominal,7,11,33,0.9042372703552246,0.0,0.9042372703552246,10,False,,0.8691040873527527,1.590728759765625,0.014204827999492409,24,34
test-task07-init11,test,nominal,7,11,34,0.9910169839859009,0.0,0.9910169839859009,10,False,,0.8793128728866577,1.5550286769866943,0.013776685000266298,25,35
test-task07-init11,test,nominal,7,11,35,1.0539910793304443,0.0,1.0539910793304443,10,False,,0.973802924156189,1.7033284902572632,0.013459891999445972,26,36
test-task07-init11,test,nominal,7,11,36,0.9227976202964783,0.0,0.9227976202964783,10,False,,0.8722087740898132,1.5873143672943115,0.01499036499990325,27,37
test-task07-init11,test,nominal,7,11,37,0.843545138835907,0.0,0.843545138835907,10,False,,0.8278365135192871,1.5283153057098389,0.014793594998991466,28,38
test-task07-init11,test,nominal,7,11,38,0.7877222895622253,0.0,0.7877222895622253,10,False,,0.8112679719924927,1.4777783155441284,0.014418792001379188,29,39
test-task07-init11,test,nominal,7,11,39,0.7478622198104858,0.0,0.7478622198104858,10,False,,0.753555178642273,1.2855983972549438,0.013201148000007379,30,40
test-task07-init11,test,nominal,7,11,40,0.728728175163269,0.0,0.728728175163269,10,False,,0.7177971601486206,1.1113975048065186,0.018340688999160193,31,41
test-task07-init11,test,nominal,7,11,41,0.6862327456474304,0.0,0.6862327456474304,10,False,,0.6856011748313904,1.0222079753875732,0.013763713999651372,32,42
test-task07-init11,test,nominal,7,11,42,0.6221041679382324,0.0,0.6221041679382324,10,False,,0.6134345531463623,0.7587830424308777,0.01357263200043235,33,43
test-task07-init11,test,nominal,7,11,43,0.5187749266624451,0.0,0.5187749266624451,10,False,,0.5329852104187012,0.515842080116272,0.015635739000572357,34,44
test-task07-init11,test,nominal,7,11,44,0.46382975578308105,0.0,0.46382975578308105,10,False,,0.46392345428466797,0.35874152183532715,0.01565797500006738,35,45
test-task07-init11,test,nominal,7,11,45,0.4543696343898773,0.0,0.4543696343898773,10,False,,0.45276665687561035,0.32933709025382996,0.016640884001390077,36,46
test-task07-init11,test,nominal,7,11,46,0.4508506953716278,0.0,0.4508506953716278,10,False,,0.4497847557067871,0.3077065944671631,0.014512972000375157,37,47
test-task07-init11,test,nominal,7,11,47,0.4607113301753998,0.0,0.4607113301753998,10,False,,0.4668467044830322,0.33251404762268066,0.01352660299926356,38,48
test-task07-init11,test,nominal,7,11,48,0.48436564207077026,0.0,0.48436564207077026,10,False,,0.48370036482810974,0.35190433263778687,0.014593136998882983,39,49
test-task07-init11,test,nominal,7,11,49,0.49336105585098267,0.0,0.49336105585098267,10,False,,0.48370131850242615,0.3570326268672943,0.015252089000568958,40,50
test-task07-init11,test,nominal,7,11,50,0.4806453585624695,0.0,0.4806453585624695,10,False,,0.46205756068229675,0.38977813720703125,0.013299721998919267,41,51
test-task07-init11,test,nominal,7,11,51,0.5555936098098755,0.0,0.5555936098098755,10,False,,0.5412330031394958,0.48227712512016296,0.015014964999863878,42,52
test-task07-init11,test,nominal,7,11,52,0.48936375975608826,0.0,0.48936375975608826,10,False,,0.47852057218551636,0.4610881805419922,0.013294357999257045,43,53
test-task07-init11,test,nominal,7,11,53,0.5183678865432739,0.0,0.5183678865432739,10,False,,0.5156141519546509,0.5359519720077515,0.014742634000867838,44,54
test-task07-init11,test,nominal,7,11,54,0.6044980883598328,0.0,0.6044980883598328,10,False,,0.5895185470581055,0.6578296422958374,0.01479167399884318,45,55
test-task07-init11,test,nominal,7,11,55,0.6969406008720398,0.0,0.6969406008720398,10,False,,0.7034127116203308,0.8029558062553406,0.013611606000267784,46,56
test-task07-init11,test,nominal,7,11,56,0.7726563215255737,0.0,0.7726563215255737,10,False,,0.8032132983207703,0.9642815589904785,0.014273632001277292,47,57
test-task07-init11,test,nominal,7,11,57,0.759426474571228,0.0,0.759426474571228,10,False,,0.8419783115386963,1.002550482749939,0.015218808999634348,48,58
test-task07-init11,test,nominal,7,11,58,0.921822726726532,0.0,0.921822726726532,10,False,,1.009838342666626,1.1583831310272217,0.013625191000755876,49,59
test-task07-init11,test,nominal,7,11,59,0.9045114517211914,0.0,0.9045114517211914,10,False,,0.961138129234314,1.1615629196166992,0.013865220998923178,50,60
test-task07-init11,test,nominal,7,11,60,0.8284508585929871,0.0,0.8284508585929871,10,False,,0.9419617056846619,1.1585874557495117,0.013996121999298339,51,61
test-task07-init11,test,nominal,7,11,61,0.6953911781311035,0.0,0.6953911781311035,10,False,,0.8504375219345093,1.0652730464935303,0.013355905000935309,52,62
test-task07-init11,test,nominal,7,11,62,0.6725137233734131,0.0,0.6725137233734131,10,False,,0.8429909944534302,1.0498425960540771,0.013818309998896439,53,63
test-task07-init11,test,nominal,7,11,63,0.7358385920524597,0.0,0.7358385920524597,10,False,,0.8178507685661316,1.0574126243591309,0.013170758000342175,54,64
test-task07-init11,test,nominal,7,11,64,0.7736024856567383,0.0,0.7736024856567383,10,False,,0.8668486475944519,0.9360684156417847,0.013584686999820406,55,65
test-task07-init11,test,nominal,7,11,65,0.8125495314598083,0.0,0.8125495314598083,10,False,,0.8436004519462585,0.8364768028259277,0.012952398001289112,56,66
test-task07-init11,test,nominal,7,11,66,0.7272363901138306,0.0,0.7272363901138306,10,False,,0.7859749794006348,0.8037309050559998,0.013950199998362223,57,67
test-task07-init11,test,nominal,7,11,67,0.7334455847740173,0.0,0.7334455847740173,10,False,,0.7487162351608276,0.8128824234008789,0.015502792000916088,58,68
test-task07-init11,test,nominal,7,11,68,0.6958097815513611,0.0,0.6958097815513611,10,False,,0.6862179040908813,0.8292621970176697,0.015004778000729857,59,69
test-task07-init11,test,nominal,7,11,69,0.6531570553779602,0.0,0.6531570553779602,10,False,,0.6170007586479187,0.7853633165359497,0.013748198000030243,60,70
test-task07-init11,test,nominal,7,11,70,0.6317662000656128,0.0,0.6317662000656128,10,False,,0.638659656047821,0.753250002861023,0.013589445001343847,61,71
test-task07-init11,test,nominal,7,11,71,0.6695401072502136,0.0,0.6695401072502136,10,False,,0.6760120391845703,0.7573862075805664,0.014957721001337632,62,72
test-task07-init11,test,nominal,7,11,72,0.7236738204956055,0.0,0.7236738204956055,10,False,,0.7590066194534302,0.8533850908279419,0.013711551000596955,63,73
test-task07-init11,test,nominal,7,11,73,0.9556936025619507,0.0,0.9556936025619507,10,False,,1.0038964748382568,1.1551425457000732,0.014526705999742262,64,74
test-task07-init11,test,nominal,7,11,74,0.8424787521362305,0.0,0.8424787521362305,10,False,,0.8820902705192566,1.1380819082260132,0.013251796999611543,65,75
test-task07-init11,test,nominal,7,11,75,0.7135326862335205,0.0,0.7135326862335205,10,False,,0.7804489135742188,1.0761566162109375,0.015521115999945323,66,76
test-task07-init11,test,nominal,7,11,76,0.7762932181358337,0.0,0.7762932181358337,10,False,,0.7895530462265015,1.1142857074737549,0.014073143000132404,67,77
test-task07-init11,test,nominal,7,11,77,0.7358527183532715,0.0,0.7358527183532715,10,False,,0.7805864214897156,0.9811059832572937,0.016127457000038703,68,78
test-task07-init11,test,nominal,7,11,78,0.6145436763763428,0.0,0.6145436763763428,10,False,,0.6325670480728149,0.8756534457206726,0.014118837998466915,69,79
test-task07-init11,test,nominal,7,11,79,0.6890280246734619,0.0,0.6890280246734619,10,False,,0.7402490377426147,0.8376249074935913,0.01374685100017814,70,80
test-task07-init11,test,nominal,7,11,80,0.6718134880065918,0.0,0.6718134880065918,10,False,,0.6441865563392639,0.7809196710586548,0.014347300999361323,71,81
test-task07-init11,test,nominal,7,11,81,0.7645174860954285,0.0,0.7645174860954285,10,False,,0.735059916973114,0.8569916486740112,0.01507699299872911,72,82
test-task07-init11,test,nominal,7,11,82,0.7565000057220459,0.0,0.7565000057220459,10,False,,0.7547448873519897,0.7777801752090454,0.013584910999270505,73,83
test-task07-init11,test,nominal,7,11,83,0.7709568738937378,0.0,0.7709568738937378,10,False,,0.7237090468406677,0.9055404663085938,0.016081406000012066,74,84
test-task07-init11,test,nominal,7,11,84,0.7309678792953491,0.0,0.7309678792953491,10,False,,0.7066380381584167,0.9713866710662842,0.015068943001097068,75,85
test-task07-init11,test,nominal,7,11,85,0.8011896014213562,0.0,0.8011896014213562,10,False,,0.7846757769584656,1.0335696935653687,0.0146697199998016,76,86
test-task07-init11,test,nominal,7,11,86,0.8697988390922546,0.0,0.8697988390922546,10,False,,0.8217267394065857,1.1251869201660156,0.016280773001199123,77,87
test-task07-init11,test,nominal,7,11,87,0.8738340735435486,0.0,0.8738340735435486,10,False,,0.7961291074752808,1.2212151288986206,0.014147530999252922,78,88
test-task07-init11,test,nominal,7,11,88,0.8720329999923706,0.0,0.8720329999923706,10,False,,0.8234533071517944,1.1312904357910156,0.013509223999790265,79,89
test-task07-init11,test,nominal,7,11,89,0.8517594337463379,0.0,0.8517594337463379,10,False,,0.8081640601158142,1.1602495908737183,0.01332054999875254,80,90
test-task07-init11,test,motion_attenuation_0p5,7,11,9,0.5630128383636475,0.0,0.5630128383636475,10,False,50,0.6856495141983032,0.5647147297859192,0.014935810999304522,0,10
test-task07-init11,test,motion_attenuation_0p5,7,11,10,0.585006594657898,0.0,0.585006594657898,10,False,50,0.7013657093048096,0.6263008117675781,0.014888072000758257,1,11
test-task07-init11,test,motion_attenuation_0p5,7,11,11,0.6478283405303955,0.0,0.6478283405303955,10,False,50,0.7513667345046997,0.7006438970565796,0.014772515000004205,2,12
test-task07-init11,test,motion_attenuation_0p5,7,11,12,0.6053112745285034,0.0,0.6053112745285034,10,False,50,0.7384461164474487,0.6917510032653809,0.013125989000400295,3,13
test-task07-init11,test,motion_attenuation_0p5,7,11,13,0.6886141300201416,0.0,0.6886141300201416,10,False,50,0.7377485036849976,0.8148931264877319,0.015452772000571713,4,14
test-task07-init11,test,motion_attenuation_0p5,7,11,14,0.6599354147911072,0.0,0.6599354147911072,10,False,50,0.6887113451957703,0.8558992147445679,0.013969342000564211,5,15
test-task07-init11,test,motion_attenuation_0p5,7,11,15,0.6531387567520142,0.0,0.6531387567520142,10,False,50,0.6800298094749451,0.8104435801506042,0.016707613000107813,6,16
test-task07-init11,test,motion_attenuation_0p5,7,11,16,0.6252834796905518,0.0,0.6252834796905518,10,False,50,0.670799732208252,0.7470910549163818,0.014401911999812,7,17
test-task07-init11,test,motion_attenuation_0p5,7,11,17,0.5891997218132019,0.0,0.5891997218132019,10,False,50,0.5814623832702637,0.6514041423797607,0.013002161998883821,8,18
test-task07-init11,test,motion_attenuation_0p5,7,11,18,0.6180242300033569,0.0,0.6180242300033569,10,False,50,0.6365095376968384,0.6318181753158569,0.014333015999000054,9,19
test-task07-init11,test,motion_attenuation_0p5,7,11,19,0.6349858641624451,0.0,0.6349858641624451,10,False,50,0.686144232749939,0.7259417772293091,0.012975841000297805,10,20
test-task07-init11,test,motion_attenuation_0p5,7,11,20,0.618076741695404,0.0,0.618076741695404,10,False,50,0.6174575090408325,0.6416980028152466,0.01367297700016934,11,21
test-task07-init11,test,motion_attenuation_0p5,7,11,21,0.5558202862739563,0.0,0.5558202862739563,10,False,50,0.57206791639328,0.5963507890701294,0.013130822000675835,12,22
test-task07-init11,test,motion_attenuation_0p5,7,11,22,0.5819897651672363,0.0,0.5819897651672363,10,False,50,0.6439498662948608,0.5664212703704834,0.01463182599945867,13,23
test-task07-init11,test,motion_attenuation_0p5,7,11,23,0.5939154624938965,0.0,0.5939154624938965,10,False,50,0.6184890270233154,0.5652832984924316,0.01371503099835536,14,24
test-task07-init11,test,motion_attenuation_0p5,7,11,24,0.6073088049888611,0.0,0.6073088049888611,10,False,50,0.6207753419876099,0.5964697599411011,0.013984784998683608,15,25
test-task07-init11,test,motion_attenuation_0p5,7,11,25,0.7381135821342468,0.0,0.7381135821342468,10,False,50,0.7957253456115723,0.7510509490966797,0.016257162000329117,16,26
test-task07-init11,test,motion_attenuation_0p5,7,11,26,0.753298282623291,0.0,0.753298282623291,10,False,50,0.7906560897827148,0.8486384749412537,0.013589807000244036,17,27
test-task07-init11,test,motion_attenuation_0p5,7,11,27,0.7753421664237976,0.0,0.7753421664237976,10,False,50,0.8476716876029968,0.9767866134643555,0.013415557001280831,18,28
test-task07-init11,test,motion_attenuation_0p5,7,11,28,0.8759576678276062,0.0,0.8759576678276062,10,False,50,0.9620256423950195,1.0805739164352417,0.013679663001312292,19,29
test-task07-init11,test,motion_attenuation_0p5,7,11,29,0.8106204271316528,0.0,0.8106204271316528,10,False,50,0.906650722026825,1.119065523147583,0.013691651000044658,20,30
test-task07-init11,test,motion_attenuation_0p5,7,11,30,0.7551347613334656,0.0,0.7551347613334656,10,False,50,0.8474825620651245,1.1580297946929932,0.013290974000483402,21,31
test-task07-init11,test,motion_attenuation_0p5,7,11,31,0.7709648013114929,0.0,0.7709648013114929,10,False,50,0.8801043033599854,1.2363618612289429,0.013888678999137483,22,32
test-task07-init11,test,motion_attenuation_0p5,7,11,32,0.821104884147644,0.0,0.821104884147644,10,False,50,0.8208730220794678,1.3267145156860352,0.014372804000231554,23,33
test-task07-init11,test,motion_attenuation_0p5,7,11,33,0.9042372703552246,0.0,0.9042372703552246,10,False,50,0.8691040873527527,1.590728759765625,0.013707194000744494,24,34
test-task07-init11,test,motion_attenuation_0p5,7,11,34,0.9910169839859009,0.0,0.9910169839859009,10,False,50,0.8793128728866577,1.5550286769866943,0.022982745000263094,25,35
test-task07-init11,test,motion_attenuation_0p5,7,11,35,1.0539910793304443,0.0,1.0539910793304443,10,False,50,0.973802924156189,1.7033284902572632,0.014421840000068187,26,36
test-task07-init11,test,motion_attenuation_0p5,7,11,36,0.9227976202964783,0.0,0.9227976202964783,10,False,50,0.8722087740898132,1.5873143672943115,0.013225345999671845,27,37
test-task07-init11,test,motion_attenuation_0p5,7,11,37,0.843545138835907,0.0,0.843545138835907,10,False,50,0.8278365135192871,1.5283153057098389,0.012942073999511194,28,38
test-task07-init11,test,motion_attenuation_0p5,7,11,38,0.7877222895622253,0.0,0.7877222895622253,10,False,50,0.8112679719924927,1.4777783155441284,0.013945286000307533,29,39
test-task07-init11,test,motion_attenuation_0p5,7,11,39,0.7478622198104858,0.0,0.7478622198104858,10,False,50,0.753555178642273,1.2855983972549438,0.014385993999894708,30,40
test-task07-init11,test,motion_attenuation_0p5,7,11,40,0.728728175163269,0.0,0.728728175163269,10,False,50,0.7177971601486206,1.1113975048065186,0.013778390000879881,31,41
test-task07-init11,test,motion_attenuation_0p5,7,11,41,0.6862327456474304,0.0,0.6862327456474304,10,False,50,0.6856011748313904,1.0222079753875732,0.01448643100047775,32,42
test-task07-init11,test,motion_attenuation_0p5,7,11,42,0.6221041679382324,0.0,0.6221041679382324,10,False,50,0.6134345531463623,0.7587830424308777,0.01577437499872758,33,43
test-task07-init11,test,motion_attenuation_0p5,7,11,43,0.5187749266624451,0.0,0.5187749266624451,10,False,50,0.5329852104187012,0.515842080116272,0.014151479999782168,34,44
test-task07-init11,test,motion_attenuation_0p5,7,11,44,0.46382975578308105,0.0,0.46382975578308105,10,False,50,0.46392345428466797,0.35874152183532715,0.01360853100050008,35,45
test-task07-init11,test,motion_attenuation_0p5,7,11,45,0.4543696343898773,0.0,0.4543696343898773,10,False,50,0.45276665687561035,0.32933709025382996,0.014060359999348293,36,46
test-task07-init11,test,motion_attenuation_0p5,7,11,46,0.4508506953716278,0.0,0.4508506953716278,10,False,50,0.4497847557067871,0.3077065944671631,0.015705591000369168,37,47
test-task07-init11,test,motion_attenuation_0p5,7,11,47,0.4607113301753998,0.0,0.4607113301753998,10,False,50,0.4668467044830322,0.33251404762268066,0.014935398001398426,38,48
test-task07-init11,test,motion_attenuation_0p5,7,11,48,0.48436564207077026,0.0,0.48436564207077026,10,False,50,0.48370036482810974,0.35190433263778687,0.013245435000499128,39,49
test-task07-init11,test,motion_attenuation_0p5,7,11,49,0.49336105585098267,0.0,0.49336105585098267,10,False,50,0.48370131850242615,0.3570326268672943,0.01330905099894153,40,50
test-task07-init11,test,motion_attenuation_0p5,7,11,50,0.4678872525691986,0.0030078887939453125,0.4648793637752533,10,True,50,0.45475971698760986,0.3410995900630951,0.01570161800009373,41,51
test-task07-init11,test,motion_attenuation_0p5,7,11,51,0.5136741995811462,0.004445970058441162,0.5092282295227051,10,True,50,0.5053629875183105,0.4236276149749756,0.017338190000373288,42,52
test-task07-init11,test,motion_attenuation_0p5,7,11,52,0.5093257427215576,0.011922717094421387,0.49740302562713623,10,True,50,0.4748794436454773,0.4183793067932129,0.01471240899991244,43,53
test-task07-init11,test,motion_attenuation_0p5,7,11,53,0.45565173029899597,0.008798599243164062,0.4468531310558319,10,True,50,0.43933841586112976,0.38191086053848267,0.016318607000357588,44,54
test-task07-init11,test,motion_attenuation_0p5,7,11,54,0.4683232307434082,0.0004824697971343994,0.4678407609462738,10,True,50,0.45142099261283875,0.43734094500541687,0.013473836999764899,45,55
test-task07-init11,test,motion_attenuation_0p5,7,11,55,0.49951237440109253,-0.0005995631217956543,0.5001119375228882,10,True,50,0.48122090101242065,0.5101637840270996,0.015231703999234014,46,56
test-task07-init11,test,motion_attenuation_0p5,7,11,56,0.5577297210693359,-0.00283968448638916,0.5605694055557251,10,True,50,0.5445703268051147,0.6222325563430786,0.012789544000042952,47,57
test-task07-init11,test,motion_attenuation_0p5,7,11,57,0.5429319143295288,-0.005694031715393066,0.5486259460449219,10,True,50,0.5519030094146729,0.6442936658859253,0.014111493999735103,48,58
test-task07-init11,test,motion_attenuation_0p5,7,11,58,0.598719596862793,-0.024465441703796387,0.6231850385665894,10,True,50,0.6387349367141724,0.7719434499740601,0.01626062200011802,49,59
test-task07-init11,test,motion_attenuation_0p5,7,11,59,0.6336171627044678,-0.03630328178405762,0.6699204444885254,10,True,50,0.6714820861816406,0.8019427061080933,0.01349890600067738,50,60
test-task07-init11,test,motion_attenuation_0p5,7,11,60,0.6664919257164001,-0.03870946168899536,0.7052013874053955,10,True,50,0.7126873731613159,0.8417081832885742,0.013804829999571666,51,61
test-task07-init11,test,motion_attenuation_0p5,7,11,61,0.6499151587486267,-0.03645586967468262,0.6863710284233093,10,True,50,0.7594674825668335,0.9158474802970886,0.014323378998597036,52,62
test-task07-init11,test,motion_attenuation_0p5,7,11,62,0.6767629981040955,-0.02801614999771118,0.7047791481018066,10,True,50,0.785930335521698,0.9311560392379761,0.01375693299996783,53,63
test-task07-init11,test,motion_attenuation_0p5,7,11,63,0.6968344449996948,-0.008847355842590332,0.7056818008422852,10,True,50,0.7776213884353638,0.8713159561157227,0.01386888199886016,54,64
test-task07-init11,test,motion_attenuation_0p5,7,11,64,0.6095303893089294,-0.04798954725265503,0.6575199365615845,10,True,50,0.7445321083068848,0.8214685320854187,0.01510266300101648,55,65
test-task07-init11,test,motion_attenuation_0p5,7,11,65,0.587724506855011,-0.016250431537628174,0.6039749383926392,10,True,50,0.623345136642456,0.7463229894638062,0.016709215999071603,56,66
test-task07-init11,test,motion_attenuation_0p5,7,11,66,0.5835328102111816,0.0007990598678588867,0.5827337503433228,10,True,50,0.5460447669029236,0.6540652513504028,0.013316606000444153,57,67
test-task07-init11,test,motion_attenuation_0p5,7,11,67,0.548143208026886,-0.01024395227432251,0.5583871603012085,10,True,50,0.5511109828948975,0.6066996455192566,0.014408817000003182,58,68
test-task07-init11,test,motion_attenuation_0p5,7,11,68,0.5297083854675293,0.008368074893951416,0.5213403105735779,10,True,50,0.5125314593315125,0.5752425193786621,0.014871331999529502,59,69
test-task07-init11,test,motion_attenuation_0p5,7,11,69,0.5133885741233826,-0.0009175539016723633,0.5143061280250549,10,True,50,0.5214444994926453,0.5257644653320312,0.013548392998927739,60,70
test-task07-init11,test,motion_attenuation_0p5,7,11,70,0.5622901916503906,-0.011195838451385498,0.5734860301017761,10,True,50,0.5602788329124451,0.564488410949707,0.013243702000181656,61,71
test-task07-init11,test,motion_attenuation_0p5,7,11,71,0.5701268911361694,0.017103970050811768,0.5530229210853577,10,True,50,0.571575403213501,0.6070617437362671,0.01384074499947019,62,72
test-task07-init11,test,motion_attenuation_0p5,7,11,72,0.5547916293144226,-0.008717238903045654,0.5635088682174683,10,True,50,0.5685645937919617,0.6150522232055664,0.013581866998720216,63,73
test-task07-init11,test,motion_attenuation_0p5,7,11,73,0.5989658236503601,-0.026638329029083252,0.6256041526794434,10,True,50,0.6563572287559509,0.63585364818573,0.013502161000360502,64,74
test-task07-init11,test,motion_attenuation_0p5,7,11,74,0.5480226874351501,-0.008756577968597412,0.5567792654037476,10,True,50,0.5615026950836182,0.5407230257987976,0.014778320999539574,65,75
test-task07-init11,test,motion_attenuation_0p5,7,11,75,0.528555154800415,0.008418142795562744,0.5201370120048523,10,True,50,0.5390925407409668,0.5027278661727905,0.013134855000316747,66,76
test-task07-init11,test,motion_attenuation_0p5,7,11,76,0.5459485054016113,0.02430671453475952,0.5216417908668518,10,True,50,0.5568581819534302,0.4632565379142761,0.013276006000523921,67,77
test-task07-init11,test,motion_attenuation_0p5,7,11,77,0.5275269746780396,0.02607583999633789,0.5014511346817017,10,True,50,0.49322617053985596,0.4501041769981384,0.013864570999430725,68,78
test-task07-init11,test,motion_attenuation_0p5,7,11,78,0.5693233013153076,0.020539283752441406,0.5487840175628662,10,True,50,0.5392178893089294,0.47337937355041504,0.013739272000748315,69,79
test-task07-init11,test,motion_attenuation_0p5,7,11,79,0.5804352164268494,0.027542293071746826,0.5528929233551025,10,True,50,0.5613150596618652,0.3842705190181732,0.013810393000312615,70,80
test-task07-init11,test,motion_attenuation_0p5,7,11,80,0.5561923384666443,0.01732027530670166,0.5388720631599426,10,True,50,0.5586866736412048,0.34816595911979675,0.01418374399872846,71,81
test-task07-init11,test,motion_attenuation_0p5,7,11,81,0.5817986726760864,0.0075986385345458984,0.5742000341415405,10,True,50,0.5946194529533386,0.40741798281669617,0.013771137999356142,72,82
test-task07-init11,test,motion_attenuation_0p5,7,11,82,0.5771870613098145,0.0008264780044555664,0.5763605833053589,10,True,50,0.5639671683311462,0.4892595708370209,0.015450296999915736,73,83
test-task07-init11,test,motion_attenuation_0p5,7,11,83,0.570963442325592,-0.0031475424766540527,0.5741109848022461,10,True,50,0.5671528577804565,0.5546126365661621,0.01449123500060523,74,84
test-task07-init11,test,motion_attenuation_0p5,7,11,84,0.6430569887161255,-0.021142661571502686,0.6641996502876282,10,True,50,0.657690703868866,0.613140881061554,0.013169575000574696,75,85
test-task07-init11,test,motion_attenuation_0p5,7,11,85,0.5825114846229553,-0.0210038423538208,0.6035153269767761,10,True,50,0.5634804964065552,0.5651621222496033,0.013808981999318348,76,86
test-task07-init11,test,motion_attenuation_0p5,7,11,86,0.5711812973022461,-0.02352440357208252,0.5947057008743286,10,True,50,0.5707417130470276,0.6283460855484009,0.013684124998690095,77,87
test-task07-init11,test,motion_attenuation_0p5,7,11,87,0.6294817924499512,-0.021984994411468506,0.6514667868614197,10,True,50,0.6271674633026123,0.6498733758926392,0.013563534999775584,78,88
test-task07-init11,test,motion_attenuation_0p5,7,11,88,0.6328011751174927,-0.01958256959915161,0.6523837447166443,10,True,50,0.6640869975090027,0.7453941702842712,0.013604083000245737,79,89
test-task07-init11,test,motion_attenuation_0p5,7,11,89,0.6809258460998535,0.002670884132385254,0.6782549619674683,10,True,50,0.680515468120575,0.7988292574882507,0.014045011999769486,80,90
test-task07-init11,test,action_delay_3,7,11,9,0.5630128383636475,0.0,0.5630128383636475,10,False,50,0.6856495141983032,0.5647147297859192,0.013476813999659498,0,10
test-task07-init11,test,action_delay_3,7,11,10,0.585006594657898,0.0,0.585006594657898,10,False,50,0.7013657093048096,0.6263008117675781,0.01656913500119117,1,11
test-task07-init11,test,action_delay_3,7,11,11,0.6478283405303955,0.0,0.6478283405303955,10,False,50,0.7513667345046997,0.7006438970565796,0.015232122999805142,2,12
test-task07-init11,test,action_delay_3,7,11,12,0.6053112745285034,0.0,0.6053112745285034,10,False,50,0.7384461164474487,0.6917510032653809,0.0137549820010463,3,13
test-task07-init11,test,action_delay_3,7,11,13,0.6886141300201416,0.0,0.6886141300201416,10,False,50,0.7377485036849976,0.8148931264877319,0.01504625099914847,4,14
test-task07-init11,test,action_delay_3,7,11,14,0.6599354147911072,0.0,0.6599354147911072,10,False,50,0.6887113451957703,0.8558992147445679,0.013514435000615777,5,15
test-task07-init11,test,action_delay_3,7,11,15,0.6531387567520142,0.0,0.6531387567520142,10,False,50,0.6800298094749451,0.8104435801506042,0.01323316399975738,6,16
test-task07-init11,test,action_delay_3,7,11,16,0.6252834796905518,0.0,0.6252834796905518,10,False,50,0.670799732208252,0.7470910549163818,0.013760556999841356,7,17
test-task07-init11,test,action_delay_3,7,11,17,0.5891997218132019,0.0,0.5891997218132019,10,False,50,0.5814623832702637,0.6514041423797607,0.014152924999507377,8,18
test-task07-init11,test,action_delay_3,7,11,18,0.6180242300033569,0.0,0.6180242300033569,10,False,50,0.6365095376968384,0.6318181753158569,0.013375421000091592,9,19
test-task07-init11,test,action_delay_3,7,11,19,0.6349858641624451,0.0,0.6349858641624451,10,False,50,0.686144232749939,0.7259417772293091,0.013428182001007372,10,20
test-task07-init11,test,action_delay_3,7,11,20,0.618076741695404,0.0,0.618076741695404,10,False,50,0.6174575090408325,0.6416980028152466,0.014623301000028732,11,21
test-task07-init11,test,action_delay_3,7,11,21,0.5558202862739563,0.0,0.5558202862739563,10,False,50,0.57206791639328,0.5963507890701294,0.014673824000055902,12,22
test-task07-init11,test,action_delay_3,7,11,22,0.5819897651672363,0.0,0.5819897651672363,10,False,50,0.6439498662948608,0.5664212703704834,0.013240573000075528,13,23
test-task07-init11,test,action_delay_3,7,11,23,0.5939154624938965,0.0,0.5939154624938965,10,False,50,0.6184890270233154,0.5652832984924316,0.014006438999786042,14,24
test-task07-init11,test,action_delay_3,7,11,24,0.6073088049888611,0.0,0.6073088049888611,10,False,50,0.6207753419876099,0.5964697599411011,0.014082405999943148,15,25
test-task07-init11,test,action_delay_3,7,11,25,0.7381135821342468,0.0,0.7381135821342468,10,False,50,0.7957253456115723,0.7510509490966797,0.014071297999180388,16,26
test-task07-init11,test,action_delay_3,7,11,26,0.753298282623291,0.0,0.753298282623291,10,False,50,0.7906560897827148,0.8486384749412537,0.015279351999197388,17,27
test-task07-init11,test,action_delay_3,7,11,27,0.7753421664237976,0.0,0.7753421664237976,10,False,50,0.8476716876029968,0.9767866134643555,0.01454715500040038,18,28
test-task07-init11,test,action_delay_3,7,11,28,0.8759576678276062,0.0,0.8759576678276062,10,False,50,0.9620256423950195,1.0805739164352417,0.014149693000945263,19,29
test-task07-init11,test,action_delay_3,7,11,29,0.8106204271316528,0.0,0.8106204271316528,10,False,50,0.906650722026825,1.119065523147583,0.01380629699997371,20,30
test-task07-init11,test,action_delay_3,7,11,30,0.7551347613334656,0.0,0.7551347613334656,10,False,50,0.8474825620651245,1.1580297946929932,0.01388025199958065,21,31
test-task07-init11,test,action_delay_3,7,11,31,0.7709648013114929,0.0,0.7709648013114929,10,False,50,0.8801043033599854,1.2363618612289429,0.016090643001007265,22,32
test-task07-init11,test,action_delay_3,7,11,32,0.821104884147644,0.0,0.821104884147644,10,False,50,0.8208730220794678,1.3267145156860352,0.01370132299962279,23,33
test-task07-init11,test,action_delay_3,7,11,33,0.9042372703552246,0.0,0.9042372703552246,10,False,50,0.8691040873527527,1.590728759765625,0.01447549499971501,24,34
test-task07-init11,test,action_delay_3,7,11,34,0.9910169839859009,0.0,0.9910169839859009,10,False,50,0.8793128728866577,1.5550286769866943,0.013993107999340282,25,35
test-task07-init11,test,action_delay_3,7,11,35,1.0539910793304443,0.0,1.0539910793304443,10,False,50,0.973802924156189,1.7033284902572632,0.01386230699972657,26,36
test-task07-init11,test,action_delay_3,7,11,36,0.9227976202964783,0.0,0.9227976202964783,10,False,50,0.8722087740898132,1.5873143672943115,0.017447942998842336,27,37
test-task07-init11,test,action_delay_3,7,11,37,0.843545138835907,0.0,0.843545138835907,10,False,50,0.8278365135192871,1.5283153057098389,0.012963086999661755,28,38
test-task07-init11,test,action_delay_3,7,11,38,0.7877222895622253,0.0,0.7877222895622253,10,False,50,0.8112679719924927,1.4777783155441284,0.016311368000970106,29,39
test-task07-init11,test,action_delay_3,7,11,39,0.7478622198104858,0.0,0.7478622198104858,10,False,50,0.753555178642273,1.2855983972549438,0.013572894000390079,30,40
test-task07-init11,test,action_delay_3,7,11,40,0.728728175163269,0.0,0.728728175163269,10,False,50,0.7177971601486206,1.1113975048065186,0.01380219800012128,31,41
test-task07-init11,test,action_delay_3,7,11,41,0.6862327456474304,0.0,0.6862327456474304,10,False,50,0.6856011748313904,1.0222079753875732,0.017129969999587047,32,42
test-task07-init11,test,action_delay_3,7,11,42,0.6221041679382324,0.0,0.6221041679382324,10,False,50,0.6134345531463623,0.7587830424308777,0.014942170000722399,33,43
test-task07-init11,test,action_delay_3,7,11,43,0.5187749266624451,0.0,0.5187749266624451,10,False,50,0.5329852104187012,0.515842080116272,0.014722785001140437,34,44
test-task07-init11,test,action_delay_3,7,11,44,0.46382975578308105,0.0,0.46382975578308105,10,False,50,0.46392345428466797,0.35874152183532715,0.014315812000859296,35,45
test-task07-init11,test,action_delay_3,7,11,45,0.4543696343898773,0.0,0.4543696343898773,10,False,50,0.45276665687561035,0.32933709025382996,0.013463864999721409,36,46
test-task07-init11,test,action_delay_3,7,11,46,0.4508506953716278,0.0,0.4508506953716278,10,False,50,0.4497847557067871,0.3077065944671631,0.014639250999607611,37,47
test-task07-init11,test,action_delay_3,7,11,47,0.4607113301753998,0.0,0.4607113301753998,10,False,50,0.4668467044830322,0.33251404762268066,0.014913094999428722,38,48
test-task07-init11,test,action_delay_3,7,11,48,0.48436564207077026,0.0,0.48436564207077026,10,False,50,0.48370036482810974,0.35190433263778687,0.01322054900083458,39,49
test-task07-init11,test,action_delay_3,7,11,49,0.49336105585098267,0.0,0.49336105585098267,10,False,50,0.48370131850242615,0.3570326268672943,0.012966439999217982,40,50
test-task07-init11,test,action_delay_3,7,11,50,0.49763402342796326,0.0061047375202178955,0.49152928590774536,10,True,50,0.4795374870300293,0.3504822254180908,0.012984344000869896,41,51
test-task07-init11,test,action_delay_3,7,11,51,0.5353310704231262,0.012073338031768799,0.5232577323913574,10,True,50,0.517749547958374,0.4245491921901703,0.014051078000193229,42,52
test-task07-init11,test,action_delay_3,7,11,52,0.5069160461425781,0.020865708589553833,0.4860503375530243,10,True,50,0.4672486186027527,0.40201491117477417,0.013713628999539651,43,53
test-task07-init11,test,action_delay_3,7,11,53,0.5139554738998413,0.017237216234207153,0.49671825766563416,10,True,50,0.4818304479122162,0.37183865904808044,0.013315818998307805,44,54
test-task07-init11,test,action_delay_3,7,11,54,0.5084580779075623,0.0029047131538391113,0.5055533647537231,10,True,50,0.49225562810897827,0.439544141292572,0.019171592999555287,45,55
test-task07-init11,test,action_delay_3,7,11,55,0.5144661664962769,0.006003618240356445,0.5084625482559204,10,True,50,0.4866219162940979,0.5185283422470093,0.013667560999238049,46,56
test-task07-init11,test,action_delay_3,7,11,56,0.5095489025115967,-0.0016460418701171875,0.5111949443817139,10,True,50,0.5104622840881348,0.600395143032074,0.014936174999093055,47,57
test-task07-init11,test,action_delay_3,7,11,57,0.5593428015708923,3.7729740142822266e-05,0.5593050718307495,10,True,50,0.5807301998138428,0.6910256147384644,0.014741162998689106,48,58
test-task07-init11,test,action_delay_3,7,11,58,0.675940990447998,-0.01781672239303589,0.6937577128410339,10,True,50,0.720899760723114,0.8878588676452637,0.013517258999854675,49,59
test-task07-init11,test,action_delay_3,7,11,59,0.7185103893280029,-0.021179556846618652,0.7396899461746216,10,True,50,0.7639737129211426,0.9025048613548279,0.014255698000852135,50,60
test-task07-init11,test,action_delay_3,7,11,60,0.837328314781189,-0.025394439697265625,0.8627227544784546,10,True,50,0.904573380947113,1.0411102771759033,0.01492133899955661,51,61
test-task07-init11,test,action_delay_3,7,11,61,0.8186203837394714,-0.03333926200866699,0.8519596457481384,10,True,50,0.9569615125656128,1.167808175086975,0.014204721001078724,52,62
test-task07-init11,test,action_delay_3,7,11,62,0.7489113211631775,-0.026516377925872803,0.7754276990890503,10,True,50,0.9486762881278992,1.1846532821655273,0.014885145001244382,53,63
test-task07-init11,test,action_delay_3,7,11,63,0.6968488693237305,-0.0021257400512695312,0.698974609375,10,True,50,0.8492738604545593,1.0451867580413818,0.01307794899912551,54,64
test-task07-init11,test,action_delay_3,7,11,64,0.6591607332229614,-0.007997095584869385,0.6671578288078308,10,True,50,0.8577032089233398,1.0871543884277344,0.013323402999958489,55,65
test-task07-init11,test,action_delay_3,7,11,65,0.721392035484314,-0.010793983936309814,0.7321860194206238,10,True,50,0.8446361422538757,1.0581918954849243,0.015307086001485004,56,66
test-task07-init11,test,action_delay_3,7,11,66,0.7902474403381348,-0.009323537349700928,0.7995709776878357,10,True,50,0.8562197685241699,1.035055160522461,0.012889826999526122,57,67
test-task07-init11,test,action_delay_3,7,11,67,0.7565808296203613,-0.004932582378387451,0.7615134119987488,10,True,50,0.8081676363945007,0.961027979850769,0.013798265999866999,58,68
test-task07-init11,test,action_delay_3,7,11,68,0.7116872668266296,-0.0018517374992370605,0.7135390043258667,10,True,50,0.7602908611297607,0.7637249827384949,0.013375636999626295,59,69
test-task07-init11,test,action_delay_3,7,11,69,0.7264069318771362,-0.0014203190803527832,0.727827250957489,10,True,50,0.7406637072563171,0.7999619245529175,0.012978156000826857,60,70
test-task07-init11,test,action_delay_3,7,11,70,0.7925639152526855,-0.0013948678970336914,0.7939587831497192,10,True,50,0.8045694231987,0.833391547203064,0.013430500999675132,61,71
test-task07-init11,test,action_delay_3,7,11,71,0.7388035655021667,-0.0007173418998718262,0.7395209074020386,10,True,50,0.6987380981445312,0.7857014536857605,0.013674915000592591,62,72
test-task07-init11,test,action_delay_3,7,11,72,0.6890139579772949,0.00019818544387817383,0.6888157725334167,10,True,50,0.6768309473991394,0.8018546104431152,0.012830665998990298,63,73
test-task07-init11,test,action_delay_3,7,11,73,0.6944952011108398,0.0005849003791809082,0.6939103007316589,10,True,50,0.6828155517578125,0.7838799357414246,0.013745178999670316,64,74
test-task07-init11,test,action_delay_3,7,11,74,0.7419969439506531,0.005060672760009766,0.7369362711906433,10,True,50,0.7440872192382812,0.8216072916984558,0.013835223999194568,65,75
test-task07-init11,test,action_delay_3,7,11,75,0.7871118783950806,0.00274050235748291,0.7843713760375977,10,True,50,0.8025221824645996,0.9304072260856628,0.013908490000176243,66,76
test-task07-init11,test,action_delay_3,7,11,76,0.8639638423919678,0.004391908645629883,0.8595719337463379,10,True,50,0.8971786499023438,1.1928837299346924,0.013646157000039238,67,77
test-task07-init11,test,action_delay_3,7,11,77,0.9032546877861023,0.008059024810791016,0.8951956629753113,10,True,50,1.027764081954956,1.2610619068145752,0.0131590180008061,68,78
test-task07-init11,test,action_delay_3,7,11,78,0.8348839282989502,0.00447690486907959,0.8304070234298706,10,True,50,0.9053816199302673,1.1297991275787354,0.013614874000268173,69,79
test-task07-init11,test,action_delay_3,7,11,79,0.9485713839530945,0.00774306058883667,0.9408283233642578,10,True,50,0.9748190641403198,1.3067110776901245,0.013089658999888343,70,80
test-task07-init11,test,action_delay_3,7,11,80,0.726634681224823,-0.0020530223846435547,0.7286877036094666,10,True,50,0.7735447287559509,1.056096076965332,0.017381432000547647,71,81
test-task07-init11,test,action_delay_3,7,11,81,0.6562978625297546,-0.0043596625328063965,0.660657525062561,10,True,50,0.6392531394958496,0.9126652479171753,0.014213976999599254,72,82
test-task07-init11,test,action_delay_3,7,11,82,0.6439868211746216,-0.004055142402648926,0.6480419635772705,10,True,50,0.6703333258628845,0.7615973353385925,0.014009321001140052,73,83
test-task07-init11,test,action_delay_3,7,11,83,0.6220006346702576,-0.0065697431564331055,0.6285703778266907,10,True,50,0.6487957239151001,0.7995674014091492,0.014308690999314422,74,84
test-task07-init11,test,action_delay_3,7,11,84,0.6898416876792908,-0.007508993148803711,0.6973506808280945,10,True,50,0.6730639934539795,0.9281565546989441,0.014621103000536095,75,85
test-task07-init11,test,action_delay_3,7,11,85,0.6936166286468506,-0.0017322301864624023,0.695348858833313,10,True,50,0.6885042190551758,0.8811745643615723,0.017636601000049268,76,86
test-task07-init11,test,action_delay_3,7,11,86,0.715951681137085,-0.004618406295776367,0.7205700874328613,10,True,50,0.6869103312492371,0.8264422416687012,0.01575910700012173,77,87
test-task07-init11,test,action_delay_3,7,11,87,0.6919312477111816,-0.004062056541442871,0.6959933042526245,10,True,50,0.6723189353942871,0.8644070625305176,0.017388508000294678,78,88
test-task07-init11,test,action_delay_3,7,11,88,0.8051539659500122,-0.0036666393280029297,0.8088206052780151,10,True,50,0.784002959728241,0.9267123937606812,0.01774418999957561,79,89
test-task07-init11,test,action_delay_3,7,11,89,0.8699519038200378,-0.004838466644287109,0.874790370464325,10,True,50,0.8484298586845398,1.0686616897583008,0.014685673999338178,80,90
test-task08-init10,test,nominal,8,10,9,0.4522656202316284,0.0,0.4522656202316284,10,False,,0.5308861136436462,0.7677083015441895,0.014370611001140787,0,10
test-task08-init10,test,nominal,8,10,10,0.5424639582633972,0.0,0.5424639582633972,10,False,,0.5973047614097595,0.782751739025116,0.015520285000093281,1,11
test-task08-init10,test,nominal,8,10,11,0.5781457424163818,0.0,0.5781457424163818,10,False,,0.70164555311203,1.078500747680664,0.01587730099890905,2,12
test-task08-init10,test,nominal,8,10,12,0.7283390760421753,0.0,0.7283390760421753,10,False,,0.7974287867546082,1.012620210647583,0.01483953500064672,3,13
test-task08-init10,test,nominal,8,10,13,0.8085185885429382,0.0,0.8085185885429382,10,False,,0.8691200017929077,1.140305995941162,0.015120874000785989,4,14
test-task08-init10,test,nominal,8,10,14,0.7723814249038696,0.0,0.7723814249038696,10,False,,0.9307699203491211,1.2609444856643677,0.01647096099986811,5,15
test-task08-init10,test,nominal,8,10,15,0.6751462817192078,0.0,0.6751462817192078,10,False,,0.7354111671447754,1.2991515398025513,0.014515032000417705,6,16
test-task08-init10,test,nominal,8,10,16,0.7430596351623535,0.0,0.7430596351623535,10,False,,0.818812370300293,1.3393993377685547,0.014605305999793927,7,17
test-task08-init10,test,nominal,8,10,17,0.7813414335250854,0.0,0.7813414335250854,10,False,,0.8068946599960327,1.318307876586914,0.016250687000137987,8,18
test-task08-init10,test,nominal,8,10,18,0.6246606707572937,0.0,0.6246606707572937,10,False,,0.6502559185028076,1.2341759204864502,0.01498433399865462,9,19
test-task08-init10,test,nominal,8,10,19,0.7101267576217651,0.0,0.7101267576217651,10,False,,0.7429439425468445,1.3246935606002808,0.014945196000553551,10,20
test-task08-init10,test,nominal,8,10,20,0.5937727093696594,0.0,0.5937727093696594,10,False,,0.608981192111969,1.1482036113739014,0.014266559001043788,11,21
test-task08-init10,test,nominal,8,10,21,0.657467246055603,0.0,0.657467246055603,10,False,,0.6942369341850281,1.0882444381713867,0.013416937999863876,12,22
test-task08-init10,test,nominal,8,10,22,0.6831679344177246,0.0,0.6831679344177246,10,False,,0.687720775604248,1.2587387561798096,0.01431824699830031,13,23
test-task08-init10,test,nominal,8,10,23,0.7478663325309753,0.0,0.7478663325309753,10,False,,0.8478177785873413,1.3166338205337524,0.013271239999085083,14,24
test-task08-init10,test,nominal,8,10,24,0.8344337344169617,0.0,0.8344337344169617,10,False,,0.9530786275863647,1.4198434352874756,0.015426321000632015,15,25
test-task08-init10,test,nominal,8,10,25,0.8168354034423828,0.0,0.8168354034423828,10,False,,0.8984884023666382,1.4186885356903076,0.014396795000720886,16,26
test-task08-init10,test,nominal,8,10,26,0.8341948986053467,0.0,0.8341948986053467,10,False,,0.9288422465324402,1.3442037105560303,0.013014703999942867,17,27
test-task08-init10,test,nominal,8,10,27,0.8019811511039734,0.0,0.8019811511039734,10,False,,0.9173058867454529,1.379625678062439,0.014140796998617589,18,28
test-task08-init10,test,nominal,8,10,28,0.758190393447876,0.0,0.758190393447876,10,False,,0.8501188158988953,1.1378302574157715,0.013590758999271202,19,29
test-task08-init10,test,nominal,8,10,29,0.7298644781112671,0.0,0.7298644781112671,10,False,,0.8349165916442871,1.2651007175445557,0.01334811900051136,20,30
test-task08-init10,test,nominal,8,10,30,0.6981977224349976,0.0,0.6981977224349976,10,False,,0.751616358757019,1.0985257625579834,0.01668186599999899,21,31
test-task08-init10,test,nominal,8,10,31,0.7330078482627869,0.0,0.7330078482627869,10,False,,0.7935749292373657,1.153548002243042,0.015926328000205103,22,32
test-task08-init10,test,nominal,8,10,32,0.9381791949272156,0.0,0.9381791949272156,10,False,,0.9222943782806396,1.228164553642273,0.015163522999500856,23,33
test-task08-init10,test,nominal,8,10,33,0.9537379145622253,0.0,0.9537379145622253,10,False,,0.8965048789978027,1.1725705862045288,0.013496624000254087,24,34
test-task08-init10,test,nominal,8,10,34,1.0545510053634644,0.0,1.0545510053634644,10,False,,1.005558729171753,1.0234169960021973,0.013162335999368224,25,35
test-task08-init10,test,nominal,8,10,35,0.9983918070793152,0.0,0.9983918070793152,10,False,,1.0169720649719238,1.0684456825256348,0.015981909000402084,26,36
test-task08-init10,test,nominal,8,10,36,1.0786198377609253,0.0,1.0786198377609253,10,False,,1.0323470830917358,1.0587379932403564,0.013686993999726838,27,37
test-task08-init10,test,nominal,8,10,37,0.9570943117141724,0.0,0.9570943117141724,10,False,,0.9443504214286804,0.9912914037704468,0.01335357199968712,28,38
test-task08-init10,test,nominal,8,10,38,0.9108197689056396,0.0,0.9108197689056396,10,False,,0.9103490114212036,0.826877772808075,0.015329746000134037,29,39
test-task08-init10,test,nominal,8,10,39,0.9156150817871094,0.0,0.9156150817871094,10,False,,0.9415552020072937,0.9186431765556335,0.013352451998798642,30,40
test-task08-init10,test,nominal,8,10,40,0.8740930557250977,0.0,0.8740930557250977,10,False,,0.8830605745315552,0.8985295295715332,0.014190597999913734,31,41
test-task08-init10,test,nominal,8,10,41,0.8144327998161316,0.0,0.8144327998161316,10,False,,0.8228387832641602,0.8152422904968262,0.014730799000972183,32,42
test-task08-init10,test,nominal,8,10,42,0.7289626598358154,0.0,0.7289626598358154,10,False,,0.754483163356781,0.7023128271102905,0.013639652999700047,33,43
test-task08-init10,test,nominal,8,10,43,0.804931640625,0.0,0.804931640625,10,False,,0.8440038561820984,0.7489180564880371,0.015202175998638268,34,44
test-task08-init10,test,nominal,8,10,44,0.8679313659667969,0.0,0.8679313659667969,10,False,,0.8784517645835876,0.889714241027832,0.014705880999827059,35,45
test-task08-init10,test,nominal,8,10,45,1.0009020566940308,0.0,1.0009020566940308,10,False,,0.9213373064994812,0.9532508254051208,0.01578849399993487,36,46
test-task08-init10,test,nominal,8,10,46,1.0665688514709473,0.0,1.0665688514709473,10,False,,0.8158883452415466,1.118838906288147,0.015848361999815097,37,47
test-task08-init10,test,nominal,8,10,47,0.8653469085693359,0.0,0.8653469085693359,10,False,,0.8577499389648438,1.4310319423675537,0.015514863000134937,38,48
test-task08-init10,test,nominal,8,10,48,1.0673933029174805,0.0,1.0673933029174805,10,False,,1.133970022201538,1.6415876150131226,0.01515489900157263,39,49
test-task08-init10,test,nominal,8,10,49,1.1215131282806396,0.0,1.1215131282806396,10,False,,1.088997721672058,1.570302963256836,0.014148759999443428,40,50
test-task08-init10,test,nominal,8,10,50,0.9971599578857422,0.0,0.9971599578857422,10,False,,1.019467830657959,1.4330180883407593,0.013881987999411649,41,51
test-task08-init10,test,nominal,8,10,51,0.9155826568603516,0.0,0.9155826568603516,10,False,,0.9590400457382202,1.3020235300064087,0.01362143299957097,42,52
test-task08-init10,test,nominal,8,10,52,0.8725700378417969,0.0,0.8725700378417969,10,False,,0.882028341293335,1.2267272472381592,0.01762486900042859,43,53
test-task08-init10,test,nominal,8,10,53,0.7903351783752441,0.0,0.7903351783752441,10,False,,0.8146330714225769,1.0662236213684082,0.013241209000625531,44,54
test-task08-init10,test,nominal,8,10,54,0.8394474983215332,0.0,0.8394474983215332,10,False,,0.8082447052001953,0.9695417284965515,0.013449977999698604,45,55
test-task08-init10,test,nominal,8,10,55,0.7195396423339844,0.0,0.7195396423339844,10,False,,0.6988630294799805,0.8231617212295532,0.013244148000012501,46,56
test-task08-init10,test,nominal,8,10,56,0.8992979526519775,0.0,0.8992979526519775,10,False,,0.9260677099227905,0.7398371696472168,0.013788627000394627,47,57
test-task08-init10,test,nominal,8,10,57,0.881218433380127,0.0,0.881218433380127,10,False,,0.9694167375564575,0.7128602862358093,0.013614789999337518,48,58
test-task08-init10,test,nominal,8,10,58,0.8206906318664551,0.0,0.8206906318664551,10,False,,0.8137394785881042,0.678909957408905,0.013092884999423404,49,59
test-task08-init10,test,nominal,8,10,59,1.0015881061553955,0.0,1.0015881061553955,10,False,,0.9320306777954102,0.8820330500602722,0.013834157000019331,50,60
test-task08-init10,test,nominal,8,10,60,0.9595352411270142,0.0,0.9595352411270142,10,False,,0.8932706713676453,0.9518011808395386,0.015388900999823818,51,61
test-task08-init10,test,nominal,8,10,61,0.9010677337646484,0.0,0.9010677337646484,10,False,,0.8152403831481934,1.0250622034072876,0.017427187000066624,52,62
test-task08-init10,test,nominal,8,10,62,0.9759613871574402,0.0,0.9759613871574402,10,False,,0.8482508659362793,1.0143077373504639,0.015638762999515166,53,63
test-task08-init10,test,nominal,8,10,63,1.017182469367981,0.0,1.017182469367981,10,False,,0.8409610986709595,0.9454118609428406,0.015927319998809253,54,64
test-task08-init10,test,nominal,8,10,64,0.9986020922660828,0.0,0.9986020922660828,10,False,,0.8814897537231445,1.048411250114441,0.015268346998709603,55,65
test-task08-init10,test,nominal,8,10,65,0.75434410572052,0.0,0.75434410572052,10,False,,0.7300146818161011,0.8251597285270691,0.015806088000317686,56,66
test-task08-init10,test,nominal,8,10,66,0.637246310710907,0.0,0.637246310710907,10,False,,0.6627166271209717,1.0191800594329834,0.01470479799900204,57,67
test-task08-init10,test,nominal,8,10,67,0.5486394166946411,0.0,0.5486394166946411,10,False,,0.5782749652862549,1.0528032779693604,0.01598974099943007,58,68
test-task08-init10,test,nominal,8,10,68,0.5862718224525452,0.0,0.5862718224525452,10,False,,0.6099952459335327,0.964333713054657,0.01409127700026147,59,69
test-task08-init10,test,nominal,8,10,69,0.6265599131584167,0.0,0.6265599131584167,10,False,,0.6621005535125732,1.0326355695724487,0.013360482000280172,60,70
test-task08-init10,test,nominal,8,10,70,0.5625995397567749,0.0,0.5625995397567749,10,False,,0.5789577960968018,0.9020990133285522,0.014618111001254874,61,71
test-task08-init10,test,nominal,8,10,71,0.5487518906593323,0.0,0.5487518906593323,10,False,,0.5759948492050171,0.8464023470878601,0.01592916600020544,62,72
test-task08-init10,test,nominal,8,10,72,0.5577445030212402,0.0,0.5577445030212402,10,False,,0.5834549069404602,0.8044071197509766,0.015449349000846269,63,73
test-task08-init10,test,nominal,8,10,73,0.5443934798240662,0.0,0.5443934798240662,10,False,,0.5941510200500488,0.8079041242599487,0.015564652998364181,64,74
test-task08-init10,test,nominal,8,10,74,0.563060462474823,0.0,0.563060462474823,10,False,,0.6148907542228699,0.7834317088127136,0.01413458999923023,65,75
test-task08-init10,test,nominal,8,10,75,0.6114691495895386,0.0,0.6114691495895386,10,False,,0.6638085842132568,0.7458282709121704,0.016565023999646655,66,76
test-task08-init10,test,nominal,8,10,76,0.6293312311172485,0.0,0.6293312311172485,10,False,,0.6713827848434448,0.7740014791488647,0.016996682001263252,67,77
test-task08-init10,test,nominal,8,10,77,0.6426562666893005,0.0,0.6426562666893005,10,False,,0.6616106033325195,0.7393252849578857,0.015079130000231089,68,78
test-task08-init10,test,nominal,8,10,78,0.6008308529853821,0.0,0.6008308529853821,10,False,,0.6244743466377258,0.7705035209655762,0.015723767000963562,69,79
test-task08-init10,test,nominal,8,10,79,0.5993272662162781,0.0,0.5993272662162781,10,False,,0.5861190557479858,0.6835097670555115,0.02004027600014524,70,80
test-task08-init10,test,nominal,8,10,80,0.6091197729110718,0.0,0.6091197729110718,10,False,,0.623381495475769,0.6518215537071228,0.027532595000593574,71,81
test-task08-init10,test,nominal,8,10,81,0.6509489417076111,0.0,0.6509489417076111,10,False,,0.6320673227310181,0.6211541295051575,0.02121593199990457,72,82
test-task08-init10,test,nominal,8,10,82,0.6168036460876465,0.0,0.6168036460876465,10,False,,0.59971684217453,0.6228410005569458,0.020454464000067674,73,83
test-task08-init10,test,nominal,8,10,83,0.6476941108703613,0.0,0.6476941108703613,10,False,,0.6213103532791138,0.5949676036834717,0.017044227999576833,74,84
test-task08-init10,test,nominal,8,10,84,0.6360737681388855,0.0,0.6360737681388855,10,False,,0.5853354334831238,0.5498336553573608,0.025099266998950043,75,85
test-task08-init10,test,nominal,8,10,85,0.6095523834228516,0.0,0.6095523834228516,10,False,,0.5271968245506287,0.5063840746879578,0.020968714999980875,76,86
test-task08-init10,test,nominal,8,10,86,0.5527381896972656,0.0,0.5527381896972656,10,False,,0.48801755905151367,0.4160194396972656,0.030809775000307127,77,87
test-task08-init10,test,nominal,8,10,87,0.5568537712097168,0.0,0.5568537712097168,10,False,,0.5001646876335144,0.41977211833000183,0.018682616000660346,78,88
test-task08-init10,test,nominal,8,10,88,0.5153536796569824,0.0,0.5153536796569824,10,False,,0.4769318103790283,0.3878270089626312,0.015428845001224545,79,89
test-task08-init10,test,nominal,8,10,89,0.576857328414917,0.0,0.576857328414917,10,False,,0.5291216373443604,0.4139525294303894,0.017287594000663375,80,90
test-task08-init10,test,motion_attenuation_0p5,8,10,9,0.4522656202316284,0.0,0.4522656202316284,10,False,50,0.5308861136436462,0.7677083015441895,0.01365295700088609,0,10
test-task08-init10,test,motion_attenuation_0p5,8,10,10,0.5424639582633972,0.0,0.5424639582633972,10,False,50,0.5973047614097595,0.782751739025116,0.01391503500053659,1,11
test-task08-init10,test,motion_attenuation_0p5,8,10,11,0.5781457424163818,0.0,0.5781457424163818,10,False,50,0.70164555311203,1.078500747680664,0.01521497900102986,2,12
test-task08-init10,test,motion_attenuation_0p5,8,10,12,0.7283390760421753,0.0,0.7283390760421753,10,False,50,0.7974287867546082,1.012620210647583,0.013088666999465204,3,13
test-task08-init10,test,motion_attenuation_0p5,8,10,13,0.8085185885429382,0.0,0.8085185885429382,10,False,50,0.8691200017929077,1.140305995941162,0.016710969000996556,4,14
test-task08-init10,test,motion_attenuation_0p5,8,10,14,0.7723814249038696,0.0,0.7723814249038696,10,False,50,0.9307699203491211,1.2609444856643677,0.013799297999867122,5,15
test-task08-init10,test,motion_attenuation_0p5,8,10,15,0.6751462817192078,0.0,0.6751462817192078,10,False,50,0.7354111671447754,1.2991515398025513,0.014772722000998328,6,16
test-task08-init10,test,motion_attenuation_0p5,8,10,16,0.7430596351623535,0.0,0.7430596351623535,10,False,50,0.818812370300293,1.3393993377685547,0.013717994999751681,7,17
test-task08-init10,test,motion_attenuation_0p5,8,10,17,0.7813414335250854,0.0,0.7813414335250854,10,False,50,0.8068946599960327,1.318307876586914,0.014064375000089058,8,18
test-task08-init10,test,motion_attenuation_0p5,8,10,18,0.6246606707572937,0.0,0.6246606707572937,10,False,50,0.6502559185028076,1.2341759204864502,0.01298015599968494,9,19
test-task08-init10,test,motion_attenuation_0p5,8,10,19,0.7101267576217651,0.0,0.7101267576217651,10,False,50,0.7429439425468445,1.3246935606002808,0.0134715430012875,10,20
test-task08-init10,test,motion_attenuation_0p5,8,10,20,0.5937727093696594,0.0,0.5937727093696594,10,False,50,0.608981192111969,1.1482036113739014,0.014198373999533942,11,21
test-task08-init10,test,motion_attenuation_0p5,8,10,21,0.657467246055603,0.0,0.657467246055603,10,False,50,0.6942369341850281,1.0882444381713867,0.014182324999637785,12,22
test-task08-init10,test,motion_attenuation_0p5,8,10,22,0.6831679344177246,0.0,0.6831679344177246,10,False,50,0.687720775604248,1.2587387561798096,0.01336648299911758,13,23
test-task08-init10,test,motion_attenuation_0p5,8,10,23,0.7478663325309753,0.0,0.7478663325309753,10,False,50,0.8478177785873413,1.3166338205337524,0.015339238998421934,14,24
test-task08-init10,test,motion_attenuation_0p5,8,10,24,0.8344337344169617,0.0,0.8344337344169617,10,False,50,0.9530786275863647,1.4198434352874756,0.016838071000165655,15,25
test-task08-init10,test,motion_attenuation_0p5,8,10,25,0.8168354034423828,0.0,0.8168354034423828,10,False,50,0.8984884023666382,1.4186885356903076,0.014586567000151263,16,26
test-task08-init10,test,motion_attenuation_0p5,8,10,26,0.8341948986053467,0.0,0.8341948986053467,10,False,50,0.9288422465324402,1.3442037105560303,0.017430017998776748,17,27
test-task08-init10,test,motion_attenuation_0p5,8,10,27,0.8019811511039734,0.0,0.8019811511039734,10,False,50,0.9173058867454529,1.379625678062439,0.027984722999462974,18,28
test-task08-init10,test,motion_attenuation_0p5,8,10,28,0.758190393447876,0.0,0.758190393447876,10,False,50,0.8501188158988953,1.1378302574157715,0.014220742999896174,19,29
test-task08-init10,test,motion_attenuation_0p5,8,10,29,0.7298644781112671,0.0,0.7298644781112671,10,False,50,0.8349165916442871,1.2651007175445557,0.01459507300023688,20,30
test-task08-init10,test,motion_attenuation_0p5,8,10,30,0.6981977224349976,0.0,0.6981977224349976,10,False,50,0.751616358757019,1.0985257625579834,0.015988865001418162,21,31
test-task08-init10,test,motion_attenuation_0p5,8,10,31,0.7330078482627869,0.0,0.7330078482627869,10,False,50,0.7935749292373657,1.153548002243042,0.01493174499955785,22,32
test-task08-init10,test,motion_attenuation_0p5,8,10,32,0.9381791949272156,0.0,0.9381791949272156,10,False,50,0.9222943782806396,1.228164553642273,0.0177276089998486,23,33
test-task08-init10,test,motion_attenuation_0p5,8,10,33,0.9537379145622253,0.0,0.9537379145622253,10,False,50,0.8965048789978027,1.1725705862045288,0.022557463998964522,24,34
test-task08-init10,test,motion_attenuation_0p5,8,10,34,1.0545510053634644,0.0,1.0545510053634644,10,False,50,1.005558729171753,1.0234169960021973,0.01538205500037293,25,35
test-task08-init10,test,motion_attenuation_0p5,8,10,35,0.9983918070793152,0.0,0.9983918070793152,10,False,50,1.0169720649719238,1.0684456825256348,0.014278888000262668,26,36
test-task08-init10,test,motion_attenuation_0p5,8,10,36,1.0786198377609253,0.0,1.0786198377609253,10,False,50,1.0323470830917358,1.0587379932403564,0.015878995998718892,27,37
test-task08-init10,test,motion_attenuation_0p5,8,10,37,0.9570943117141724,0.0,0.9570943117141724,10,False,50,0.9443504214286804,0.9912914037704468,0.013687762000699877,28,38
test-task08-init10,test,motion_attenuation_0p5,8,10,38,0.9108197689056396,0.0,0.9108197689056396,10,False,50,0.9103490114212036,0.826877772808075,0.01441411199994036,29,39
test-task08-init10,test,motion_attenuation_0p5,8,10,39,0.9156150817871094,0.0,0.9156150817871094,10,False,50,0.9415552020072937,0.9186431765556335,0.013151490000382182,30,40
test-task08-init10,test,motion_attenuation_0p5,8,10,40,0.8740930557250977,0.0,0.8740930557250977,10,False,50,0.8830605745315552,0.8985295295715332,0.017013167998811696,31,41
test-task08-init10,test,motion_attenuation_0p5,8,10,41,0.8144327998161316,0.0,0.8144327998161316,10,False,50,0.8228387832641602,0.8152422904968262,0.019720651998795802,32,42
test-task08-init10,test,motion_attenuation_0p5,8,10,42,0.7289626598358154,0.0,0.7289626598358154,10,False,50,0.754483163356781,0.7023128271102905,0.013736085000346065,33,43
test-task08-init10,test,motion_attenuation_0p5,8,10,43,0.804931640625,0.0,0.804931640625,10,False,50,0.8440038561820984,0.7489180564880371,0.014012610999998287,34,44
test-task08-init10,test,motion_attenuation_0p5,8,10,44,0.8679313659667969,0.0,0.8679313659667969,10,False,50,0.8784517645835876,0.889714241027832,0.013098503000946948,35,45
test-task08-init10,test,motion_attenuation_0p5,8,10,45,1.0009020566940308,0.0,1.0009020566940308,10,False,50,0.9213373064994812,0.9532508254051208,0.019106469999314868,36,46
test-task08-init10,test,motion_attenuation_0p5,8,10,46,1.0665688514709473,0.0,1.0665688514709473,10,False,50,0.8158883452415466,1.118838906288147,0.01677022600051714,37,47
test-task08-init10,test,motion_attenuation_0p5,8,10,47,0.8653469085693359,0.0,0.8653469085693359,10,False,50,0.8577499389648438,1.4310319423675537,0.014727939998920192,38,48
test-task08-init10,test,motion_attenuation_0p5,8,10,48,1.0673933029174805,0.0,1.0673933029174805,10,False,50,1.133970022201538,1.6415876150131226,0.013984004999656463,39,49
test-task08-init10,test,motion_attenuation_0p5,8,10,49,1.1215131282806396,0.0,1.1215131282806396,10,False,50,1.088997721672058,1.570302963256836,0.013479650999215664,40,50
test-task08-init10,test,motion_attenuation_0p5,8,10,50,0.9782773852348328,0.004460155963897705,0.9738172292709351,10,True,50,1.002458930015564,1.450890302658081,0.013420245000816067,41,51
test-task08-init10,test,motion_attenuation_0p5,8,10,51,0.911767840385437,0.0009216070175170898,0.9108462333679199,10,True,50,0.9663772583007812,1.311049222946167,0.014337417000206187,42,52
test-task08-init10,test,motion_attenuation_0p5,8,10,52,0.9091839790344238,-0.005808353424072266,0.9149923324584961,10,True,50,0.9207789301872253,1.2977864742279053,0.015930867000861326,43,53
test-task08-init10,test,motion_attenuation_0p5,8,10,53,0.8293218016624451,-0.0026622414588928223,0.8319840431213379,10,True,50,0.8446735143661499,1.1428526639938354,0.013696244999664486,44,54
test-task08-init10,test,motion_attenuation_0p5,8,10,54,0.8864261507987976,-0.0034626126289367676,0.8898887634277344,10,True,50,0.8545669317245483,1.037600040435791,0.014868005000607809,45,55
test-task08-init10,test,motion_attenuation_0p5,8,10,55,0.8040661215782166,0.0004451274871826172,0.8036209940910339,10,True,50,0.7939515113830566,0.8456878662109375,0.013513003999833018,46,56
test-task08-init10,test,motion_attenuation_0p5,8,10,56,0.7289151549339294,0.005014240741729736,0.7239009141921997,10,True,50,0.7293325662612915,0.591640830039978,0.01390849299968977,47,57
test-task08-init10,test,motion_attenuation_0p5,8,10,57,0.725580096244812,0.023584067821502686,0.7019960284233093,10,True,50,0.8067569732666016,0.5401999354362488,0.0185191720011062,48,58
test-task08-init10,test,motion_attenuation_0p5,8,10,58,0.9109150767326355,0.030999958515167236,0.8799151182174683,10,True,50,0.8988112211227417,0.6296708583831787,0.013591334000011557,49,59
test-task08-init10,test,motion_attenuation_0p5,8,10,59,0.9421119689941406,0.049795448780059814,0.8923165202140808,10,True,50,0.8780295848846436,0.7490328550338745,0.015557341999738128,50,60
test-task08-init10,test,motion_attenuation_0p5,8,10,60,1.0183289051055908,0.05574464797973633,0.9625842571258545,10,True,50,0.9517949819564819,0.7771574854850769,0.013615018999189488,51,61
test-task08-init10,test,motion_attenuation_0p5,8,10,61,1.026665449142456,0.06962120532989502,0.957044243812561,10,True,50,0.926827609539032,0.766915500164032,0.013945779999630759,52,62
test-task08-init10,test,motion_attenuation_0p5,8,10,62,1.1039884090423584,0.07309389114379883,1.0308945178985596,10,True,50,1.000063419342041,0.7933666706085205,0.013483910999639193,53,63
test-task08-init10,test,motion_attenuation_0p5,8,10,63,1.0745209455490112,0.0833357572555542,0.991185188293457,10,True,50,0.9413945078849792,0.8007318377494812,0.01970099899881461,54,64
test-task08-init10,test,motion_attenuation_0p5,8,10,64,0.9596585035324097,0.0720590353012085,0.8875994682312012,10,True,50,0.8796091079711914,0.7638162970542908,0.015967737999744713,55,65
test-task08-init10,test,motion_attenuation_0p5,8,10,65,0.9662456512451172,0.14009523391723633,0.8261504173278809,10,True,50,0.8385747671127319,0.6698355674743652,0.015064089000588865,56,66
test-task08-init10,test,motion_attenuation_0p5,8,10,66,0.8248631358146667,0.08174258470535278,0.743120551109314,10,True,50,0.7330219149589539,0.4849138855934143,0.01430638100100623,57,67
test-task08-init10,test,motion_attenuation_0p5,8,10,67,0.8525536060333252,0.11908066272735596,0.7334729433059692,10,True,50,0.7824457883834839,0.4400118291378021,0.014297403000455233,58,68
test-task08-init10,test,motion_attenuation_0p5,8,10,68,0.7405165433883667,0.07444024085998535,0.6660763025283813,10,True,50,0.6865490674972534,0.5220230221748352,0.014141888001176994,59,69
test-task08-init10,test,motion_attenuation_0p5,8,10,69,0.715676486492157,0.06639522314071655,0.6492812633514404,10,True,50,0.6825658679008484,0.47934210300445557,0.018377790998783894,60,70
test-task08-init10,test,motion_attenuation_0p5,8,10,70,0.7502989768981934,0.0795183777809143,0.670780599117279,10,True,50,0.7072705030441284,0.6227662563323975,0.013396013999226852,61,71
test-task08-init10,test,motion_attenuation_0p5,8,10,71,0.7142645120620728,0.04621809720993042,0.6680464148521423,10,True,50,0.6896322965621948,0.5959380865097046,0.016435540001111804,62,72
test-task08-init10,test,motion_attenuation_0p5,8,10,72,0.7434720993041992,0.0692186951637268,0.6742534041404724,10,True,50,0.7165685892105103,0.6513200998306274,0.013027949000388617,63,73
test-task08-init10,test,motion_attenuation_0p5,8,10,73,0.7257800102233887,0.05015707015991211,0.6756229400634766,10,True,50,0.7018368244171143,0.7314903140068054,0.016019458998925984,64,74
test-task08-init10,test,motion_attenuation_0p5,8,10,74,0.6999905109405518,0.05932807922363281,0.640662431716919,10,True,50,0.6552581191062927,0.7199844121932983,0.013575958999354043,65,75
test-task08-init10,test,motion_attenuation_0p5,8,10,75,0.6444118618965149,0.03836703300476074,0.6060448288917542,10,True,50,0.636483371257782,0.794102668762207,0.016179645999727654,66,76
test-task08-init10,test,motion_attenuation_0p5,8,10,76,0.6102243661880493,0.022679686546325684,0.5875446796417236,10,True,50,0.6013721823692322,0.7115879058837891,0.01970388100016862,67,77
test-task08-init10,test,motion_attenuation_0p5,8,10,77,0.6351563930511475,0.047936201095581055,0.5872201919555664,10,True,50,0.595858097076416,0.7132130861282349,0.017468904001361807,68,78
test-task08-init10,test,motion_attenuation_0p5,8,10,78,0.6023097038269043,0.03337252140045166,0.5689371824264526,10,True,50,0.6071063280105591,0.6901839971542358,0.014310406999356928,69,79
test-task08-init10,test,motion_attenuation_0p5,8,10,79,0.5745593309402466,0.018785417079925537,0.555773913860321,10,True,50,0.564401388168335,0.6549314260482788,0.014370693001183099,70,80
test-task08-init10,test,motion_attenuation_0p5,8,10,80,0.5304428339004517,0.02820885181427002,0.5022339820861816,10,True,50,0.4996623694896698,0.6017043590545654,0.014107651000813348,71,81
test-task08-init10,test,motion_attenuation_0p5,8,10,81,0.472788542509079,0.0277254581451416,0.4450630843639374,10,True,50,0.4765964448451996,0.5537965297698975,0.017838894000306027,72,82
test-task08-init10,test,motion_attenuation_0p5,8,10,82,0.48416170477867126,0.023425906896591187,0.4607357978820801,10,True,50,0.4816637635231018,0.6101247072219849,0.013549712999520125,73,83
test-task08-init10,test,motion_attenuation_0p5,8,10,83,0.46728381514549255,0.020550161600112915,0.44673365354537964,10,True,50,0.4716953933238983,0.5718743801116943,0.014248625000618631,74,84
test-task08-init10,test,motion_attenuation_0p5,8,10,84,0.4941910207271576,0.012609720230102539,0.48158130049705505,10,True,50,0.47856831550598145,0.5771459341049194,0.014009149999765214,75,85
test-task08-init10,test,motion_attenuation_0p5,8,10,85,0.5254068970680237,0.014004290103912354,0.5114026069641113,10,True,50,0.5035688877105713,0.5420454144477844,0.013887051998608513,76,86
test-task08-init10,test,motion_attenuation_0p5,8,10,86,0.5131985545158386,-0.0003554224967956543,0.5135539770126343,10,True,50,0.5118854641914368,0.5192670226097107,0.014114329000221915,77,87
test-task08-init10,test,motion_attenuation_0p5,8,10,87,0.5367123484611511,-0.004366457462310791,0.5410788059234619,10,True,50,0.5187731981277466,0.5370186567306519,0.015277496000635438,78,88
test-task08-init10,test,motion_attenuation_0p5,8,10,88,0.5376594066619873,-0.004948258399963379,0.5426076650619507,10,True,50,0.5131409764289856,0.5425728559494019,0.013115158000800875,79,89
test-task08-init10,test,motion_attenuation_0p5,8,10,89,0.533073365688324,-0.005339086055755615,0.5384124517440796,10,True,50,0.48492416739463806,0.4693499505519867,0.013516887000150746,80,90
test-task08-init10,test,action_delay_3,8,10,9,0.4522656202316284,0.0,0.4522656202316284,10,False,50,0.5308861136436462,0.7677083015441895,0.015151870000408962,0,10
test-task08-init10,test,action_delay_3,8,10,10,0.5424639582633972,0.0,0.5424639582633972,10,False,50,0.5973047614097595,0.782751739025116,0.018737729998974828,1,11
test-task08-init10,test,action_delay_3,8,10,11,0.5781457424163818,0.0,0.5781457424163818,10,False,50,0.70164555311203,1.078500747680664,0.013841044999935548,2,12
test-task08-init10,test,action_delay_3,8,10,12,0.7283390760421753,0.0,0.7283390760421753,10,False,50,0.7974287867546082,1.012620210647583,0.013435134998871945,3,13
test-task08-init10,test,action_delay_3,8,10,13,0.8085185885429382,0.0,0.8085185885429382,10,False,50,0.8691200017929077,1.140305995941162,0.014721161000124994,4,14
test-task08-init10,test,action_delay_3,8,10,14,0.7723814249038696,0.0,0.7723814249038696,10,False,50,0.9307699203491211,1.2609444856643677,0.01893017200018221,5,15
test-task08-init10,test,action_delay_3,8,10,15,0.6751462817192078,0.0,0.6751462817192078,10,False,50,0.7354111671447754,1.2991515398025513,0.029135441000107676,6,16
test-task08-init10,test,action_delay_3,8,10,16,0.7430596351623535,0.0,0.7430596351623535,10,False,50,0.818812370300293,1.3393993377685547,0.014682814999105176,7,17
test-task08-init10,test,action_delay_3,8,10,17,0.7813414335250854,0.0,0.7813414335250854,10,False,50,0.8068946599960327,1.318307876586914,0.01525572600075975,8,18
test-task08-init10,test,action_delay_3,8,10,18,0.6246606707572937,0.0,0.6246606707572937,10,False,50,0.6502559185028076,1.2341759204864502,0.01606231699952332,9,19
test-task08-init10,test,action_delay_3,8,10,19,0.7101267576217651,0.0,0.7101267576217651,10,False,50,0.7429439425468445,1.3246935606002808,0.013870091001081164,10,20
test-task08-init10,test,action_delay_3,8,10,20,0.5937727093696594,0.0,0.5937727093696594,10,False,50,0.608981192111969,1.1482036113739014,0.014552964999893447,11,21
test-task08-init10,test,action_delay_3,8,10,21,0.657467246055603,0.0,0.657467246055603,10,False,50,0.6942369341850281,1.0882444381713867,0.015151073999732034,12,22
test-task08-init10,test,action_delay_3,8,10,22,0.6831679344177246,0.0,0.6831679344177246,10,False,50,0.687720775604248,1.2587387561798096,0.015793024000231526,13,23
test-task08-init10,test,action_delay_3,8,10,23,0.7478663325309753,0.0,0.7478663325309753,10,False,50,0.8478177785873413,1.3166338205337524,0.01418842000020959,14,24
test-task08-init10,test,action_delay_3,8,10,24,0.8344337344169617,0.0,0.8344337344169617,10,False,50,0.9530786275863647,1.4198434352874756,0.015915231000690255,15,25
test-task08-init10,test,action_delay_3,8,10,25,0.8168354034423828,0.0,0.8168354034423828,10,False,50,0.8984884023666382,1.4186885356903076,0.015389113001219812,16,26
test-task08-init10,test,action_delay_3,8,10,26,0.8341948986053467,0.0,0.8341948986053467,10,False,50,0.9288422465324402,1.3442037105560303,0.016897830000743852,17,27
test-task08-init10,test,action_delay_3,8,10,27,0.8019811511039734,0.0,0.8019811511039734,10,False,50,0.9173058867454529,1.379625678062439,0.014397195000128704,18,28
test-task08-init10,test,action_delay_3,8,10,28,0.758190393447876,0.0,0.758190393447876,10,False,50,0.8501188158988953,1.1378302574157715,0.013954154999737511,19,29
test-task08-init10,test,action_delay_3,8,10,29,0.7298644781112671,0.0,0.7298644781112671,10,False,50,0.8349165916442871,1.2651007175445557,0.013578002999565797,20,30
test-task08-init10,test,action_delay_3,8,10,30,0.6981977224349976,0.0,0.6981977224349976,10,False,50,0.751616358757019,1.0985257625579834,0.014340254998387536,21,31
test-task08-init10,test,action_delay_3,8,10,31,0.7330078482627869,0.0,0.7330078482627869,10,False,50,0.7935749292373657,1.153548002243042,0.016245227998297196,22,32
test-task08-init10,test,action_delay_3,8,10,32,0.9381791949272156,0.0,0.9381791949272156,10,False,50,0.9222943782806396,1.228164553642273,0.014154865000818972,23,33
test-task08-init10,test,action_delay_3,8,10,33,0.9537379145622253,0.0,0.9537379145622253,10,False,50,0.8965048789978027,1.1725705862045288,0.023734055999739212,24,34
test-task08-init10,test,action_delay_3,8,10,34,1.0545510053634644,0.0,1.0545510053634644,10,False,50,1.005558729171753,1.0234169960021973,0.01481577400045353,25,35
test-task08-init10,test,action_delay_3,8,10,35,0.9983918070793152,0.0,0.9983918070793152,10,False,50,1.0169720649719238,1.0684456825256348,0.013414352999461698,26,36
test-task08-init10,test,action_delay_3,8,10,36,1.0786198377609253,0.0,1.0786198377609253,10,False,50,1.0323470830917358,1.0587379932403564,0.01410088100055873,27,37
test-task08-init10,test,action_delay_3,8,10,37,0.9570943117141724,0.0,0.9570943117141724,10,False,50,0.9443504214286804,0.9912914037704468,0.02110674200048379,28,38
test-task08-init10,test,action_delay_3,8,10,38,0.9108197689056396,0.0,0.9108197689056396,10,False,50,0.9103490114212036,0.826877772808075,0.014002136998897186,29,39
test-task08-init10,test,action_delay_3,8,10,39,0.9156150817871094,0.0,0.9156150817871094,10,False,50,0.9415552020072937,0.9186431765556335,0.013880139998946106,30,40
test-task08-init10,test,action_delay_3,8,10,40,0.8740930557250977,0.0,0.8740930557250977,10,False,50,0.8830605745315552,0.8985295295715332,0.013867645000573248,31,41
test-task08-init10,test,action_delay_3,8,10,41,0.8144327998161316,0.0,0.8144327998161316,10,False,50,0.8228387832641602,0.8152422904968262,0.014662954999948852,32,42
test-task08-init10,test,action_delay_3,8,10,42,0.7289626598358154,0.0,0.7289626598358154,10,False,50,0.754483163356781,0.7023128271102905,0.020510451000518515,33,43
test-task08-init10,test,action_delay_3,8,10,43,0.804931640625,0.0,0.804931640625,10,False,50,0.8440038561820984,0.7489180564880371,0.014657097999588586,34,44
test-task08-init10,test,action_delay_3,8,10,44,0.8679313659667969,0.0,0.8679313659667969,10,False,50,0.8784517645835876,0.889714241027832,0.01566212599936989,35,45
test-task08-init10,test,action_delay_3,8,10,45,1.0009020566940308,0.0,1.0009020566940308,10,False,50,0.9213373064994812,0.9532508254051208,0.014225351998902624,36,46
test-task08-init10,test,action_delay_3,8,10,46,1.0665688514709473,0.0,1.0665688514709473,10,False,50,0.8158883452415466,1.118838906288147,0.022887274999447982,37,47
test-task08-init10,test,action_delay_3,8,10,47,0.8653469085693359,0.0,0.8653469085693359,10,False,50,0.8577499389648438,1.4310319423675537,0.014484085000731284,38,48
test-task08-init10,test,action_delay_3,8,10,48,1.0673933029174805,0.0,1.0673933029174805,10,False,50,1.133970022201538,1.6415876150131226,0.014689595998788718,39,49
test-task08-init10,test,action_delay_3,8,10,49,1.1215131282806396,0.0,1.1215131282806396,10,False,50,1.088997721672058,1.570302963256836,0.0311625609992916,40,50
test-task08-init10,test,action_delay_3,8,10,50,0.9629772901535034,-0.03988850116729736,1.0028657913208008,10,True,50,0.9840010404586792,1.4072532653808594,0.013872077000996796,41,51
test-task08-init10,test,action_delay_3,8,10,51,0.9550279974937439,-0.04448360204696655,0.9995115995407104,10,True,50,0.9944003820419312,1.2915433645248413,0.01712865499939653,42,52
test-task08-init10,test,action_delay_3,8,10,52,0.9197343587875366,0.03127831220626831,0.8884560465812683,10,True,50,0.9246448278427124,1.266561508178711,0.015145939998546964,43,53
test-task08-init10,test,action_delay_3,8,10,53,0.8937582969665527,0.013781428337097168,0.8799768686294556,10,True,50,0.9045345187187195,1.1441887617111206,0.013961196000309428,44,54
test-task08-init10,test,action_delay_3,8,10,54,0.8033930659294128,0.043979644775390625,0.7594134211540222,10,True,50,0.7705385684967041,0.9450016021728516,0.01368566899873258,45,55
test-task08-init10,test,action_delay_3,8,10,55,0.8351079225540161,0.060982465744018555,0.7741254568099976,10,True,50,0.8092430830001831,0.8730874061584473,0.015616284001225722,46,56
test-task08-init10,test,action_delay_3,8,10,56,0.7682546377182007,0.0488666296005249,0.7193880081176758,10,True,50,0.7608935236930847,0.6669753789901733,0.0151971630002663,47,57
test-task08-init10,test,action_delay_3,8,10,57,0.7526347041130066,0.02963113784790039,0.7230035662651062,10,True,50,0.7741567492485046,0.6473251581192017,0.016265902000668575,48,58
test-task08-init10,test,action_delay_3,8,10,58,0.7535165548324585,0.06867575645446777,0.6848407983779907,10,True,50,0.7166308760643005,0.5808588266372681,0.01485385399973893,49,59
test-task08-init10,test,action_delay_3,8,10,59,0.8915668725967407,0.08901309967041016,0.8025537729263306,10,True,50,0.8088734149932861,0.7314555048942566,0.021623987000566558,50,60
test-task08-init10,test,action_delay_3,8,10,60,0.788425624370575,0.046225547790527344,0.7422000765800476,10,True,50,0.7272235751152039,0.706190288066864,0.025189807000060682,51,61
test-task08-init10,test,action_delay_3,8,10,61,0.9162347316741943,0.04904663562774658,0.8671880960464478,10,True,50,0.8413095474243164,0.8769468069076538,0.02455175000068266,52,62
test-task08-init10,test,action_delay_3,8,10,62,0.9042488932609558,0.026627719402313232,0.8776211738586426,10,True,50,0.8368816375732422,0.8927952647209167,0.013352028001463623,53,63
test-task08-init10,test,action_delay_3,8,10,63,0.9375782012939453,0.05486804246902466,0.8827101588249207,10,True,50,0.8699226379394531,0.9087368845939636,0.014966315999117796,54,64
test-task08-init10,test,action_delay_3,8,10,64,0.917877197265625,0.03604090213775635,0.8818362951278687,10,True,50,0.8214094042778015,0.8161488771438599,0.015485440999327693,55,65
test-task08-init10,test,action_delay_3,8,10,65,0.9213621020317078,0.043192923069000244,0.8781691789627075,10,True,50,0.8184590339660645,0.8693692684173584,0.015360139999756939,56,66
test-task08-init10,test,action_delay_3,8,10,66,0.8775832653045654,0.03221786022186279,0.8453654050827026,10,True,50,0.8089179396629333,0.6768924593925476,0.013339655999516253,57,67
test-task08-init10,test,action_delay_3,8,10,67,0.9640946388244629,0.033670663833618164,0.9304239749908447,10,True,50,0.8683595657348633,0.6997108459472656,0.013491157000316889,58,68
test-task08-init10,test,action_delay_3,8,10,68,0.9015538692474365,0.03181105852127075,0.8697428107261658,10,True,50,0.7664522528648376,0.6365081667900085,0.018066765000185114,59,69
test-task08-init10,test,action_delay_3,8,10,69,0.7984992861747742,0.021935760974884033,0.7765635251998901,10,True,50,0.754228949546814,0.6865152716636658,0.01343168799940031,60,70
test-task08-init10,test,action_delay_3,8,10,70,0.8736006617546082,0.017875194549560547,0.8557254672050476,10,True,50,0.8184511065483093,0.6091334819793701,0.021598994000669336,61,71
test-task08-init10,test,action_delay_3,8,10,71,0.826850175857544,0.011359453201293945,0.81549072265625,10,True,50,0.8044061660766602,0.7756009101867676,0.0148870140001236,62,72
test-task08-init10,test,action_delay_3,8,10,72,0.670078694820404,0.01814723014831543,0.6519314646720886,10,True,50,0.6610154509544373,0.6621455550193787,0.014865847999317339,63,73
test-task08-init10,test,action_delay_3,8,10,73,0.7035538554191589,0.014578580856323242,0.6889752745628357,10,True,50,0.7288281917572021,0.731036901473999,0.014841029000308481,64,74
test-task08-init10,test,action_delay_3,8,10,74,0.5825795531272888,0.007524549961090088,0.5750550031661987,10,True,50,0.6179114580154419,0.8116601705551147,0.013425127999653341,65,75
test-task08-init10,test,action_delay_3,8,10,75,0.5716478228569031,0.002500474452972412,0.5691473484039307,10,True,50,0.6178280711174011,0.7755147814750671,0.020064574000571156,66,76
test-task08-init10,test,action_delay_3,8,10,76,0.5656351447105408,-0.000976264476776123,0.5666114091873169,10,True,50,0.6227606534957886,0.8518947958946228,0.016712087999621872,67,77
test-task08-init10,test,action_delay_3,8,10,77,0.6105874180793762,-0.00430983304977417,0.6148972511291504,10,True,50,0.6738199591636658,0.9603294134140015,0.015452481999091106,68,78
test-task08-init10,test,action_delay_3,8,10,78,0.6911716461181641,-0.01071178913116455,0.7018834352493286,10,True,50,0.7297064065933228,0.9304807186126709,0.014806114999373676,69,79
test-task08-init10,test,action_delay_3,8,10,79,0.6611811518669128,-0.012135505676269531,0.6733166575431824,10,True,50,0.6712521314620972,0.8325905799865723,0.014710544999616104,70,80
test-task08-init10,test,action_delay_3,8,10,80,0.6604814529418945,-0.0036461353302001953,0.6641275882720947,10,True,50,0.6624866724014282,0.9266440272331238,0.0138423389998934,71,81
test-task08-init10,test,action_delay_3,8,10,81,0.6815215945243835,-0.005417346954345703,0.6869389414787292,10,True,50,0.6805478930473328,0.7423433661460876,0.01840917499976058,72,82
test-task08-init10,test,action_delay_3,8,10,82,0.6415759921073914,0.0022431015968322754,0.6393328905105591,10,True,50,0.6317508220672607,0.7648775577545166,0.013478205000865273,73,83
test-task08-init10,test,action_delay_3,8,10,83,0.6741117238998413,0.010697722434997559,0.6634140014648438,10,True,50,0.6291623115539551,0.714066743850708,0.014573751999705564,74,84
test-task08-init10,test,action_delay_3,8,10,84,0.6553741693496704,0.013163089752197266,0.6422110795974731,10,True,50,0.6299632787704468,0.5609440803527832,0.016831826000270667,75,85
test-task08-init10,test,action_delay_3,8,10,85,0.6300236582756042,0.0068132877349853516,0.6232103705406189,10,True,50,0.6061170697212219,0.5716578364372253,0.01418527099849598,76,86
test-task08-init10,test,action_delay_3,8,10,86,0.6155085563659668,0.012672960758209229,0.6028355956077576,10,True,50,0.5990124940872192,0.5908154845237732,0.013250037000034354,77,87
test-task08-init10,test,action_delay_3,8,10,87,0.631607174873352,0.01056206226348877,0.6210451126098633,10,True,50,0.6254496574401855,0.5941847562789917,0.014881758999763406,78,88
test-task08-init10,test,action_delay_3,8,10,88,0.7031326293945312,0.014989376068115234,0.688143253326416,10,True,50,0.63334721326828,0.6121149063110352,0.014194442999723833,79,89
test-task08-init10,test,action_delay_3,8,10,89,0.6017078757286072,0.020883381366729736,0.5808244943618774,10,True,50,0.5676783919334412,0.5444093942642212,0.013761612999587669,80,90
test-task08-init23,test,nominal,8,23,9,0.5471096038818359,0.0,0.5471096038818359,10,False,,0.5742754936218262,0.8278958201408386,0.020727048999106046,0,10
test-task08-init23,test,nominal,8,23,10,0.600825309753418,0.0,0.600825309753418,10,False,,0.6646581888198853,0.8933113813400269,0.015019512000435498,1,11
test-task08-init23,test,nominal,8,23,11,0.6922777891159058,0.0,0.6922777891159058,10,False,,0.7933933138847351,1.053877830505371,0.015106172999367118,2,12
test-task08-init23,test,nominal,8,23,12,0.6619184017181396,0.0,0.6619184017181396,10,False,,0.7260258197784424,1.1065101623535156,0.014068619999306975,3,13
test-task08-init23,test,nominal,8,23,13,0.6961540579795837,0.0,0.6961540579795837,10,False,,0.7253808975219727,1.1210291385650635,0.016235238001172547,4,14
test-task08-init23,test,nominal,8,23,14,0.6809019446372986,0.0,0.6809019446372986,10,False,,0.6885478496551514,1.23079514503479,0.013559852999605937,5,15
test-task08-init23,test,nominal,8,23,15,0.7386066317558289,0.0,0.7386066317558289,10,False,,0.7649768590927124,1.3186748027801514,0.015522597001108807,6,16
test-task08-init23,test,nominal,8,23,16,0.6967597007751465,0.0,0.6967597007751465,10,False,,0.729494571685791,1.2823117971420288,0.018010684001637856,7,17
test-task08-init23,test,nominal,8,23,17,0.625214695930481,0.0,0.625214695930481,10,False,,0.6361515522003174,1.2940635681152344,0.01597895799932303,8,18
test-task08-init23,test,nominal,8,23,18,0.6264083385467529,0.0,0.6264083385467529,10,False,,0.6188334226608276,1.305727481842041,0.014815513999565155,9,19
test-task08-init23,test,nominal,8,23,19,0.6104945540428162,0.0,0.6104945540428162,10,False,,0.665745198726654,1.1517698764801025,0.014628278999225586,10,20
test-task08-init23,test,nominal,8,23,20,0.618263304233551,0.0,0.618263304233551,10,False,,0.5966246724128723,1.148033618927002,0.01587681499950122,11,21
test-task08-init23,test,nominal,8,23,21,0.7396366000175476,0.0,0.7396366000175476,10,False,,0.7440068125724792,1.3476399183273315,0.018798854000124265,12,22
test-task08-init23,test,nominal,8,23,22,0.7026174068450928,0.0,0.7026174068450928,10,False,,0.7349063754081726,1.3283774852752686,0.014100513000812498,13,23
test-task08-init23,test,nominal,8,23,23,0.6195806860923767,0.0,0.6195806860923767,10,False,,0.6335604786872864,1.1766365766525269,0.015903932000583154,14,24
test-task08-init23,test,nominal,8,23,24,0.725234866142273,0.0,0.725234866142273,10,False,,0.746941089630127,1.2850391864776611,0.02769527499913238,15,25
test-task08-init23,test,nominal,8,23,25,0.6822077631950378,0.0,0.6822077631950378,10,False,,0.7292112112045288,1.4340629577636719,0.018234024000776117,16,26
test-task08-init23,test,nominal,8,23,26,0.719451904296875,0.0,0.719451904296875,10,False,,0.7592917680740356,1.300254225730896,0.014603472000089823,17,27
test-task08-init23,test,nominal,8,23,27,0.8105529546737671,0.0,0.8105529546737671,10,False,,0.8281134366989136,1.282639503479004,0.022487704000013764,18,28
test-task08-init23,test,nominal,8,23,28,0.7514694929122925,0.0,0.7514694929122925,10,False,,0.8640715479850769,1.1951236724853516,0.015114874000573764,19,29
test-task08-init23,test,nominal,8,23,29,0.7451715469360352,0.0,0.7451715469360352,10,False,,0.7827603220939636,1.1902070045471191,0.01451680500031216,20,30
test-task08-init23,test,nominal,8,23,30,0.7984687685966492,0.0,0.7984687685966492,10,False,,0.8636094331741333,1.0586793422698975,0.017468649999500485,21,31
test-task08-init23,test,nominal,8,23,31,0.924750030040741,0.0,0.924750030040741,10,False,,0.9520262479782104,1.1133884191513062,0.014319732999865664,22,32
test-task08-init23,test,nominal,8,23,32,0.9691950082778931,0.0,0.9691950082778931,10,False,,0.9787434935569763,1.1602520942687988,0.015937177999148844,23,33
test-task08-init23,test,nominal,8,23,33,0.9667774438858032,0.0,0.9667774438858032,10,False,,0.8938405513763428,1.1467714309692383,0.01581818999875395,24,34
test-task08-init23,test,nominal,8,23,34,0.8339821696281433,0.0,0.8339821696281433,10,False,,0.7844821214675903,1.0506069660186768,0.017632327999308472,25,35
test-task08-init23,test,nominal,8,23,35,0.8488068580627441,0.0,0.8488068580627441,10,False,,0.7462479472160339,0.9712161421775818,0.022381318998668576,26,36
test-task08-init23,test,nominal,8,23,36,0.80674809217453,0.0,0.80674809217453,10,False,,0.763249397277832,1.019294023513794,0.019665236000946607,27,37
test-task08-init23,test,nominal,8,23,37,0.9524753093719482,0.0,0.9524753093719482,10,False,,0.8662194013595581,1.0536792278289795,0.018555642000137595,28,38
test-task08-init23,test,nominal,8,23,38,0.8322295546531677,0.0,0.8322295546531677,10,False,,0.7814763784408569,0.9614862203598022,0.013979842000480858,29,39
test-task08-init23,test,nominal,8,23,39,0.7322511076927185,0.0,0.7322511076927185,10,False,,0.7073681354522705,0.9057530164718628,0.017597512000065763,30,40
test-task08-init23,test,nominal,8,23,40,0.6586952805519104,0.0,0.6586952805519104,10,False,,0.6717052459716797,0.9461902379989624,0.022096382001109305,31,41
test-task08-init23,test,nominal,8,23,41,0.7093669176101685,0.0,0.7093669176101685,10,False,,0.7749900817871094,0.8887772560119629,0.015311430999645381,32,42
test-task08-init23,test,nominal,8,23,42,0.7402681112289429,0.0,0.7402681112289429,10,False,,0.8081244230270386,0.9218591451644897,0.013802752999254153,33,43
test-task08-init23,test,nominal,8,23,43,0.8061766624450684,0.0,0.8061766624450684,10,False,,0.8791927099227905,0.8898398280143738,0.013759911000306602,34,44
test-task08-init23,test,nominal,8,23,44,0.7432689666748047,0.0,0.7432689666748047,10,False,,0.7956273555755615,0.8636025786399841,0.015305636999983108,35,45
test-task08-init23,test,nominal,8,23,45,0.8785993456840515,0.0,0.8785993456840515,10,False,,0.9767487049102783,1.1037018299102783,0.013826931000949116,36,46
test-task08-init23,test,nominal,8,23,46,0.8656488656997681,0.0,0.8656488656997681,10,False,,0.9428328275680542,1.2539582252502441,0.014373621999766328,37,47
test-task08-init23,test,nominal,8,23,47,1.0512902736663818,0.0,1.0512902736663818,10,False,,1.0175094604492188,1.5322692394256592,0.015155630000663223,38,48
test-task08-init23,test,nominal,8,23,48,1.2036809921264648,0.0,1.2036809921264648,10,False,,1.2440284490585327,1.7329683303833008,0.014025930000570952,39,49
test-task08-init23,test,nominal,8,23,49,1.3399693965911865,0.0,1.3399693965911865,10,False,,1.457453727722168,2.1560704708099365,0.014076923000175157,40,50
test-task08-init23,test,nominal,8,23,50,1.2956974506378174,0.0,1.2956974506378174,10,False,,1.4265239238739014,2.2200562953948975,0.014098960000410443,41,51
test-task08-init23,test,nominal,8,23,51,1.1961290836334229,0.0,1.1961290836334229,10,False,,1.300145149230957,2.0525357723236084,0.01900841199858405,42,52
test-task08-init23,test,nominal,8,23,52,1.2566540241241455,0.0,1.2566540241241455,10,False,,1.516814947128296,1.8221768140792847,0.013706383999306126,43,53
test-task08-init23,test,nominal,8,23,53,1.1655142307281494,0.0,1.1655142307281494,10,False,,1.3277298212051392,1.9264086484909058,0.013424100001429906,44,54
test-task08-init23,test,nominal,8,23,54,1.2335070371627808,0.0,1.2335070371627808,10,False,,1.3054208755493164,1.7088935375213623,0.013583092999397195,45,55
test-task08-init23,test,nominal,8,23,55,1.3160138130187988,0.0,1.3160138130187988,10,False,,1.2084407806396484,1.4993046522140503,0.015872611998929642,46,56
test-task08-init23,test,nominal,8,23,56,0.9667277336120605,0.0,0.9667277336120605,10,False,,0.9135258197784424,1.0855135917663574,0.01314995699976862,47,57
test-task08-init23,test,nominal,8,23,57,0.7967958450317383,0.0,0.7967958450317383,10,False,,0.8136286735534668,0.7596775889396667,0.01535775000047579,48,58
test-task08-init23,test,nominal,8,23,58,0.7124783396720886,0.0,0.7124783396720886,10,False,,0.7174727320671082,0.6590932011604309,0.013747439999860944,49,59
test-task08-init23,test,nominal,8,23,59,0.9666653871536255,0.0,0.9666653871536255,10,False,,0.9738335609436035,0.9860135912895203,0.013940242999524344,50,60
test-task08-init23,test,nominal,8,23,60,1.060410976409912,0.0,1.060410976409912,10,False,,1.072483777999878,1.158057689666748,0.013472598000589642,51,61
test-task08-init23,test,nominal,8,23,61,1.0578656196594238,0.0,1.0578656196594238,10,False,,1.0791186094284058,1.1772434711456299,0.014028309000423178,52,62
test-task08-init23,test,nominal,8,23,62,1.0679410696029663,0.0,1.0679410696029663,10,False,,1.105373740196228,1.2239969968795776,0.013417559001027257,53,63
test-task08-init23,test,nominal,8,23,63,1.078634262084961,0.0,1.078634262084961,10,False,,1.0938982963562012,1.2589091062545776,0.013092141998640727,54,64
test-task08-init23,test,nominal,8,23,64,1.0314404964447021,0.0,1.0314404964447021,10,False,,1.0382018089294434,1.204714298248291,0.013754018998952233,55,65
test-task08-init23,test,nominal,8,23,65,1.1218016147613525,0.0,1.1218016147613525,10,False,,1.133286476135254,1.3288986682891846,0.014194515999406576,56,66
test-task08-init23,test,nominal,8,23,66,1.0596399307250977,0.0,1.0596399307250977,10,False,,1.034637451171875,1.319595217704773,0.015302384999813512,57,67
test-task08-init23,test,nominal,8,23,67,0.9173825979232788,0.0,0.9173825979232788,10,False,,0.9189883470535278,1.232602596282959,0.015994748999219155,58,68
test-task08-init23,test,nominal,8,23,68,0.6292089819908142,0.0,0.6292089819908142,10,False,,0.6741857528686523,1.0771894454956055,0.015330587999415002,59,69
test-task08-init23,test,nominal,8,23,69,0.6061358451843262,0.0,0.6061358451843262,10,False,,0.5984047651290894,1.0182571411132812,0.022769702000005054,60,70
test-task08-init23,test,nominal,8,23,70,0.6839463710784912,0.0,0.6839463710784912,10,False,,0.6357395052909851,0.9930728673934937,0.015225344001009944,61,71
test-task08-init23,test,nominal,8,23,71,0.707624077796936,0.0,0.707624077796936,10,False,,0.6828486919403076,0.937741219997406,0.013847116000761162,62,72
test-task08-init23,test,nominal,8,23,72,0.7677731513977051,0.0,0.7677731513977051,10,False,,0.7653324007987976,0.844455361366272,0.014445266000620904,63,73
test-task08-init23,test,nominal,8,23,73,0.7353803515434265,0.0,0.7353803515434265,10,False,,0.7143356204032898,0.891713559627533,0.013879509000616963,64,74
test-task08-init23,test,nominal,8,23,74,0.6828992366790771,0.0,0.6828992366790771,10,False,,0.6837689280509949,0.840390682220459,0.01327952700012247,65,75
test-task08-init23,test,nominal,8,23,75,0.6987724304199219,0.0,0.6987724304199219,10,False,,0.6775137782096863,0.8554317355155945,0.013949014999525389,66,76
test-task08-init23,test,nominal,8,23,76,0.6031073331832886,0.0,0.6031073331832886,10,False,,0.6204749941825867,0.8235067129135132,0.01392299799954344,67,77
test-task08-init23,test,nominal,8,23,77,0.6823770403862,0.0,0.6823770403862,10,False,,0.6361832618713379,0.8635592460632324,0.016442717000245466,68,78
test-task08-init23,test,nominal,8,23,78,0.7462115287780762,0.0,0.7462115287780762,10,False,,0.7207648158073425,0.7997869253158569,0.014654048000011244,69,79
test-task08-init23,test,nominal,8,23,79,0.6553615927696228,0.0,0.6553615927696228,10,False,,0.6483578085899353,0.711391806602478,0.013171082999178907,70,80
test-task08-init23,test,nominal,8,23,80,0.6353523135185242,0.0,0.6353523135185242,10,False,,0.6240400075912476,0.7356526255607605,0.02150900000015099,71,81
test-task08-init23,test,nominal,8,23,81,0.5929628610610962,0.0,0.5929628610610962,10,False,,0.6126667857170105,0.7484498023986816,0.017167999998491723,72,82
test-task08-init23,test,nominal,8,23,82,0.579047441482544,0.0,0.579047441482544,10,False,,0.5743526220321655,0.7231559753417969,0.01700286799859896,73,83
test-task08-init23,test,nominal,8,23,83,0.5443560481071472,0.0,0.5443560481071472,10,False,,0.5095748901367188,0.6333848834037781,0.01426598699981696,74,84
test-task08-init23,test,nominal,8,23,84,0.5144274234771729,0.0,0.5144274234771729,10,False,,0.5029217600822449,0.5462741255760193,0.016743655000027502,75,85
test-task08-init23,test,nominal,8,23,85,0.5249943733215332,0.0,0.5249943733215332,10,False,,0.47683095932006836,0.501695990562439,0.014866067000184557,76,86
test-task08-init23,test,nominal,8,23,86,0.5126609802246094,0.0,0.5126609802246094,10,False,,0.4653165340423584,0.39773425459861755,0.014059565999559709,77,87
test-task08-init23,test,nominal,8,23,87,0.4899291396141052,0.0,0.4899291396141052,10,False,,0.44813311100006104,0.35704469680786133,0.014879020000080345,78,88
test-task08-init23,test,nominal,8,23,88,0.5538182258605957,0.0,0.5538182258605957,10,False,,0.49984240531921387,0.4164949059486389,0.016238787000474986,79,89
test-task08-init23,test,nominal,8,23,89,0.54478520154953,0.0,0.54478520154953,10,False,,0.5195669531822205,0.3915678858757019,0.014853779999612016,80,90
test-task08-init23,test,motion_attenuation_0p5,8,23,9,0.5471096038818359,0.0,0.5471096038818359,10,False,50,0.5742754936218262,0.8278958201408386,0.018666438998479862,0,10
test-task08-init23,test,motion_attenuation_0p5,8,23,10,0.600825309753418,0.0,0.600825309753418,10,False,50,0.6646581888198853,0.8933113813400269,0.015669551999963005,1,11
test-task08-init23,test,motion_attenuation_0p5,8,23,11,0.6922777891159058,0.0,0.6922777891159058,10,False,50,0.7933933138847351,1.053877830505371,0.017440894000174012,2,12
test-task08-init23,test,motion_attenuation_0p5,8,23,12,0.6619184017181396,0.0,0.6619184017181396,10,False,50,0.7260258197784424,1.1065101623535156,0.014167962999636075,3,13
test-task08-init23,test,motion_attenuation_0p5,8,23,13,0.6961540579795837,0.0,0.6961540579795837,10,False,50,0.7253808975219727,1.1210291385650635,0.01608069599933515,4,14
test-task08-init23,test,motion_attenuation_0p5,8,23,14,0.6809019446372986,0.0,0.6809019446372986,10,False,50,0.6885478496551514,1.23079514503479,0.0139482760005194,5,15
test-task08-init23,test,motion_attenuation_0p5,8,23,15,0.7386066317558289,0.0,0.7386066317558289,10,False,50,0.7649768590927124,1.3186748027801514,0.018747752001218032,6,16
test-task08-init23,test,motion_attenuation_0p5,8,23,16,0.6967597007751465,0.0,0.6967597007751465,10,False,50,0.729494571685791,1.2823117971420288,0.017636212000070373,7,17
test-task08-init23,test,motion_attenuation_0p5,8,23,17,0.625214695930481,0.0,0.625214695930481,10,False,50,0.6361515522003174,1.2940635681152344,0.01859564699952898,8,18
test-task08-init23,test,motion_attenuation_0p5,8,23,18,0.6264083385467529,0.0,0.6264083385467529,10,False,50,0.6188334226608276,1.305727481842041,0.016803520999019383,9,19
test-task08-init23,test,motion_attenuation_0p5,8,23,19,0.6104945540428162,0.0,0.6104945540428162,10,False,50,0.665745198726654,1.1517698764801025,0.01680338999904052,10,20
test-task08-init23,test,motion_attenuation_0p5,8,23,20,0.618263304233551,0.0,0.618263304233551,10,False,50,0.5966246724128723,1.148033618927002,0.01677437699981965,11,21
test-task08-init23,test,motion_attenuation_0p5,8,23,21,0.7396366000175476,0.0,0.7396366000175476,10,False,50,0.7440068125724792,1.3476399183273315,0.01899920299911173,12,22
test-task08-init23,test,motion_attenuation_0p5,8,23,22,0.7026174068450928,0.0,0.7026174068450928,10,False,50,0.7349063754081726,1.3283774852752686,0.015084806000231765,13,23
test-task08-init23,test,motion_attenuation_0p5,8,23,23,0.6195806860923767,0.0,0.6195806860923767,10,False,50,0.6335604786872864,1.1766365766525269,0.013568312000643346,14,24
test-task08-init23,test,motion_attenuation_0p5,8,23,24,0.725234866142273,0.0,0.725234866142273,10,False,50,0.746941089630127,1.2850391864776611,0.013363542999286437,15,25
test-task08-init23,test,motion_attenuation_0p5,8,23,25,0.6822077631950378,0.0,0.6822077631950378,10,False,50,0.7292112112045288,1.4340629577636719,0.013269460998344584,16,26
test-task08-init23,test,motion_attenuation_0p5,8,23,26,0.719451904296875,0.0,0.719451904296875,10,False,50,0.7592917680740356,1.300254225730896,0.014937526999347028,17,27
test-task08-init23,test,motion_attenuation_0p5,8,23,27,0.8105529546737671,0.0,0.8105529546737671,10,False,50,0.8281134366989136,1.282639503479004,0.020548001999486587,18,28
test-task08-init23,test,motion_attenuation_0p5,8,23,28,0.7514694929122925,0.0,0.7514694929122925,10,False,50,0.8640715479850769,1.1951236724853516,0.015358440999989398,19,29
test-task08-init23,test,motion_attenuation_0p5,8,23,29,0.7451715469360352,0.0,0.7451715469360352,10,False,50,0.7827603220939636,1.1902070045471191,0.025608226998883765,20,30
test-task08-init23,test,motion_attenuation_0p5,8,23,30,0.7984687685966492,0.0,0.7984687685966492,10,False,50,0.8636094331741333,1.0586793422698975,0.016221218000282533,21,31
test-task08-init23,test,motion_attenuation_0p5,8,23,31,0.924750030040741,0.0,0.924750030040741,10,False,50,0.9520262479782104,1.1133884191513062,0.013727481000387343,22,32
test-task08-init23,test,motion_attenuation_0p5,8,23,32,0.9691950082778931,0.0,0.9691950082778931,10,False,50,0.9787434935569763,1.1602520942687988,0.014197235999745317,23,33
test-task08-init23,test,motion_attenuation_0p5,8,23,33,0.9667774438858032,0.0,0.9667774438858032,10,False,50,0.8938405513763428,1.1467714309692383,0.017108327001551515,24,34
test-task08-init23,test,motion_attenuation_0p5,8,23,34,0.8339821696281433,0.0,0.8339821696281433,10,False,50,0.7844821214675903,1.0506069660186768,0.018041405000985833,25,35
test-task08-init23,test,motion_attenuation_0p5,8,23,35,0.8488068580627441,0.0,0.8488068580627441,10,False,50,0.7462479472160339,0.9712161421775818,0.013970925001558498,26,36
test-task08-init23,test,motion_attenuation_0p5,8,23,36,0.80674809217453,0.0,0.80674809217453,10,False,50,0.763249397277832,1.019294023513794,0.013237305000075139,27,37
test-task08-init23,test,motion_attenuation_0p5,8,23,37,0.9524753093719482,0.0,0.9524753093719482,10,False,50,0.8662194013595581,1.0536792278289795,0.015234841999699711,28,38
test-task08-init23,test,motion_attenuation_0p5,8,23,38,0.8322295546531677,0.0,0.8322295546531677,10,False,50,0.7814763784408569,0.9614862203598022,0.014533827999912319,29,39
test-task08-init23,test,motion_attenuation_0p5,8,23,39,0.7322511076927185,0.0,0.7322511076927185,10,False,50,0.7073681354522705,0.9057530164718628,0.015112437000425416,30,40
test-task08-init23,test,motion_attenuation_0p5,8,23,40,0.6586952805519104,0.0,0.6586952805519104,10,False,50,0.6717052459716797,0.9461902379989624,0.015561821999654057,31,41
test-task08-init23,test,motion_attenuation_0p5,8,23,41,0.7093669176101685,0.0,0.7093669176101685,10,False,50,0.7749900817871094,0.8887772560119629,0.013328303999514901,32,42
test-task08-init23,test,motion_attenuation_0p5,8,23,42,0.7402681112289429,0.0,0.7402681112289429,10,False,50,0.8081244230270386,0.9218591451644897,0.013532569999370025,33,43
test-task08-init23,test,motion_attenuation_0p5,8,23,43,0.8061766624450684,0.0,0.8061766624450684,10,False,50,0.8791927099227905,0.8898398280143738,0.013339283999812324,34,44
test-task08-init23,test,motion_attenuation_0p5,8,23,44,0.7432689666748047,0.0,0.7432689666748047,10,False,50,0.7956273555755615,0.8636025786399841,0.016697203998774057,35,45
test-task08-init23,test,motion_attenuation_0p5,8,23,45,0.8785993456840515,0.0,0.8785993456840515,10,False,50,0.9767487049102783,1.1037018299102783,0.014092711000557756,36,46
test-task08-init23,test,motion_attenuation_0p5,8,23,46,0.8656488656997681,0.0,0.8656488656997681,10,False,50,0.9428328275680542,1.2539582252502441,0.01376392800011672,37,47
test-task08-init23,test,motion_attenuation_0p5,8,23,47,1.0512902736663818,0.0,1.0512902736663818,10,False,50,1.0175094604492188,1.5322692394256592,0.01711010000144597,38,48
test-task08-init23,test,motion_attenuation_0p5,8,23,48,1.2036809921264648,0.0,1.2036809921264648,10,False,50,1.2440284490585327,1.7329683303833008,0.016827949999424163,39,49
test-task08-init23,test,motion_attenuation_0p5,8,23,49,1.3399693965911865,0.0,1.3399693965911865,10,False,50,1.457453727722168,2.1560704708099365,0.014757191000171588,40,50
test-task08-init23,test,motion_attenuation_0p5,8,23,50,1.3140448331832886,0.0025576353073120117,1.3114871978759766,10,True,50,1.4433727264404297,2.2127890586853027,0.013758986999164335,41,51
test-task08-init23,test,motion_attenuation_0p5,8,23,51,1.2224289178848267,0.0047724246978759766,1.2176564931869507,10,True,50,1.330605387687683,2.074981689453125,0.01410812399990391,42,52
test-task08-init23,test,motion_attenuation_0p5,8,23,52,1.2125310897827148,0.006756782531738281,1.2057743072509766,10,True,50,1.4739940166473389,1.7976845502853394,0.0133048379993852,43,53
test-task08-init23,test,motion_attenuation_0p5,8,23,53,1.1893134117126465,0.010017037391662598,1.1792963743209839,10,True,50,1.3525564670562744,1.9689406156539917,0.014099341999099124,44,54
test-task08-init23,test,motion_attenuation_0p5,8,23,54,1.281612753868103,0.016208887100219727,1.2654038667678833,10,True,50,1.3396835327148438,1.7505519390106201,0.013318183999217581,45,55
test-task08-init23,test,motion_attenuation_0p5,8,23,55,1.3504990339279175,0.025131821632385254,1.3253672122955322,10,True,50,1.2370052337646484,1.5189149379730225,0.013154467998901964,46,56
test-task08-init23,test,motion_attenuation_0p5,8,23,56,1.0647743940353394,0.030339598655700684,1.0344347953796387,10,True,50,1.0017566680908203,1.201462745666504,0.014197525000781752,47,57
test-task08-init23,test,motion_attenuation_0p5,8,23,57,0.862102210521698,0.033573150634765625,0.8285290598869324,10,True,50,0.8486318588256836,0.8697590231895447,0.013352465999560081,48,58
test-task08-init23,test,motion_attenuation_0p5,8,23,58,0.6523842215538025,0.019500017166137695,0.6328842043876648,10,True,50,0.6344782114028931,0.5534989833831787,0.013326954998774454,49,59
test-task08-init23,test,motion_attenuation_0p5,8,23,59,0.6733126044273376,0.008489072322845459,0.6648235321044922,10,True,50,0.6864571571350098,0.5263040661811829,0.015903370000160066,50,60
test-task08-init23,test,motion_attenuation_0p5,8,23,60,0.7727459669113159,0.0047730207443237305,0.7679729461669922,10,True,50,0.7695817351341248,0.7077759504318237,0.01298761399993964,51,61
test-task08-init23,test,motion_attenuation_0p5,8,23,61,0.7787460088729858,0.007774531841278076,0.7709714770317078,10,True,50,0.798487663269043,0.7319428324699402,0.013225377999333432,52,62
test-task08-init23,test,motion_attenuation_0p5,8,23,62,0.8154988288879395,-0.0002662539482116699,0.8157650828361511,10,True,50,0.8540118932723999,0.8050706386566162,0.014021426999534015,53,63
test-task08-init23,test,motion_attenuation_0p5,8,23,63,0.8591755628585815,0.006330966949462891,0.8528445959091187,10,True,50,0.9044761061668396,0.8216805458068848,0.01404392599943094,54,64
test-task08-init23,test,motion_attenuation_0p5,8,23,64,0.8582605123519897,5.4717063903808594e-05,0.8582057952880859,10,True,50,0.8836344480514526,0.8933143019676208,0.014172213999700034,55,65
test-task08-init23,test,motion_attenuation_0p5,8,23,65,0.8322972059249878,0.004477739334106445,0.8278194665908813,10,True,50,0.8443028330802917,0.8839296102523804,0.013963915000203997,56,66
test-task08-init23,test,motion_attenuation_0p5,8,23,66,0.8383583426475525,-0.001612246036529541,0.839970588684082,10,True,50,0.8485641479492188,0.927519679069519,0.013357828998778132,57,67
test-task08-init23,test,motion_attenuation_0p5,8,23,67,0.807845950126648,0.004045844078063965,0.803800106048584,10,True,50,0.815992534160614,0.8381767272949219,0.015115443000468076,58,68
test-task08-init23,test,motion_attenuation_0p5,8,23,68,0.7364448308944702,-0.011005699634552002,0.7474505305290222,10,True,50,0.7517498731613159,0.8552172183990479,0.014126129999567638,59,69
test-task08-init23,test,motion_attenuation_0p5,8,23,69,0.6271976828575134,0.06552040576934814,0.5616772770881653,10,True,50,0.6062105894088745,0.6164896488189697,0.013986063999254839,60,70
test-task08-init23,test,motion_attenuation_0p5,8,23,70,0.5400694012641907,0.05237266421318054,0.48769673705101013,10,True,50,0.5422019958496094,0.6161357164382935,0.015068466998855001,61,71
test-task08-init23,test,motion_attenuation_0p5,8,23,71,0.482494056224823,0.03711923956871033,0.44537481665611267,10,True,50,0.4728061556816101,0.682367205619812,0.014898773999448167,62,72
test-task08-init23,test,motion_attenuation_0p5,8,23,72,0.5304743647575378,0.06937092542648315,0.4611034393310547,10,True,50,0.47341400384902954,0.672661304473877,0.014634110999395489,63,73
test-task08-init23,test,motion_attenuation_0p5,8,23,73,0.5814294815063477,0.09986573457717896,0.4815637469291687,10,True,50,0.4944438338279724,0.6882697939872742,0.016359915000066394,64,74
test-task08-init23,test,motion_attenuation_0p5,8,23,74,0.5168326497077942,0.06710189580917358,0.4497307538986206,10,True,50,0.4856453835964203,0.681778609752655,0.01838208799927088,65,75
test-task08-init23,test,motion_attenuation_0p5,8,23,75,0.5149973630905151,0.0655144453048706,0.44948291778564453,10,True,50,0.4569427967071533,0.5846191644668579,0.015952666999510257,66,76
test-task08-init23,test,motion_attenuation_0p5,8,23,76,0.6572061777114868,0.05102509260177612,0.6061810851097107,10,True,50,0.6129384636878967,0.6098928451538086,0.015723516000434756,67,77
test-task08-init23,test,motion_attenuation_0p5,8,23,77,0.5542398691177368,0.05268287658691406,0.5015569925308228,10,True,50,0.4980860650539398,0.6033770442008972,0.014578430998881231,68,78
test-task08-init23,test,motion_attenuation_0p5,8,23,78,0.5179319977760315,0.03153321146965027,0.4863987863063812,10,True,50,0.4692661762237549,0.5562340021133423,0.013877311999749509,69,79
test-task08-init23,test,motion_attenuation_0p5,8,23,79,0.4993288516998291,0.021829605102539062,0.47749924659729004,10,True,50,0.48847121000289917,0.5504571795463562,0.01393808499960869,70,80
test-task08-init23,test,motion_attenuation_0p5,8,23,80,0.5152016878128052,0.04057711362838745,0.4746245741844177,10,True,50,0.48665207624435425,0.520486056804657,0.014234386000680388,71,81
test-task08-init23,test,motion_attenuation_0p5,8,23,81,0.48668837547302246,0.011008650064468384,0.4756797254085541,10,True,50,0.4859178066253662,0.4889374375343323,0.023330735000854474,72,82
test-task08-init23,test,motion_attenuation_0p5,8,23,82,0.5090586543083191,0.019482076168060303,0.4895765781402588,10,True,50,0.5170096158981323,0.4986085891723633,0.01591528099925199,73,83
test-task08-init23,test,motion_attenuation_0p5,8,23,83,0.5171225666999817,0.01924237608909607,0.4978801906108856,10,True,50,0.5285118818283081,0.5190514326095581,0.014894848000039929,74,84
test-task08-init23,test,motion_attenuation_0p5,8,23,84,0.4884869456291199,0.02217826247215271,0.46630868315696716,10,True,50,0.5080633163452148,0.49228566884994507,0.014345864999995683,75,85
test-task08-init23,test,motion_attenuation_0p5,8,23,85,0.5350478887557983,0.009974539279937744,0.5250733494758606,10,True,50,0.5223623514175415,0.474700927734375,0.013395929001490003,76,86
test-task08-init23,test,motion_attenuation_0p5,8,23,86,0.5540032386779785,0.013137876987457275,0.5408653616905212,10,True,50,0.5052840113639832,0.5787340998649597,0.016170150000107242,77,87
test-task08-init23,test,motion_attenuation_0p5,8,23,87,0.5104591250419617,-1.4781951904296875e-05,0.510473906993866,10,True,50,0.48399949073791504,0.5258957743644714,0.013606339000034495,78,88
test-task08-init23,test,motion_attenuation_0p5,8,23,88,0.48697811365127563,-0.0022060275077819824,0.4891841411590576,10,True,50,0.5002532005310059,0.4874418377876282,0.013943834999736282,79,89
test-task08-init23,test,motion_attenuation_0p5,8,23,89,0.46278274059295654,0.004696071147918701,0.45808666944503784,10,True,50,0.4937063157558441,0.3975468575954437,0.013831605998348095,80,90
test-task08-init23,test,action_delay_3,8,23,9,0.5471096038818359,0.0,0.5471096038818359,10,False,50,0.5742754936218262,0.8278958201408386,0.013171663000321132,0,10
test-task08-init23,test,action_delay_3,8,23,10,0.600825309753418,0.0,0.600825309753418,10,False,50,0.6646581888198853,0.8933113813400269,0.017855664000308025,1,11
test-task08-init23,test,action_delay_3,8,23,11,0.6922777891159058,0.0,0.6922777891159058,10,False,50,0.7933933138847351,1.053877830505371,0.015639602999726776,2,12
test-task08-init23,test,action_delay_3,8,23,12,0.6619184017181396,0.0,0.6619184017181396,10,False,50,0.7260258197784424,1.1065101623535156,0.013287178000609856,3,13
test-task08-init23,test,action_delay_3,8,23,13,0.6961540579795837,0.0,0.6961540579795837,10,False,50,0.7253808975219727,1.1210291385650635,0.013911635000113165,4,14
test-task08-init23,test,action_delay_3,8,23,14,0.6809019446372986,0.0,0.6809019446372986,10,False,50,0.6885478496551514,1.23079514503479,0.013224574000560096,5,15
test-task08-init23,test,action_delay_3,8,23,15,0.7386066317558289,0.0,0.7386066317558289,10,False,50,0.7649768590927124,1.3186748027801514,0.013415450001048157,6,16
test-task08-init23,test,action_delay_3,8,23,16,0.6967597007751465,0.0,0.6967597007751465,10,False,50,0.729494571685791,1.2823117971420288,0.014279180999437813,7,17
test-task08-init23,test,action_delay_3,8,23,17,0.625214695930481,0.0,0.625214695930481,10,False,50,0.6361515522003174,1.2940635681152344,0.01638495299994247,8,18
test-task08-init23,test,action_delay_3,8,23,18,0.6264083385467529,0.0,0.6264083385467529,10,False,50,0.6188334226608276,1.305727481842041,0.0164907279995532,9,19
test-task08-init23,test,action_delay_3,8,23,19,0.6104945540428162,0.0,0.6104945540428162,10,False,50,0.665745198726654,1.1517698764801025,0.013420602999758557,10,20
test-task08-init23,test,action_delay_3,8,23,20,0.618263304233551,0.0,0.618263304233551,10,False,50,0.5966246724128723,1.148033618927002,0.013786539999273373,11,21
test-task08-init23,test,action_delay_3,8,23,21,0.7396366000175476,0.0,0.7396366000175476,10,False,50,0.7440068125724792,1.3476399183273315,0.013519219000954763,12,22
test-task08-init23,test,action_delay_3,8,23,22,0.7026174068450928,0.0,0.7026174068450928,10,False,50,0.7349063754081726,1.3283774852752686,0.013526190001357463,13,23
test-task08-init23,test,action_delay_3,8,23,23,0.6195806860923767,0.0,0.6195806860923767,10,False,50,0.6335604786872864,1.1766365766525269,0.01420415599932312,14,24
test-task08-init23,test,action_delay_3,8,23,24,0.725234866142273,0.0,0.725234866142273,10,False,50,0.746941089630127,1.2850391864776611,0.014530697999362019,15,25
test-task08-init23,test,action_delay_3,8,23,25,0.6822077631950378,0.0,0.6822077631950378,10,False,50,0.7292112112045288,1.4340629577636719,0.01306910299899755,16,26
test-task08-init23,test,action_delay_3,8,23,26,0.719451904296875,0.0,0.719451904296875,10,False,50,0.7592917680740356,1.300254225730896,0.013942482999482309,17,27
test-task08-init23,test,action_delay_3,8,23,27,0.8105529546737671,0.0,0.8105529546737671,10,False,50,0.8281134366989136,1.282639503479004,0.01568433600004937,18,28
test-task08-init23,test,action_delay_3,8,23,28,0.7514694929122925,0.0,0.7514694929122925,10,False,50,0.8640715479850769,1.1951236724853516,0.013069452999843634,19,29
test-task08-init23,test,action_delay_3,8,23,29,0.7451715469360352,0.0,0.7451715469360352,10,False,50,0.7827603220939636,1.1902070045471191,0.013997613999890746,20,30
test-task08-init23,test,action_delay_3,8,23,30,0.7984687685966492,0.0,0.7984687685966492,10,False,50,0.8636094331741333,1.0586793422698975,0.013699647000976256,21,31
test-task08-init23,test,action_delay_3,8,23,31,0.924750030040741,0.0,0.924750030040741,10,False,50,0.9520262479782104,1.1133884191513062,0.013711887999306782,22,32
test-task08-init23,test,action_delay_3,8,23,32,0.9691950082778931,0.0,0.9691950082778931,10,False,50,0.9787434935569763,1.1602520942687988,0.015026342000055593,23,33
test-task08-init23,test,action_delay_3,8,23,33,0.9667774438858032,0.0,0.9667774438858032,10,False,50,0.8938405513763428,1.1467714309692383,0.015231879999191733,24,34
test-task08-init23,test,action_delay_3,8,23,34,0.8339821696281433,0.0,0.8339821696281433,10,False,50,0.7844821214675903,1.0506069660186768,0.01625764899836213,25,35
test-task08-init23,test,action_delay_3,8,23,35,0.8488068580627441,0.0,0.8488068580627441,10,False,50,0.7462479472160339,0.9712161421775818,0.016541945999051677,26,36
test-task08-init23,test,action_delay_3,8,23,36,0.80674809217453,0.0,0.80674809217453,10,False,50,0.763249397277832,1.019294023513794,0.01750864499990712,27,37
test-task08-init23,test,action_delay_3,8,23,37,0.9524753093719482,0.0,0.9524753093719482,10,False,50,0.8662194013595581,1.0536792278289795,0.016520578999916324,28,38
test-task08-init23,test,action_delay_3,8,23,38,0.8322295546531677,0.0,0.8322295546531677,10,False,50,0.7814763784408569,0.9614862203598022,0.017376636000335566,29,39
test-task08-init23,test,action_delay_3,8,23,39,0.7322511076927185,0.0,0.7322511076927185,10,False,50,0.7073681354522705,0.9057530164718628,0.016758114001277136,30,40
test-task08-init23,test,action_delay_3,8,23,40,0.6586952805519104,0.0,0.6586952805519104,10,False,50,0.6717052459716797,0.9461902379989624,0.0182607309998275,31,41
test-task08-init23,test,action_delay_3,8,23,41,0.7093669176101685,0.0,0.7093669176101685,10,False,50,0.7749900817871094,0.8887772560119629,0.01522460199885245,32,42
test-task08-init23,test,action_delay_3,8,23,42,0.7402681112289429,0.0,0.7402681112289429,10,False,50,0.8081244230270386,0.9218591451644897,0.013008858999455697,33,43
test-task08-init23,test,action_delay_3,8,23,43,0.8061766624450684,0.0,0.8061766624450684,10,False,50,0.8791927099227905,0.8898398280143738,0.01321524800005136,34,44
test-task08-init23,test,action_delay_3,8,23,44,0.7432689666748047,0.0,0.7432689666748047,10,False,50,0.7956273555755615,0.8636025786399841,0.014452220999373822,35,45
test-task08-init23,test,action_delay_3,8,23,45,0.8785993456840515,0.0,0.8785993456840515,10,False,50,0.9767487049102783,1.1037018299102783,0.014603051999074523,36,46
test-task08-init23,test,action_delay_3,8,23,46,0.8656488656997681,0.0,0.8656488656997681,10,False,50,0.9428328275680542,1.2539582252502441,0.016068569999333704,37,47
test-task08-init23,test,action_delay_3,8,23,47,1.0512902736663818,0.0,1.0512902736663818,10,False,50,1.0175094604492188,1.5322692394256592,0.01515667800049414,38,48
test-task08-init23,test,action_delay_3,8,23,48,1.2036809921264648,0.0,1.2036809921264648,10,False,50,1.2440284490585327,1.7329683303833008,0.01350364399877435,39,49
test-task08-init23,test,action_delay_3,8,23,49,1.3399693965911865,0.0,1.3399693965911865,10,False,50,1.457453727722168,2.1560704708099365,0.013320953999937046,40,50
test-task08-init23,test,action_delay_3,8,23,50,1.3169735670089722,0.022189021110534668,1.2947845458984375,10,True,50,1.4555901288986206,2.2127890586853027,0.013621389000036288,41,51
test-task08-init23,test,action_delay_3,8,23,51,1.230520248413086,0.05517268180847168,1.1753475666046143,10,True,50,1.3381775617599487,2.044431209564209,0.018397301999357296,42,52
test-task08-init23,test,action_delay_3,8,23,52,1.2210774421691895,0.09487247467041016,1.1262049674987793,10,True,50,1.4647846221923828,1.77512526512146,0.015995650999684585,43,53
test-task08-init23,test,action_delay_3,8,23,53,1.1273001432418823,0.1080547571182251,1.0192453861236572,10,True,50,1.2649346590042114,1.8789215087890625,0.013800082999296137,44,54
test-task08-init23,test,action_delay_3,8,23,54,1.2520709037780762,0.1769704818725586,1.0751004219055176,10,True,50,1.309815764427185,1.6405386924743652,0.019748658000025898,45,55
test-task08-init23,test,action_delay_3,8,23,55,1.3512223958969116,0.25421130657196045,1.0970110893249512,10,True,50,1.2449100017547607,1.460685133934021,0.013836374000675278,46,56
test-task08-init23,test,action_delay_3,8,23,56,1.0326437950134277,0.1938677430152893,0.8387760519981384,10,True,50,0.9431346654891968,1.1424734592437744,0.013650786999278353,47,57
test-task08-init23,test,action_delay_3,8,23,57,0.9018540382385254,0.18616324663162231,0.7156907916069031,10,True,50,0.8743233680725098,0.8620119094848633,0.014708080001582857,48,58
test-task08-init23,test,action_delay_3,8,23,58,0.6207140684127808,0.08641231060028076,0.5343017578125,10,True,50,0.6060996055603027,0.4954676628112793,0.013085333999697468,49,59
test-task08-init23,test,action_delay_3,8,23,59,0.6018893122673035,0.005247175693511963,0.5966421365737915,10,True,50,0.6219310760498047,0.40805262327194214,0.01402966000023298,50,60
test-task08-init23,test,action_delay_3,8,23,60,0.7376008033752441,-0.01074075698852539,0.7483415603637695,10,True,50,0.7456344962120056,0.6730839610099792,0.015804413000296336,51,61
test-task08-init23,test,action_delay_3,8,23,61,0.7388338446617126,-0.011233031749725342,0.750066876411438,10,True,50,0.7597126960754395,0.7421872019767761,0.017959496999537805,52,62
test-task08-init23,test,action_delay_3,8,23,62,0.7571266889572144,-0.0014777183532714844,0.7586044073104858,10,True,50,0.7970041036605835,0.7692505717277527,0.014190309000696288,53,63
test-task08-init23,test,action_delay_3,8,23,63,0.7622770071029663,0.002086341381072998,0.7601906657218933,10,True,50,0.7826570272445679,0.7617561221122742,0.012870526999904541,54,64
test-task08-init23,test,action_delay_3,8,23,64,0.8026537895202637,0.0012530088424682617,0.8014007806777954,10,True,50,0.8272675275802612,0.7774666547775269,0.015689137999288505,55,65
test-task08-init23,test,action_delay_3,8,23,65,0.7766842842102051,-0.007638156414031982,0.7843224406242371,10,True,50,0.8101250529289246,0.8520064353942871,0.01664754599914886,56,66
test-task08-init23,test,action_delay_3,8,23,66,0.7866463661193848,-0.0025691986083984375,0.7892155647277832,10,True,50,0.800667941570282,0.8869025707244873,0.015832451999813202,57,67
test-task08-init23,test,action_delay_3,8,23,67,0.744521975517273,-0.013995707035064697,0.7585176825523376,10,True,50,0.7553385496139526,0.9020838737487793,0.014027682000232744,58,68
test-task08-init23,test,action_delay_3,8,23,68,0.758201539516449,-0.016715526580810547,0.7749170660972595,10,True,50,0.7429331541061401,1.0204006433486938,0.015687732000515098,59,69
test-task08-init23,test,action_delay_3,8,23,69,0.6738488674163818,-0.020223259925842285,0.6940721273422241,10,True,50,0.6827592849731445,0.9712263345718384,0.014280136998422677,60,70
test-task08-init23,test,action_delay_3,8,23,70,0.6236103773117065,-0.005317866802215576,0.6289282441139221,10,True,50,0.635644793510437,0.8992342948913574,0.013951132999864058,61,71
test-task08-init23,test,action_delay_3,8,23,71,0.584862470626831,-0.014042794704437256,0.5989052653312683,10,True,50,0.5895761847496033,0.8617771863937378,0.015801641000507516,62,72
test-task08-init23,test,action_delay_3,8,23,72,0.5449280738830566,-0.005115687847137451,0.5500437617301941,10,True,50,0.5640243887901306,0.8302931785583496,0.013941281998995692,63,73
test-task08-init23,test,action_delay_3,8,23,73,0.5946162939071655,-0.0009368062019348145,0.5955531001091003,10,True,50,0.6072361469268799,0.8354543447494507,0.014044888001080835,64,74
test-task08-init23,test,action_delay_3,8,23,74,0.6040886640548706,-0.002440512180328369,0.606529176235199,10,True,50,0.5982801914215088,0.9412802457809448,0.013515359998564236,65,75
test-task08-init23,test,action_delay_3,8,23,75,0.6400012969970703,-0.004269957542419434,0.6442712545394897,10,True,50,0.6149452924728394,0.8087064623832703,0.012953809000464389,66,76
test-task08-init23,test,action_delay_3,8,23,76,0.6597659587860107,-0.0057471394538879395,0.6655130982398987,10,True,50,0.6337265372276306,0.7977352142333984,0.01420432300074026,67,77
test-task08-init23,test,action_delay_3,8,23,77,0.6750628352165222,-0.008207499980926514,0.6832703351974487,10,True,50,0.673824667930603,0.7590491771697998,0.013998764999996638,68,78
test-task08-init23,test,action_delay_3,8,23,78,0.6636867523193359,-0.008022427558898926,0.6717091798782349,10,True,50,0.6590381264686584,0.7350711226463318,0.014106094999078778,69,79
test-task08-init23,test,action_delay_3,8,23,79,0.673462986946106,-0.004869043827056885,0.6783320307731628,10,True,50,0.672060489654541,0.7666565775871277,0.01396218899935775,70,80
test-task08-init23,test,action_delay_3,8,23,80,0.7364024519920349,-0.015155315399169922,0.7515577673912048,10,True,50,0.6974746584892273,0.7813693284988403,0.013645485998495133,71,81
test-task08-init23,test,action_delay_3,8,23,81,0.7787587642669678,-0.0028411149978637695,0.7815998792648315,10,True,50,0.7676464915275574,0.7744611501693726,0.01413321600011841,72,82
test-task08-init23,test,action_delay_3,8,23,82,0.6966758966445923,0.0037183165550231934,0.6929575800895691,10,True,50,0.6746613383293152,0.6545112133026123,0.013601139000456897,73,83
test-task08-init23,test,action_delay_3,8,23,83,0.7382630109786987,0.004712939262390137,0.7335500717163086,10,True,50,0.715415894985199,0.6666287779808044,0.014205274999767425,74,84
test-task08-init23,test,action_delay_3,8,23,84,0.658356785774231,0.008284151554107666,0.6500726342201233,10,True,50,0.639072835445404,0.600854754447937,0.01630543499959458,75,85
test-task08-init23,test,action_delay_3,8,23,85,0.6539667844772339,0.0016615986824035645,0.6523051857948303,10,True,50,0.6149969696998596,0.6254428625106812,0.013922579999416484,76,86
test-task08-init23,test,action_delay_3,8,23,86,0.6540424227714539,0.00853031873703003,0.6455121040344238,10,True,50,0.6049898862838745,0.5864807367324829,0.013407886001004954,77,87
test-task08-init23,test,action_delay_3,8,23,87,0.6938483715057373,0.007017374038696289,0.686830997467041,10,True,50,0.623399019241333,0.5772148370742798,0.01577231299961568,78,88
test-task08-init23,test,action_delay_3,8,23,88,0.6670498847961426,0.009804010391235352,0.6572458744049072,10,True,50,0.6088681221008301,0.5732092261314392,0.012716672999886214,79,89
test-task08-init23,test,action_delay_3,8,23,89,0.6679084300994873,0.014605820178985596,0.6533026099205017,10,True,50,0.5997084379196167,0.5849970579147339,0.013640378998388769,80,90
