rollout_id,benchmark_task_id,episode_index,success,failure,start_index,h1_raw_mse,h10_raw_mse,h10_correct_zero_disagreement,h10_correct_no_action_disagreement,h10_action_advantage_vs_zero,h10_persistence_raw_mse
pretrained-h10-task04-init00,4,0,True,False,0,0.06837837398052216,0.7185081243515015,0.09423187375068665,0.08909456431865692,0.000973820686340332,0.676416277885437
pretrained-h10-task04-init00,4,0,True,False,1,0.09385733306407928,0.782314658164978,0.09766396135091782,0.11140546202659607,0.08667021989822388,0.8857129812240601
pretrained-h10-task04-init00,4,0,True,False,2,0.09970741719007492,0.7692817449569702,0.09434036910533905,0.10777747631072998,0.09994661808013916,0.9135729074478149
pretrained-h10-task04-init00,4,0,True,False,3,0.11573772877454758,0.7692021131515503,0.13520817458629608,0.11837901175022125,0.15325963497161865,0.9194289445877075
pretrained-h10-task04-init00,4,0,True,False,4,0.13928821682929993,0.6982917189598083,0.16778504848480225,0.16151589155197144,0.17538076639175415,1.0853641033172607
pretrained-h10-task04-init00,4,0,True,False,5,0.131894052028656,0.8029695749282837,0.12689626216888428,0.15863348543643951,0.17045456171035767,1.2311604022979736
pretrained-h10-task04-init00,4,0,True,False,6,0.15975339710712433,0.7835856676101685,0.122881218791008,0.11703811585903168,0.17241394519805908,1.284708023071289
pretrained-h10-task04-init00,4,0,True,False,7,0.20162364840507507,0.6683911085128784,0.10887446254491806,0.14249855279922485,0.17655044794082642,1.3332090377807617
pretrained-h10-task04-init00,4,0,True,False,8,0.14030370116233826,0.7680856585502625,0.09024810791015625,0.16915586590766907,0.15059900283813477,1.4991902112960815
pretrained-h10-task04-init00,4,0,True,False,9,0.17878352105617523,0.7488824725151062,0.10355864465236664,0.19600951671600342,0.1526433825492859,1.481771469116211
pretrained-h10-task04-init00,4,0,True,False,10,0.269011914730072,0.7036346197128296,0.13198322057724,0.15385548770427704,0.14922243356704712,1.4717464447021484
pretrained-h10-task04-init00,4,0,True,False,11,0.1544640064239502,0.6753166913986206,0.10828837007284164,0.16514599323272705,0.11927777528762817,1.3090780973434448
pretrained-h10-task04-init00,4,0,True,False,12,0.14552706480026245,0.7412900924682617,0.09929054975509644,0.12966853380203247,0.16038942337036133,1.266322374343872
pretrained-h10-task04-init00,4,0,True,False,13,0.14083534479141235,0.764162540435791,0.08687939494848251,0.1411927044391632,0.15476715564727783,1.2222685813903809
pretrained-h10-task04-init00,4,0,True,False,14,0.157876119017601,0.8680251836776733,0.09530426561832428,0.17527508735656738,0.14818966388702393,1.3967851400375366
pretrained-h10-task04-init00,4,0,True,False,15,0.15418848395347595,0.8785901069641113,0.08600769937038422,0.18546444177627563,0.09878009557723999,1.3989871740341187
pretrained-h10-task04-init00,4,0,True,False,16,0.13785365223884583,0.8336483836174011,0.08507423102855682,0.158483624458313,0.11439472436904907,1.3156089782714844
pretrained-h10-task04-init00,4,0,True,False,17,0.1322968602180481,0.8283273577690125,0.0893288180232048,0.16535153985023499,0.13550454378128052,1.2900470495224
pretrained-h10-task04-init00,4,0,True,False,18,0.16231976449489594,0.8189859390258789,0.09434467554092407,0.15541672706604004,0.1276208758354187,1.331327199935913
pretrained-h10-task04-init00,4,0,True,False,19,0.17586982250213623,0.8102636337280273,0.10007601976394653,0.15294598042964935,0.12681472301483154,1.332139015197754
pretrained-h10-task04-init00,4,0,True,False,20,0.17368905246257782,0.8745850324630737,0.07933375239372253,0.14759737253189087,0.14782023429870605,1.4675099849700928
pretrained-h10-task04-init00,4,0,True,False,21,0.19659781455993652,0.8533040881156921,0.11601951718330383,0.1648837924003601,0.16687935590744019,1.422377347946167
pretrained-h10-task04-init00,4,0,True,False,22,0.16874653100967407,0.7917578220367432,0.16544219851493835,0.20917102694511414,0.16626161336898804,1.3901013135910034
pretrained-h10-task04-init00,4,0,True,False,23,0.16122747957706451,0.7729291915893555,0.08436765521764755,0.1686064898967743,0.16042226552963257,1.2746034860610962
pretrained-h10-task04-init00,4,0,True,False,24,0.14886975288391113,0.7208107709884644,0.039988450706005096,0.17693261802196503,0.04237544536590576,1.2332980632781982
pretrained-h10-task04-init00,4,0,True,False,25,0.1574130654335022,0.7357114553451538,0.047147832810878754,0.13955695927143097,-0.0030233263969421387,1.1184543371200562
pretrained-h10-task04-init00,4,0,True,False,26,0.13558417558670044,0.7204567790031433,0.015622023493051529,0.10267810523509979,0.03858691453933716,1.1579203605651855
pretrained-h10-task04-init00,4,0,True,False,27,0.13608881831169128,0.6860899329185486,0.014483826234936714,0.09393145889043808,0.023585081100463867,0.9951655268669128
pretrained-h10-task04-init00,4,0,True,False,28,0.1775401532649994,0.656471848487854,0.036780692636966705,0.1425679624080658,0.0010750889778137207,0.8126951456069946
pretrained-h10-task04-init00,4,0,True,False,29,0.19932684302330017,0.6773642301559448,0.04903745651245117,0.08026286959648132,0.03578054904937744,0.7745506167411804
pretrained-h10-task04-init00,4,0,True,False,30,0.172321617603302,0.7663959264755249,0.07284869253635406,0.07712799310684204,0.060852885246276855,0.892765998840332
pretrained-h10-task04-init00,4,0,True,False,31,0.12345924228429794,0.7199487686157227,0.10177399963140488,0.07763486355543137,0.06505697965621948,0.7781809568405151
pretrained-h10-task04-init00,4,0,True,False,32,0.10032621026039124,0.7213475108146667,0.1272464245557785,0.08322766423225403,0.16687148809432983,0.7980431318283081
pretrained-h10-task04-init00,4,0,True,False,33,0.14202100038528442,0.7101774215698242,0.13912615180015564,0.08666463196277618,0.17213129997253418,0.9068233370780945
pretrained-h10-task04-init00,4,0,True,False,34,0.13867123425006866,0.7407843470573425,0.19060620665550232,0.08339853584766388,0.20340663194656372,1.0383071899414062
pretrained-h10-task04-init00,4,0,True,False,35,0.170364111661911,0.7647814750671387,0.21779511868953705,0.0829029232263565,0.2733445167541504,1.064645767211914
pretrained-h10-task04-init00,4,0,True,False,36,0.14114657044410706,0.8507248163223267,0.22074219584465027,0.07013870775699615,0.3679889440536499,1.2032727003097534
pretrained-h10-task04-init00,4,0,True,False,37,0.13137303292751312,0.9099988341331482,0.2361854761838913,0.07155120372772217,0.41492611169815063,1.2758336067199707
pretrained-h10-task04-init00,4,0,True,False,38,0.13174520432949066,1.066832184791565,0.22292563319206238,0.06939387321472168,0.3872588872909546,1.3591420650482178
pretrained-h10-task04-init00,4,0,True,False,39,0.20476101338863373,1.0332880020141602,0.18104955554008484,0.07279230654239655,0.3425678014755249,1.3090133666992188
pretrained-h10-task04-init00,4,0,True,False,40,0.20223411917686462,1.0284302234649658,0.15122723579406738,0.07357743382453918,0.3020954132080078,1.356200098991394
pretrained-h10-task04-init00,4,0,True,False,41,0.21169845759868622,0.909420371055603,0.15128131210803986,0.0821167528629303,0.28880465030670166,1.154554009437561
pretrained-h10-task04-init00,4,0,True,False,42,0.20331698656082153,0.7917565703392029,0.08380534499883652,0.07006634771823883,0.19876664876937866,0.8473286628723145
pretrained-h10-task04-init00,4,0,True,False,43,0.22698593139648438,0.6466121077537537,0.058208487927913666,0.06170382350683212,0.11748260259628296,0.746340274810791
pretrained-h10-task04-init00,4,0,True,False,44,0.2530309557914734,0.6524802446365356,0.05788540095090866,0.08282621204853058,0.14303135871887207,0.6726372241973877
pretrained-h10-task04-init00,4,0,True,False,45,0.25377553701400757,0.5593306422233582,0.034204281866550446,0.06737588346004486,0.09585672616958618,0.49145302176475525
pretrained-h10-task04-init00,4,0,True,False,46,0.3040086627006531,0.5227503180503845,0.034951917827129364,0.06706080585718155,0.03404891490936279,0.3972179889678955
pretrained-h10-task04-init00,4,0,True,False,47,0.2495238482952118,0.6232868432998657,0.02089231088757515,0.05998418852686882,0.021834611892700195,0.5738176107406616
pretrained-h10-task04-init00,4,0,True,False,48,0.142484650015831,0.7255591154098511,0.009909683838486671,0.07255177199840546,0.019565701484680176,0.824029803276062
pretrained-h10-task04-init00,4,0,True,False,49,0.17692647874355316,0.7098926305770874,0.006722759455442429,0.06880097091197968,0.020508766174316406,0.7769907712936401
pretrained-h10-task04-init00,4,0,True,False,50,0.14622542262077332,0.7357796430587769,0.0050867400132119656,0.07037675380706787,0.022563278675079346,0.8520952463150024
pretrained-h10-task04-init00,4,0,True,False,51,0.16439101099967957,0.7341166734695435,0.00776958791539073,0.08756085485219955,0.005694925785064697,0.913733184337616
pretrained-h10-task04-init00,4,0,True,False,52,0.1777733564376831,0.7473994493484497,0.01524752750992775,0.08515997976064682,0.0009340047836303711,0.9235126376152039
pretrained-h10-task04-init00,4,0,True,False,53,0.12531331181526184,0.750137209892273,0.02371724508702755,0.09466811269521713,0.028810977935791016,0.9257997870445251
pretrained-h10-task04-init00,4,0,True,False,54,0.15065492689609528,0.7564747333526611,0.04067448899149895,0.10319322347640991,0.021990418434143066,0.9631382822990417
pretrained-h10-task04-init00,4,0,True,False,55,0.1434338539838791,0.7343845367431641,0.04893013834953308,0.10321339964866638,0.042122066020965576,1.1010314226150513
pretrained-h10-task04-init00,4,0,True,False,56,0.15040963888168335,0.7541400194168091,0.07310517132282257,0.12760667502880096,0.0023554563522338867,1.0381383895874023
pretrained-h10-task04-init00,4,0,True,False,57,0.21047735214233398,0.7266518473625183,0.09292592108249664,0.1327907294034958,-0.008268177509307861,1.0665239095687866
pretrained-h10-task04-init00,4,0,True,False,58,0.21929864585399628,0.749577522277832,0.09815921634435654,0.14269626140594482,-0.01207435131072998,1.1874041557312012
pretrained-h10-task04-init00,4,0,True,False,59,0.19157204031944275,0.6905557513237,0.11529447883367538,0.12672704458236694,-0.015223681926727295,1.1304398775100708
pretrained-h10-task04-init00,4,0,True,False,60,0.23330643773078918,0.6911872625350952,0.10833153128623962,0.13639649748802185,0.011450529098510742,1.1994504928588867
pretrained-h10-task04-init00,4,0,True,False,61,0.23414413630962372,0.6755601763725281,0.11352255195379257,0.1028469055891037,0.08945608139038086,1.1636853218078613
pretrained-h10-task04-init00,4,0,True,False,62,0.28597909212112427,0.6895667314529419,0.09199276566505432,0.09449024498462677,0.06143391132354736,1.1112182140350342
pretrained-h10-task04-init00,4,0,True,False,63,0.20187579095363617,0.6352448463439941,0.07630400359630585,0.09092259407043457,0.04569292068481445,0.9149744510650635
pretrained-h10-task04-init00,4,0,True,False,64,0.20735010504722595,0.7494572997093201,0.09262512624263763,0.10218086838722229,0.03647136688232422,0.9905168414115906
pretrained-h10-task04-init00,4,0,True,False,65,0.17135553061962128,0.8513943552970886,0.06797239184379578,0.08993270248174667,0.07643920183181763,1.030364751815796
pretrained-h10-task04-init00,4,0,True,False,66,0.13065539300441742,0.8551971316337585,0.06252402067184448,0.0835362896323204,0.09399491548538208,0.9515606760978699
pretrained-h10-task04-init00,4,0,True,False,67,0.16318005323410034,0.877248227596283,0.0666247308254242,0.07526396214962006,0.12055426836013794,0.97245192527771
pretrained-h10-task04-init00,4,0,True,False,68,0.12372170388698578,0.953376054763794,0.0624372661113739,0.08456851541996002,0.12093663215637207,0.9082530736923218
pretrained-h10-task04-init00,4,0,True,False,69,0.12919315695762634,0.866538405418396,0.0521288625895977,0.07623252272605896,0.1259857416152954,0.9104915857315063
pretrained-h10-task04-init00,4,0,True,False,70,0.10865573585033417,0.8107684850692749,0.05939842388033867,0.08520936965942383,0.1441245675086975,1.0304291248321533
pretrained-h10-task04-init00,4,0,True,False,71,0.12670159339904785,0.7953163981437683,0.05653640627861023,0.08583386242389679,0.1290927529335022,1.009125828742981
pretrained-h10-task04-init00,4,0,True,False,72,0.12475287914276123,0.8849366903305054,0.06568305194377899,0.07676976174116135,0.12484097480773926,1.0602118968963623
pretrained-h10-task04-init00,4,0,True,False,73,0.17043352127075195,0.8220696449279785,0.04967018961906433,0.07502708584070206,0.09047627449035645,1.0453767776489258
pretrained-h10-task04-init00,4,0,True,False,74,0.160822331905365,0.7791861891746521,0.0601358562707901,0.09225636720657349,0.0858314037322998,0.9346045851707458
pretrained-h10-task04-init00,4,0,True,False,75,0.1606515645980835,0.7762779593467712,0.0591314360499382,0.1835516393184662,0.0038347840309143066,0.8593594431877136
pretrained-h10-task04-init00,4,0,True,False,76,0.17251214385032654,0.7907462120056152,0.07436421513557434,0.21377770602703094,-0.06671655178070068,0.8052241802215576
pretrained-h10-task04-init00,4,0,True,False,77,0.17150843143463135,0.8034733533859253,0.0524371936917305,0.1468057781457901,0.0001926422119140625,0.7175080180168152
pretrained-h10-task04-init00,4,0,True,False,78,0.14363864064216614,0.7755140662193298,0.03874604403972626,0.16915951669216156,-0.03258281946182251,0.810276210308075
pretrained-h10-task04-init00,4,0,True,False,79,0.1278386265039444,0.734102725982666,0.03336388245224953,0.15216991305351257,-0.008254408836364746,0.7431382536888123
pretrained-h10-task04-init01,4,1,False,True,0,0.07276838272809982,0.6464518308639526,0.09709370136260986,0.10783883929252625,0.03650343418121338,0.6360527276992798
pretrained-h10-task04-init01,4,1,False,True,1,0.06610804796218872,0.6974867582321167,0.10941338539123535,0.11253254860639572,0.0033870935440063477,0.6742555499076843
pretrained-h10-task04-init01,4,1,False,True,2,0.08306024223566055,0.6955776214599609,0.1186799630522728,0.1264840066432953,0.032053470611572266,0.739814281463623
pretrained-h10-task04-init01,4,1,False,True,3,0.11618249118328094,0.7404007911682129,0.13893209397792816,0.18121348321437836,0.0836338996887207,0.7717970609664917
pretrained-h10-task04-init01,4,1,False,True,4,0.12110087275505066,0.8442255854606628,0.1384650617837906,0.14020928740501404,0.04170113801956177,0.9190378189086914
pretrained-h10-task04-init01,4,1,False,True,5,0.1283901482820511,0.9719215631484985,0.11842148751020432,0.13788573443889618,0.07338464260101318,1.1695587635040283
pretrained-h10-task04-init01,4,1,False,True,6,0.1676364243030548,0.8840093612670898,0.172604501247406,0.1606753021478653,0.18518280982971191,1.3328030109405518
pretrained-h10-task04-init01,4,1,False,True,7,0.17037200927734375,0.9469215869903564,0.1465892493724823,0.14300787448883057,0.2273317575454712,1.632132887840271
pretrained-h10-task04-init01,4,1,False,True,8,0.15507438778877258,0.8200015425682068,0.14787106215953827,0.13308942317962646,0.19661742448806763,1.5740482807159424
pretrained-h10-task04-init01,4,1,False,True,9,0.20735573768615723,0.7261347770690918,0.10536763072013855,0.12045057862997055,0.15791815519332886,1.5669044256210327
pretrained-h10-task04-init01,4,1,False,True,10,0.17452991008758545,0.7288777232170105,0.10315030813217163,0.13281169533729553,0.1364297866821289,1.4124854803085327
pretrained-h10-task04-init01,4,1,False,True,11,0.15308378636837006,0.7260233759880066,0.09750469028949738,0.1393067091703415,0.1134074330329895,1.3163042068481445
pretrained-h10-task04-init01,4,1,False,True,12,0.1672968864440918,0.6607847213745117,0.09025470912456512,0.1067836731672287,0.13831007480621338,1.1915233135223389
pretrained-h10-task04-init01,4,1,False,True,13,0.16287517547607422,0.758086085319519,0.13905774056911469,0.13151757419109344,0.14479994773864746,1.1386451721191406
pretrained-h10-task04-init01,4,1,False,True,14,0.16213954985141754,0.805029571056366,0.1108519658446312,0.2265087068080902,0.11874467134475708,1.1722739934921265
pretrained-h10-task04-init01,4,1,False,True,15,0.15396814048290253,0.7935609817504883,0.09288869798183441,0.15579593181610107,0.11231058835983276,1.2675278186798096
pretrained-h10-task04-init01,4,1,False,True,16,0.1572917103767395,0.7357704043388367,0.11029303073883057,0.17055641114711761,0.13855725526809692,1.163316249847412
pretrained-h10-task04-init01,4,1,False,True,17,0.1446983963251114,0.8219580054283142,0.07741368561983109,0.1629117727279663,0.11103147268295288,1.287858247756958
pretrained-h10-task04-init01,4,1,False,True,18,0.1613854467868805,0.7712159156799316,0.07271216809749603,0.15643326938152313,0.11713361740112305,1.3061814308166504
pretrained-h10-task04-init01,4,1,False,True,19,0.13891629874706268,0.871986985206604,0.04802010580897331,0.1486155390739441,0.10843837261199951,1.2314252853393555
pretrained-h10-task04-init01,4,1,False,True,20,0.1433209925889969,0.8481063842773438,0.07542887330055237,0.180825874209404,0.1341608762741089,1.2742042541503906
pretrained-h10-task04-init01,4,1,False,True,21,0.17447063326835632,0.8168166875839233,0.07904095947742462,0.1738888919353485,0.12484478950500488,1.263526201248169
pretrained-h10-task04-init01,4,1,False,True,22,0.16049866378307343,0.8244764804840088,0.07501853257417679,0.13026490807533264,0.15657848119735718,1.3924787044525146
pretrained-h10-task04-init01,4,1,False,True,23,0.1799003779888153,0.8172187805175781,0.060319822281599045,0.12124942988157272,0.11535871028900146,1.245182752609253
pretrained-h10-task04-init01,4,1,False,True,24,0.17526650428771973,0.7525262832641602,0.04144495725631714,0.125157430768013,0.09008777141571045,1.214629054069519
pretrained-h10-task04-init01,4,1,False,True,25,0.14847683906555176,0.7613409757614136,0.028388528153300285,0.12800925970077515,0.042444586753845215,1.185866117477417
pretrained-h10-task04-init01,4,1,False,True,26,0.14614319801330566,0.6954002380371094,0.017395244911313057,0.12630407512187958,0.046012282371520996,1.0554364919662476
pretrained-h10-task04-init01,4,1,False,True,27,0.16785883903503418,0.6870908737182617,0.013456689193844795,0.11080227792263031,0.042267024517059326,0.788605809211731
pretrained-h10-task04-init01,4,1,False,True,28,0.197081059217453,0.6804604530334473,0.016505278646945953,0.1396247148513794,0.027539849281311035,0.7723091840744019
pretrained-h10-task04-init01,4,1,False,True,29,0.1718788594007492,0.608955442905426,0.014831680804491043,0.0955386608839035,0.014731287956237793,0.6928508281707764
pretrained-h10-task04-init01,4,1,False,True,30,0.15998727083206177,0.6406238079071045,0.021878590807318687,0.09137102216482162,0.03364509344100952,0.6998440027236938
pretrained-h10-task04-init01,4,1,False,True,31,0.18354901671409607,0.6363748908042908,0.029738103970885277,0.0977400541305542,0.055023908615112305,0.6971940994262695
pretrained-h10-task04-init01,4,1,False,True,32,0.12976360321044922,0.575294017791748,0.06664372980594635,0.09594784677028656,0.05952787399291992,0.5265231132507324
pretrained-h10-task04-init01,4,1,False,True,33,0.11656909435987473,0.6017701625823975,0.062347494065761566,0.09382607787847519,0.08420693874359131,0.6310714483261108
pretrained-h10-task04-init01,4,1,False,True,34,0.10318499803543091,0.6881793737411499,0.08525034040212631,0.09143310785293579,0.10706597566604614,0.7666927576065063
pretrained-h10-task04-init01,4,1,False,True,35,0.11707526445388794,0.7227485179901123,0.1212732195854187,0.08513268083333969,0.16495388746261597,0.8168675303459167
pretrained-h10-task04-init01,4,1,False,True,36,0.12835639715194702,0.6826475858688354,0.16276435554027557,0.09039219468832016,0.13689148426055908,0.8571330904960632
pretrained-h10-task04-init01,4,1,False,True,37,0.09746243059635162,0.7258133292198181,0.20002898573875427,0.0926540419459343,0.06996577978134155,0.8143724799156189
pretrained-h10-task04-init01,4,1,False,True,38,0.10206615924835205,0.7503002882003784,0.2169564664363861,0.10244029760360718,0.054310381412506104,0.6982743144035339
pretrained-h10-task04-init01,4,1,False,True,39,0.12627433240413666,0.7088624238967896,0.23496606945991516,0.08953303098678589,-0.0010644793510437012,0.6333522796630859
pretrained-h10-task04-init01,4,1,False,True,40,0.12834620475769043,0.763079047203064,0.18375813961029053,0.07340779155492783,-0.008505702018737793,0.6125127673149109
pretrained-h10-task04-init01,4,1,False,True,41,0.11862774938344955,0.7535499334335327,0.18182262778282166,0.07734338194131851,-0.05963897705078125,0.5510923862457275
pretrained-h10-task04-init01,4,1,False,True,42,0.1592608094215393,0.7619883418083191,0.1493758261203766,0.07738633453845978,-0.11674708127975464,0.5329105257987976
pretrained-h10-task04-init01,4,1,False,True,43,0.27317938208580017,0.7743231654167175,0.14299723505973816,0.07895404100418091,-0.1251031756401062,0.4675905108451843
pretrained-h10-task04-init01,4,1,False,True,44,0.1813972443342209,0.7440285682678223,0.08519690483808517,0.08608371019363403,-0.11310654878616333,0.4472149610519409
pretrained-h10-task04-init01,4,1,False,True,45,0.17750418186187744,0.7814868688583374,0.07270240038633347,0.07813403010368347,-0.11797869205474854,0.537610650062561
pretrained-h10-task04-init01,4,1,False,True,46,0.1792539358139038,0.7936632037162781,0.048509057611227036,0.07426595687866211,-0.0692710280418396,0.492167204618454
pretrained-h10-task04-init01,4,1,False,True,47,0.16317914426326752,0.6922327876091003,0.03286965936422348,0.07771803438663483,-0.04154312610626221,0.5019886493682861
pretrained-h10-task04-init01,4,1,False,True,48,0.12542453408241272,0.764155387878418,0.021978363394737244,0.0770333930850029,-0.008131325244903564,0.5085153579711914
pretrained-h10-task04-init01,4,1,False,True,49,0.13261649012565613,0.6867548823356628,0.008070575073361397,0.08428564667701721,0.007560074329376221,0.43414077162742615
pretrained-h10-task04-init01,4,1,False,True,50,0.1050625666975975,0.6931306719779968,0.007121692411601543,0.09198260307312012,-0.003342151641845703,0.43984365463256836
pretrained-h10-task04-init01,4,1,False,True,51,0.06990175694227219,0.7009557485580444,0.01410315465182066,0.08160863816738129,0.004173755645751953,0.49672001600265503
pretrained-h10-task04-init01,4,1,False,True,52,0.09351231902837753,0.7937938570976257,0.0108461519703269,0.09548918902873993,-0.005997180938720703,0.535011887550354
pretrained-h10-task04-init01,4,1,False,True,53,0.07610541582107544,0.7854627370834351,0.015624266117811203,0.08316725492477417,-0.004629790782928467,0.5964491367340088
pretrained-h10-task04-init01,4,1,False,True,54,0.09255620837211609,0.7241224050521851,0.016730889678001404,0.1037711352109909,-0.020435333251953125,0.5307751297950745
pretrained-h10-task04-init01,4,1,False,True,55,0.17447850108146667,0.774707019329071,0.02012428641319275,0.09095033258199692,-0.01394432783126831,0.6057540774345398
pretrained-h10-task04-init01,4,1,False,True,56,0.14141087234020233,0.8924301862716675,0.019506962969899178,0.1234624907374382,-0.013546943664550781,0.7402671575546265
pretrained-h10-task04-init01,4,1,False,True,57,0.23238396644592285,0.9722406268119812,0.026947811245918274,0.10828109830617905,-0.01365518569946289,0.694776177406311
pretrained-h10-task04-init01,4,1,False,True,58,0.1550517976284027,0.9008148908615112,0.04907827079296112,0.10156568139791489,-0.015025615692138672,0.7444473505020142
pretrained-h10-task04-init01,4,1,False,True,59,0.1465362310409546,0.891157329082489,0.04161606729030609,0.119879812002182,-0.012145698070526123,0.7188822627067566
pretrained-h10-task04-init01,4,1,False,True,60,0.18384508788585663,0.8010416030883789,0.049053676426410675,0.12139314413070679,0.013532817363739014,0.8400198817253113
pretrained-h10-task04-init01,4,1,False,True,61,0.18574683368206024,0.8283613920211792,0.044038861989974976,0.10755816102027893,0.028775513172149658,0.8313822746276855
pretrained-h10-task04-init01,4,1,False,True,62,0.17515389621257782,0.9020141363143921,0.037455759942531586,0.11953353881835938,0.0028600692749023438,0.8095825910568237
pretrained-h10-task04-init01,4,1,False,True,63,0.17267875373363495,0.9156053066253662,0.02138639986515045,0.11940523236989975,0.006608903408050537,0.6885490417480469
pretrained-h10-task04-init01,4,1,False,True,64,0.1688511222600937,0.8633093237876892,0.012972934171557426,0.10543196648359299,-0.006666123867034912,0.610815167427063
pretrained-h10-task04-init01,4,1,False,True,65,0.19915327429771423,0.7555884122848511,0.01123540848493576,0.11020173877477646,-0.0003968477249145508,0.5282586812973022
pretrained-h10-task04-init01,4,1,False,True,66,0.20186655223369598,0.7551853060722351,0.009927365928888321,0.11846604198217392,0.005208194255828857,0.6011708974838257
pretrained-h10-task04-init01,4,1,False,True,67,0.21413736045360565,0.696098804473877,0.014585668221116066,0.1475466936826706,0.0017261505126953125,0.5081750154495239
pretrained-h10-task04-init01,4,1,False,True,68,0.21003755927085876,0.769946813583374,0.016387388110160828,0.14630305767059326,-0.0018251538276672363,0.3525165915489197
pretrained-h10-task04-init01,4,1,False,True,69,0.15785732865333557,0.8674542307853699,0.03145741671323776,0.13975310325622559,0.010083496570587158,0.5895857214927673
pretrained-h10-task04-init01,4,1,False,True,70,0.09839999675750732,1.022121787071228,0.028858942911028862,0.1381160467863083,0.01385200023651123,0.7121183276176453
pretrained-h10-task04-init01,4,1,False,True,71,0.10962684452533722,0.9724279642105103,0.04085462912917137,0.13702206313610077,0.034961819648742676,0.8033021688461304
pretrained-h10-task04-init01,4,1,False,True,72,0.12108796089887619,1.0603599548339844,0.044930487871170044,0.14024841785430908,0.050768136978149414,0.971946656703949
pretrained-h10-task04-init01,4,1,False,True,73,0.14171451330184937,1.0826847553253174,0.05131755396723747,0.12723693251609802,0.06404423713684082,0.976465106010437
pretrained-h10-task04-init01,4,1,False,True,74,0.13874509930610657,1.001033902168274,0.046151842921972275,0.13460291922092438,0.026334524154663086,0.9377381205558777
pretrained-h10-task04-init01,4,1,False,True,75,0.14577773213386536,0.9183279871940613,0.05273705720901489,0.1339174211025238,0.005855977535247803,0.8246625661849976
pretrained-h10-task04-init01,4,1,False,True,76,0.1351817101240158,0.9084610939025879,0.05690482258796692,0.11305072158575058,0.004615485668182373,0.8315876722335815
pretrained-h10-task04-init01,4,1,False,True,77,0.18929490447044373,0.8552660942077637,0.072517029941082,0.10963156074285507,0.0018104314804077148,0.7027584910392761
pretrained-h10-task04-init01,4,1,False,True,78,0.20948795974254608,0.8605815172195435,0.06587284803390503,0.09370662271976471,0.019913911819458008,0.6185712218284607
pretrained-h10-task04-init01,4,1,False,True,79,0.1840478628873825,0.7816638946533203,0.049292661249637604,0.09296900033950806,0.0203016996383667,0.6240851283073425
pretrained-h10-task04-init02,4,2,True,False,0,0.06911204755306244,0.6690191626548767,0.11005951464176178,0.1367468237876892,0.11366230249404907,0.8214792013168335
pretrained-h10-task04-init02,4,2,True,False,1,0.1086714118719101,0.6794444918632507,0.10059746354818344,0.1396816372871399,0.11527365446090698,0.8493756651878357
pretrained-h10-task04-init02,4,2,True,False,2,0.08764191716909409,0.7596986293792725,0.11410864442586899,0.1410250961780548,0.15321457386016846,1.02168607711792
pretrained-h10-task04-init02,4,2,True,False,3,0.12748311460018158,0.7875436544418335,0.12699203193187714,0.14289209246635437,0.18565714359283447,1.1451469659805298
pretrained-h10-task04-init02,4,2,True,False,4,0.1762436032295227,0.859786868095398,0.10916292667388916,0.13355885446071625,0.1296067237854004,1.169791579246521
pretrained-h10-task04-init02,4,2,True,False,5,0.17241108417510986,0.9291063547134399,0.12051934003829956,0.16007861495018005,0.17784392833709717,1.4630687236785889
pretrained-h10-task04-init02,4,2,True,False,6,0.15154391527175903,0.9867700338363647,0.1378685086965561,0.1649390608072281,0.18707144260406494,1.450652837753296
pretrained-h10-task04-init02,4,2,True,False,7,0.1788213700056076,0.9161047339439392,0.12878677248954773,0.17371171712875366,0.23103564977645874,1.5495569705963135
pretrained-h10-task04-init02,4,2,True,False,8,0.14585095643997192,0.940587043762207,0.13146966695785522,0.1447412371635437,0.21796560287475586,1.603225588798523
pretrained-h10-task04-init02,4,2,True,False,9,0.1982770413160324,0.8254916667938232,0.1280013471841812,0.17154663801193237,0.19902491569519043,1.4692773818969727
pretrained-h10-task04-init02,4,2,True,False,10,0.16469311714172363,0.8507701754570007,0.1056685671210289,0.1753557175397873,0.16599470376968384,1.5009357929229736
pretrained-h10-task04-init02,4,2,True,False,11,0.20482753217220306,0.9182519912719727,0.10577424615621567,0.18884631991386414,0.11268854141235352,1.3446834087371826
pretrained-h10-task04-init02,4,2,True,False,12,0.1727917641401291,0.8985929489135742,0.1022249311208725,0.15303465723991394,0.10245466232299805,1.3305063247680664
pretrained-h10-task04-init02,4,2,True,False,13,0.16353672742843628,0.8270478248596191,0.09665744006633759,0.14461065828800201,0.15759217739105225,1.2650901079177856
pretrained-h10-task04-init02,4,2,True,False,14,0.14116162061691284,0.9008646011352539,0.0906829684972763,0.17921189963817596,0.14063692092895508,1.3426871299743652
pretrained-h10-task04-init02,4,2,True,False,15,0.18221096694469452,0.8726150393486023,0.10280802100896835,0.1896885335445404,0.13003510236740112,1.325648307800293
pretrained-h10-task04-init02,4,2,True,False,16,0.17030465602874756,0.8362116813659668,0.08591769635677338,0.16954486072063446,0.15625303983688354,1.4304797649383545
pretrained-h10-task04-init02,4,2,True,False,17,0.20746485888957977,0.8342778086662292,0.09660100191831589,0.16277213394641876,0.18242770433425903,1.4243686199188232
pretrained-h10-task04-init02,4,2,True,False,18,0.17961136996746063,0.8639086484909058,0.14704197645187378,0.18426983058452606,0.182808518409729,1.4118746519088745
pretrained-h10-task04-init02,4,2,True,False,19,0.1912926286458969,0.8203482627868652,0.06084291264414787,0.16783294081687927,0.11460447311401367,1.4124330282211304
pretrained-h10-task04-init02,4,2,True,False,20,0.1839093416929245,0.8689424991607666,0.08217982947826385,0.15901175141334534,0.14323198795318604,1.5470287799835205
pretrained-h10-task04-init02,4,2,True,False,21,0.1665450781583786,0.9050382971763611,0.11108925193548203,0.18905997276306152,0.14890176057815552,1.5111606121063232
pretrained-h10-task04-init02,4,2,True,False,22,0.12005829811096191,0.8573139905929565,0.08144640177488327,0.14193513989448547,0.14838802814483643,1.382318377494812
pretrained-h10-task04-init02,4,2,True,False,23,0.17286299169063568,0.8491969108581543,0.06742426007986069,0.13025738298892975,0.13302183151245117,1.3051533699035645
pretrained-h10-task04-init02,4,2,True,False,24,0.171554297208786,0.7850677371025085,0.041701607406139374,0.15781338512897491,0.08449798822402954,1.2491116523742676
pretrained-h10-task04-init02,4,2,True,False,25,0.16074883937835693,0.7342151403427124,0.023978879675269127,0.223473459482193,0.051386356353759766,1.1440151929855347
pretrained-h10-task04-init02,4,2,True,False,26,0.1728089153766632,0.8185719847679138,0.016010070219635963,0.16861073672771454,0.027872741222381592,1.100151538848877
pretrained-h10-task04-init02,4,2,True,False,27,0.19204597175121307,0.8165572881698608,0.035538434982299805,0.15330567955970764,0.0007309913635253906,1.0104204416275024
pretrained-h10-task04-init02,4,2,True,False,28,0.17885112762451172,0.7985669374465942,0.0649518296122551,0.14501073956489563,0.071433424949646,0.8857013583183289
pretrained-h10-task04-init02,4,2,True,False,29,0.14997847378253937,0.7252554297447205,0.12880396842956543,0.11073096841573715,0.13404518365859985,0.8179780840873718
pretrained-h10-task04-init02,4,2,True,False,30,0.1364334225654602,0.8080956339836121,0.19441813230514526,0.08995495736598969,0.24952369928359985,0.8873202204704285
pretrained-h10-task04-init02,4,2,True,False,31,0.11978073418140411,0.793152928352356,0.2392878532409668,0.09212557971477509,0.2824465036392212,0.9774470329284668
pretrained-h10-task04-init02,4,2,True,False,32,0.11717921495437622,0.8727201223373413,0.2647515535354614,0.07889937609434128,0.35494160652160645,1.111114740371704
pretrained-h10-task04-init02,4,2,True,False,33,0.1230192705988884,0.940062403678894,0.34653767943382263,0.08327259123325348,0.48189401626586914,1.2139508724212646
pretrained-h10-task04-init02,4,2,True,False,34,0.10614921897649765,1.062089443206787,0.3288383483886719,0.08020778000354767,0.4315108060836792,1.3611078262329102
pretrained-h10-task04-init02,4,2,True,False,35,0.1655384749174118,1.062744140625,0.2928681969642639,0.08055400848388672,0.44178807735443115,1.4334520101547241
pretrained-h10-task04-init02,4,2,True,False,36,0.1583254039287567,1.1778874397277832,0.30074405670166016,0.10180430859327316,0.44260644912719727,1.591443419456482
pretrained-h10-task04-init02,4,2,True,False,37,0.2353663146495819,1.1953706741333008,0.24888873100280762,0.09204603731632233,0.4379098415374756,1.6117916107177734
pretrained-h10-task04-init02,4,2,True,False,38,0.16864013671875,1.1972079277038574,0.22437624633312225,0.07610268890857697,0.37611961364746094,1.6059969663619995
pretrained-h10-task04-init02,4,2,True,False,39,0.2063094675540924,1.2240736484527588,0.16312292218208313,0.07817905396223068,0.2777634859085083,1.4900760650634766
pretrained-h10-task04-init02,4,2,True,False,40,0.22368013858795166,1.0463769435882568,0.15696817636489868,0.07737185060977936,0.2855691909790039,1.2601845264434814
pretrained-h10-task04-init02,4,2,True,False,41,0.3032963275909424,1.0080820322036743,0.16393199563026428,0.08187109231948853,0.3140615224838257,1.3439488410949707
pretrained-h10-task04-init02,4,2,True,False,42,0.3118230104446411,0.9147230982780457,0.16979190707206726,0.08779865503311157,0.2769661545753479,1.2042803764343262
pretrained-h10-task04-init02,4,2,True,False,43,0.36839669942855835,0.8365721106529236,0.0840609222650528,0.07307660579681396,0.12827962636947632,1.0371246337890625
pretrained-h10-task04-init02,4,2,True,False,44,0.36299484968185425,0.8727788329124451,0.08097220957279205,0.087664894759655,0.016757309436798096,0.8365583419799805
pretrained-h10-task04-init02,4,2,True,False,45,0.31372278928756714,0.6937907934188843,0.029695546254515648,0.06672612577676773,-0.030855298042297363,0.6276487112045288
pretrained-h10-task04-init02,4,2,True,False,46,0.12549689412117004,0.7835899591445923,0.02017991803586483,0.06368699669837952,-0.004202365875244141,0.8116499781608582
pretrained-h10-task04-init02,4,2,True,False,47,0.14818404614925385,0.8706761598587036,0.012768338434398174,0.06336261332035065,-0.0240018367767334,0.8731284141540527
pretrained-h10-task04-init02,4,2,True,False,48,0.20726577937602997,0.8776345252990723,0.01253433059900999,0.06940726935863495,-0.012603402137756348,1.0207982063293457
pretrained-h10-task04-init02,4,2,True,False,49,0.12975503504276276,1.0989830493927002,0.004435233771800995,0.07795794308185577,0.01015925407409668,1.289183259010315
pretrained-h10-task04-init02,4,2,True,False,50,0.21563148498535156,1.0609678030014038,0.005088757257908583,0.0902240201830864,0.02374112606048584,1.3400332927703857
pretrained-h10-task04-init02,4,2,True,False,51,0.13076956570148468,1.1532734632492065,0.0336294062435627,0.10935662686824799,0.08585035800933838,1.6288269758224487
pretrained-h10-task04-init02,4,2,True,False,52,0.15746121108531952,1.1319688558578491,0.027860363945364952,0.10035204887390137,0.06039559841156006,1.588363528251648
pretrained-h10-task04-init02,4,2,True,False,53,0.23770777881145477,1.028029441833496,0.04810534045100212,0.13977283239364624,0.0736379623413086,1.5395783185958862
pretrained-h10-task04-init02,4,2,True,False,54,0.1289244294166565,1.1725754737854004,0.07314284145832062,0.10224713385105133,0.1472848653793335,1.5019196271896362
pretrained-h10-task04-init02,4,2,True,False,55,0.1456678807735443,1.0798825025558472,0.08668207377195358,0.10634025186300278,0.16800940036773682,1.5043327808380127
pretrained-h10-task04-init02,4,2,True,False,56,0.17733418941497803,0.9421666860580444,0.11240174621343613,0.10928307473659515,0.22152554988861084,1.4975489377975464
pretrained-h10-task04-init02,4,2,True,False,57,0.1445760726928711,0.9412080645561218,0.11848532408475876,0.12655621767044067,0.22324103116989136,1.5790607929229736
pretrained-h10-task04-init02,4,2,True,False,58,0.22371944785118103,0.8709921836853027,0.11952762305736542,0.15699425339698792,0.15319228172302246,1.5380675792694092
pretrained-h10-task04-init02,4,2,True,False,59,0.224470853805542,0.8701720237731934,0.11635779589414597,0.1643073856830597,0.08568465709686279,1.4238755702972412
pretrained-h10-task04-init02,4,2,True,False,60,0.23242001235485077,0.8454009890556335,0.12307658791542053,0.1886024922132492,0.14277315139770508,1.3409889936447144
pretrained-h10-task04-init02,4,2,True,False,61,0.2617875039577484,0.7979397773742676,0.09186261892318726,0.1498156487941742,0.08743304014205933,1.2483919858932495
pretrained-h10-task04-init02,4,2,True,False,62,0.17907540500164032,0.8069334030151367,0.06831367313861847,0.12232337892055511,0.08459329605102539,1.2108042240142822
pretrained-h10-task04-init02,4,2,True,False,63,0.27316030859947205,0.7719303369522095,0.08128982782363892,0.09796623885631561,0.0695386528968811,1.1346986293792725
pretrained-h10-task04-init02,4,2,True,False,64,0.23448465764522552,0.8024120330810547,0.08695816248655319,0.10382519662380219,0.04733312129974365,1.0816833972930908
pretrained-h10-task04-init02,4,2,True,False,65,0.3077167868614197,0.7988823652267456,0.0800774097442627,0.115558922290802,0.04474836587905884,1.070969581604004
pretrained-h10-task04-init02,4,2,True,False,66,0.20005035400390625,0.796310305595398,0.06338995695114136,0.09503813832998276,0.04479026794433594,0.9403771758079529
pretrained-h10-task04-init02,4,2,True,False,67,0.1537330448627472,0.8044924736022949,0.06175801157951355,0.10076384991407394,0.06416594982147217,0.9129154682159424
pretrained-h10-task04-init02,4,2,True,False,68,0.16107916831970215,0.790503203868866,0.05827982351183891,0.09161683171987534,0.11508721113204956,0.9111959338188171
pretrained-h10-task04-init02,4,2,True,False,69,0.17075519263744354,0.8187484741210938,0.0624668225646019,0.09553029388189316,0.09220528602600098,0.932147204875946
pretrained-h10-task04-init02,4,2,True,False,70,0.12913745641708374,0.9761240482330322,0.04470604658126831,0.08691377937793732,0.08413910865783691,1.0453455448150635
pretrained-h10-task04-init02,4,2,True,False,71,0.11195674538612366,1.025132179260254,0.04537037014961243,0.07646717131137848,0.11806726455688477,1.1632684469223022
pretrained-h10-task04-init02,4,2,True,False,72,0.13709807395935059,0.9208313822746277,0.039091385900974274,0.07728412002325058,0.11898094415664673,1.099815845489502
pretrained-h10-task04-init02,4,2,True,False,73,0.10843874514102936,0.9174914360046387,0.03979143500328064,0.07765714079141617,0.10918319225311279,1.0781829357147217
pretrained-h10-task04-init02,4,2,True,False,74,0.11829110980033875,0.7807706594467163,0.04666547477245331,0.0868813619017601,0.09626227617263794,0.9080967903137207
pretrained-h10-task04-init02,4,2,True,False,75,0.10960491001605988,0.7696241140365601,0.047054409980773926,0.095404252409935,0.07982218265533447,0.8337212800979614
pretrained-h10-task04-init02,4,2,True,False,76,0.15765610337257385,0.6953758001327515,0.03991366922855377,0.11136665940284729,0.02427774667739868,0.7452279329299927
pretrained-h10-task04-init02,4,2,True,False,77,0.17069582641124725,0.6857599020004272,0.045368414372205734,0.1433965414762497,-0.017498672008514404,0.6911303400993347
pretrained-h10-task04-init02,4,2,True,False,78,0.15864257514476776,0.7108340263366699,0.036135248839855194,0.13786929845809937,-0.031054973602294922,0.6924067735671997
pretrained-h10-task04-init02,4,2,True,False,79,0.21041977405548096,0.707709550857544,0.031819600611925125,0.1353677213191986,-0.020369887351989746,0.7342615127563477
pretrained-h10-task05-init00,5,0,False,True,0,0.07082949578762054,0.5833724737167358,0.1996515691280365,0.11704060435295105,0.1590266227722168,0.7480565905570984
pretrained-h10-task05-init00,5,0,False,True,1,0.128183513879776,0.6453571319580078,0.2413627952337265,0.11514504998922348,0.17802000045776367,0.8470747470855713
pretrained-h10-task05-init00,5,0,False,True,2,0.1097484678030014,0.7339315414428711,0.23864345252513885,0.11759132146835327,0.21509885787963867,1.0178353786468506
pretrained-h10-task05-init00,5,0,False,True,3,0.14315152168273926,0.7663373351097107,0.22629348933696747,0.147742360830307,0.22398334741592407,1.0125325918197632
pretrained-h10-task05-init00,5,0,False,True,4,0.1410520374774933,0.8835955858230591,0.24532608687877655,0.15160131454467773,0.20647084712982178,1.1168493032455444
pretrained-h10-task05-init00,5,0,False,True,5,0.19949065148830414,0.7872075438499451,0.1788678765296936,0.13564686477184296,0.18062740564346313,1.0717980861663818
pretrained-h10-task05-init00,5,0,False,True,6,0.17676882445812225,0.7458739280700684,0.10209431499242783,0.10451888293027878,0.10492819547653198,1.0623667240142822
pretrained-h10-task05-init00,5,0,False,True,7,0.13270685076713562,0.7913097143173218,0.09001678228378296,0.10994382947683334,0.08852183818817139,1.0424778461456299
pretrained-h10-task05-init00,5,0,False,True,8,0.13700374960899353,0.7556597590446472,0.06868642568588257,0.14319437742233276,0.039903879165649414,0.9326832294464111
pretrained-h10-task05-init00,5,0,False,True,9,0.1376696527004242,0.7589846849441528,0.04701909422874451,0.12252438068389893,0.01727604866027832,0.9005992412567139
pretrained-h10-task05-init00,5,0,False,True,10,0.13361330330371857,0.8397065997123718,0.043103814125061035,0.11939951777458191,0.0024979710578918457,0.9305607676506042
pretrained-h10-task05-init00,5,0,False,True,11,0.17059849202632904,0.9884209632873535,0.04211956262588501,0.0981033593416214,0.010052204132080078,1.0137909650802612
pretrained-h10-task05-init00,5,0,False,True,12,0.1262485682964325,0.9269036054611206,0.05582711100578308,0.10183204710483551,0.032051682472229004,1.0551609992980957
pretrained-h10-task05-init00,5,0,False,True,13,0.19045430421829224,1.0180470943450928,0.0712820291519165,0.130090594291687,0.024726033210754395,1.0953891277313232
pretrained-h10-task05-init00,5,0,False,True,14,0.12916910648345947,1.0056289434432983,0.10692506283521652,0.09479960054159164,-0.0025415420532226562,1.0933175086975098
pretrained-h10-task05-init00,5,0,False,True,15,0.16054677963256836,0.890587329864502,0.15237854421138763,0.13054047524929047,0.1104893684387207,1.010424017906189
pretrained-h10-task05-init00,5,0,False,True,16,0.18710875511169434,1.0230106115341187,0.29937273263931274,0.17771868407726288,0.12305474281311035,1.0903103351593018
pretrained-h10-task05-init00,5,0,False,True,17,0.11554696410894394,0.9901418685913086,0.30860620737075806,0.18708668649196625,0.17320013046264648,0.9841427206993103
pretrained-h10-task05-init00,5,0,False,True,18,0.11421763896942139,1.0816267728805542,0.45677170157432556,0.20300374925136566,0.14951562881469727,1.0678980350494385
pretrained-h10-task05-init00,5,0,False,True,19,0.15303263068199158,1.160365104675293,0.6475586295127869,0.30151891708374023,-0.02946949005126953,0.9721176028251648
pretrained-h10-task05-init00,5,0,False,True,20,0.19303449988365173,1.1703431606292725,0.70513916015625,0.38863882422447205,-0.07167947292327881,1.060829997062683
pretrained-h10-task05-init00,5,0,False,True,21,0.16323135793209076,1.1535176038742065,0.587714672088623,0.2721492648124695,0.007410883903503418,1.1089575290679932
pretrained-h10-task05-init00,5,0,False,True,22,0.17578157782554626,1.2199068069458008,0.645788848400116,0.367105096578598,-0.01248157024383545,1.1981209516525269
pretrained-h10-task05-init00,5,0,False,True,23,0.14588648080825806,1.1640905141830444,0.5327697992324829,0.2907405197620392,-0.06760740280151367,1.3311978578567505
pretrained-h10-task05-init00,5,0,False,True,24,0.20198218524456024,1.258422613143921,0.4130629301071167,0.25172552466392517,0.0022063255310058594,1.6901459693908691
pretrained-h10-task05-init00,5,0,False,True,25,0.1847236007452011,1.1053298711776733,0.148847296833992,0.1597999781370163,-0.004081606864929199,1.3961682319641113
pretrained-h10-task05-init00,5,0,False,True,26,0.1856062114238739,1.077641248703003,0.11673779785633087,0.1259882152080536,0.10724413394927979,1.3597793579101562
pretrained-h10-task05-init00,5,0,False,True,27,0.17274264991283417,1.0209792852401733,0.05224834382534027,0.10841463506221771,0.06457388401031494,1.384993314743042
pretrained-h10-task05-init00,5,0,False,True,28,0.19031062722206116,1.0021991729736328,0.04269569367170334,0.09717883914709091,0.04313361644744873,1.2764968872070312
pretrained-h10-task05-init00,5,0,False,True,29,0.1919422447681427,0.892888069152832,0.01675466261804104,0.07521773129701614,0.002670764923095703,1.1882259845733643
pretrained-h10-task05-init00,5,0,False,True,30,0.20352058112621307,0.7576525211334229,0.007953713648021221,0.07531096041202545,-0.009932398796081543,0.9313470721244812
pretrained-h10-task05-init00,5,0,False,True,31,0.20112967491149902,0.6073201894760132,0.004188666120171547,0.0742356926202774,-0.0009917020797729492,0.6866644620895386
pretrained-h10-task05-init00,5,0,False,True,32,0.14374437928199768,0.6596823930740356,0.0020725498907268047,0.07746557146310806,0.005320072174072266,0.44928058981895447
pretrained-h10-task05-init00,5,0,False,True,33,0.17047175765037537,0.6306850910186768,0.0017839130014181137,0.08342304080724716,0.0064285993576049805,0.35621464252471924
pretrained-h10-task05-init00,5,0,False,True,34,0.06551890820264816,0.7421736717224121,0.0018835640512406826,0.07535038888454437,0.004878997802734375,0.48194921016693115
pretrained-h10-task05-init00,5,0,False,True,35,0.053758010268211365,0.7963629961013794,0.00205153226852417,0.0786806270480156,0.008835315704345703,0.5712994933128357
pretrained-h10-task05-init00,5,0,False,True,36,0.06474776566028595,0.8245221972465515,0.002709717955440283,0.07894334197044373,0.01210719347000122,0.6568119525909424
pretrained-h10-task05-init00,5,0,False,True,37,0.0788067877292633,0.8762170672416687,0.0036673936992883682,0.08032268285751343,0.008924484252929688,0.7628504037857056
pretrained-h10-task05-init00,5,0,False,True,38,0.09237941354513168,0.9076167941093445,0.004846455994993448,0.09257122874259949,0.019352436065673828,0.8052918910980225
pretrained-h10-task05-init00,5,0,False,True,39,0.10946150124073029,0.8816843032836914,0.006117388606071472,0.09550894796848297,0.02441716194152832,0.7903636693954468
pretrained-h10-task05-init00,5,0,False,True,40,0.15220454335212708,0.8628000020980835,0.009354549460113049,0.09493853896856308,0.0454862117767334,0.6433612108230591
pretrained-h10-task05-init00,5,0,False,True,41,0.17485277354717255,0.8991073369979858,0.012531842105090618,0.0979473888874054,0.05360758304595947,0.6563366651535034
pretrained-h10-task05-init00,5,0,False,True,42,0.13786044716835022,0.8328289985656738,0.02176286280155182,0.1035817489027977,0.08282393217086792,0.6064350605010986
pretrained-h10-task05-init00,5,0,False,True,43,0.13751965761184692,0.7846966981887817,0.02697141468524933,0.0955783873796463,0.10857510566711426,0.5532559156417847
pretrained-h10-task05-init00,5,0,False,True,44,0.1253446340560913,0.7018712759017944,0.034371115267276764,0.08687669038772583,0.1023322343826294,0.6242247819900513
pretrained-h10-task05-init00,5,0,False,True,45,0.1045977920293808,0.7704709768295288,0.051854997873306274,0.0930456668138504,0.13598549365997314,0.6707921028137207
pretrained-h10-task05-init00,5,0,False,True,46,0.1573885828256607,0.7644739151000977,0.07473208755254745,0.09610944986343384,0.16763269901275635,0.7419533133506775
pretrained-h10-task05-init00,5,0,False,True,47,0.12262576818466187,0.8170584440231323,0.07799004018306732,0.08082126080989838,0.18520259857177734,0.8201298713684082
pretrained-h10-task05-init00,5,0,False,True,48,0.1279226541519165,0.7826749086380005,0.10535071790218353,0.09237466752529144,0.13699603080749512,0.7215556502342224
pretrained-h10-task05-init00,5,0,False,True,49,0.17169222235679626,0.7625589370727539,0.09067866206169128,0.07521206885576248,0.12269103527069092,0.6850731372833252
pretrained-h10-task05-init00,5,0,False,True,50,0.17135819792747498,0.747218132019043,0.061967507004737854,0.08272453397512436,0.0890015959739685,0.619148850440979
pretrained-h10-task05-init00,5,0,False,True,51,0.1664949357509613,0.7545568943023682,0.056320808827877045,0.07716988772153854,0.07118165493011475,0.588481068611145
pretrained-h10-task05-init00,5,0,False,True,52,0.14812782406806946,0.6702608466148376,0.05078636854887009,0.07405436038970947,0.06616020202636719,0.5562151074409485
pretrained-h10-task05-init00,5,0,False,True,53,0.12546074390411377,0.6167589426040649,0.050882041454315186,0.08280489593744278,0.057083964347839355,0.5149254202842712
pretrained-h10-task05-init00,5,0,False,True,54,0.11095011234283447,0.594941258430481,0.021564524620771408,0.07397401332855225,0.03157508373260498,0.37737464904785156
pretrained-h10-task05-init00,5,0,False,True,55,0.09805430471897125,0.6053049564361572,0.020935289561748505,0.07090246677398682,-0.02177894115447998,0.3097081780433655
pretrained-h10-task05-init00,5,0,False,True,56,0.12258818000555038,0.5851115584373474,0.007958873175084591,0.12314827740192413,-0.006904900074005127,0.22610168159008026
pretrained-h10-task05-init00,5,0,False,True,57,0.1109929233789444,0.6296008825302124,0.010431654751300812,0.1350293606519699,-0.01925194263458252,0.2524087429046631
pretrained-h10-task05-init00,5,0,False,True,58,0.11325454711914062,0.6163232922554016,0.0229420717805624,0.17256462574005127,0.014875471591949463,0.34798717498779297
pretrained-h10-task05-init00,5,0,False,True,59,0.0534839890897274,0.691417396068573,0.043364547193050385,0.21629014611244202,-0.05329471826553345,0.4224437177181244
pretrained-h10-task05-init00,5,0,False,True,60,0.07165632396936417,0.7333879470825195,0.0519612692296505,0.26979830861091614,-0.016522705554962158,0.47588032484054565
pretrained-h10-task05-init00,5,0,False,True,61,0.1351277232170105,0.8020037412643433,0.0410323441028595,0.26332706212997437,-0.015403151512145996,0.5381791591644287
pretrained-h10-task05-init00,5,0,False,True,62,0.0973949059844017,0.8105487823486328,0.029978588223457336,0.23132562637329102,0.006746411323547363,0.6312965750694275
pretrained-h10-task05-init00,5,0,False,True,63,0.04465406760573387,0.8179216384887695,0.030256744474172592,0.2198319435119629,0.023255527019500732,0.6450637578964233
pretrained-h10-task05-init00,5,0,False,True,64,0.0681382343173027,0.7258167266845703,0.01703743264079094,0.1754319965839386,0.012700021266937256,0.5167258381843567
pretrained-h10-task05-init00,5,0,False,True,65,0.12459318339824677,0.7198259234428406,0.020733105018734932,0.12942838668823242,0.00283050537109375,0.43611177802085876
pretrained-h10-task05-init00,5,0,False,True,66,0.18183951079845428,0.6480385661125183,0.0393790528178215,0.08292020857334137,0.019768178462982178,0.31912142038345337
pretrained-h10-task05-init00,5,0,False,True,67,0.1724766194820404,0.6079645156860352,0.055384717881679535,0.1040726900100708,-0.008290767669677734,0.18176373839378357
pretrained-h10-task05-init00,5,0,False,True,68,0.18778789043426514,0.6074146032333374,0.04483594000339508,0.09373009204864502,0.02429783344268799,0.27476465702056885
pretrained-h10-task05-init00,5,0,False,True,69,0.2166968584060669,0.5883218050003052,0.08776722848415375,0.1087450385093689,0.009253144264221191,0.37686440348625183
pretrained-h10-task05-init00,5,0,False,True,70,0.1203198954463005,0.6877710819244385,0.07297089695930481,0.10111388564109802,0.012922704219818115,0.5789247155189514
pretrained-h10-task05-init00,5,0,False,True,71,0.05245500057935715,0.7036647796630859,0.06507418304681778,0.10617335885763168,-0.002197742462158203,0.6935498118400574
pretrained-h10-task05-init00,5,0,False,True,72,0.12214532494544983,0.7300302386283875,0.050284355878829956,0.0927334651350975,0.006933033466339111,0.7365064024925232
pretrained-h10-task05-init00,5,0,False,True,73,0.11504559963941574,0.6124922037124634,0.04098333418369293,0.08431188762187958,0.0010543465614318848,0.6327821612358093
pretrained-h10-task05-init00,5,0,False,True,74,0.15199647843837738,0.61887127161026,0.031975340098142624,0.10575036704540253,-0.004869401454925537,0.5507657527923584
pretrained-h10-task05-init00,5,0,False,True,75,0.13342197239398956,0.5618360042572021,0.012010090053081512,0.09929816424846649,-0.0007405877113342285,0.42441266775131226
pretrained-h10-task05-init00,5,0,False,True,76,0.10354715585708618,0.6129042506217957,0.009146511554718018,0.1680108904838562,-0.01658529043197632,0.24757885932922363
pretrained-h10-task05-init00,5,0,False,True,77,0.15233156085014343,0.5948799848556519,0.020641259849071503,0.19472536444664001,-0.03388369083404541,0.16474682092666626
pretrained-h10-task05-init00,5,0,False,True,78,0.13801784813404083,0.6936092376708984,0.035669535398483276,0.2722330093383789,-0.030651569366455078,0.31720125675201416
pretrained-h10-task05-init00,5,0,False,True,79,0.14502671360969543,0.7565755844116211,0.04707293212413788,0.2529166340827942,-0.02536749839782715,0.4805426597595215
pretrained-h10-task05-init01,5,1,False,True,0,0.06927934288978577,0.5546165704727173,0.15522217750549316,0.12562552094459534,0.17823004722595215,0.8704046010971069
pretrained-h10-task05-init01,5,1,False,True,1,0.07566805183887482,0.6223118305206299,0.16296301782131195,0.14561061561107635,0.20246779918670654,0.9359005689620972
pretrained-h10-task05-init01,5,1,False,True,2,0.12283962965011597,0.6670870780944824,0.1818053126335144,0.15159860253334045,0.21630215644836426,1.031408429145813
pretrained-h10-task05-init01,5,1,False,True,3,0.13522616028785706,0.7881667017936707,0.17254501581192017,0.13901059329509735,0.25628048181533813,1.1827061176300049
pretrained-h10-task05-init01,5,1,False,True,4,0.14897149801254272,0.8178200721740723,0.139754980802536,0.13186943531036377,0.16907155513763428,1.1770299673080444
pretrained-h10-task05-init01,5,1,False,True,5,0.1358182281255722,0.6618595123291016,0.1797415018081665,0.14409953355789185,0.23759335279464722,1.0962923765182495
pretrained-h10-task05-init01,5,1,False,True,6,0.14713309705257416,0.6689979434013367,0.10375647246837616,0.09042339026927948,0.07152050733566284,1.0654877424240112
pretrained-h10-task05-init01,5,1,False,True,7,0.1723179817199707,0.7052547335624695,0.09280654788017273,0.1536068618297577,0.039524078369140625,1.0192821025848389
pretrained-h10-task05-init01,5,1,False,True,8,0.14153823256492615,0.6730376482009888,0.0640389695763588,0.10546424239873886,0.03451716899871826,0.9359302520751953
pretrained-h10-task05-init01,5,1,False,True,9,0.13015615940093994,0.6701195240020752,0.04369812831282616,0.09039773792028427,0.012115240097045898,0.8648809194564819
pretrained-h10-task05-init01,5,1,False,True,10,0.17672601342201233,0.8531045913696289,0.03947579115629196,0.10114707797765732,0.013314962387084961,0.9882468581199646
pretrained-h10-task05-init01,5,1,False,True,11,0.17693041265010834,0.9014296531677246,0.03661128506064415,0.10511529445648193,0.030039668083190918,1.1282176971435547
pretrained-h10-task05-init01,5,1,False,True,12,0.16453927755355835,1.0007870197296143,0.03239133208990097,0.09436734765768051,-0.0028340816497802734,1.1731774806976318
pretrained-h10-task05-init01,5,1,False,True,13,0.1962370127439499,1.0013203620910645,0.038317058235406876,0.12321152538061142,0.025896787643432617,1.22890305519104
pretrained-h10-task05-init01,5,1,False,True,14,0.15177813172340393,0.9411745071411133,0.056069161742925644,0.10561178624629974,0.004484057426452637,1.1988204717636108
pretrained-h10-task05-init01,5,1,False,True,15,0.16389796137809753,0.9123989939689636,0.06542885303497314,0.10001687705516815,0.0298956036567688,1.152860164642334
pretrained-h10-task05-init01,5,1,False,True,16,0.14596711099147797,0.9818009734153748,0.08177275210618973,0.1307375431060791,0.044337332248687744,1.110229730606079
pretrained-h10-task05-init01,5,1,False,True,17,0.14869481325149536,0.9542037844657898,0.12452952563762665,0.11139263957738876,0.08343344926834106,1.141406774520874
pretrained-h10-task05-init01,5,1,False,True,18,0.13893632590770721,1.0207726955413818,0.2441980242729187,0.17107556760311127,0.08830428123474121,1.0535848140716553
pretrained-h10-task05-init01,5,1,False,True,19,0.16742557287216187,1.1022510528564453,0.2707700729370117,0.15448877215385437,0.16887450218200684,1.136834740638733
pretrained-h10-task05-init01,5,1,False,True,20,0.2408692091703415,1.171136736869812,0.3817485272884369,0.1626363843679428,0.07157814502716064,1.186769962310791
pretrained-h10-task05-init01,5,1,False,True,21,0.2143467366695404,1.105218768119812,0.45502766966819763,0.25441646575927734,0.08877575397491455,0.93863844871521
pretrained-h10-task05-init01,5,1,False,True,22,0.2367020845413208,1.1604329347610474,0.4568127393722534,0.2817320227622986,0.045925140380859375,0.9380635023117065
pretrained-h10-task05-init01,5,1,False,True,23,0.15086787939071655,1.2182835340499878,0.6151553988456726,0.3714067339897156,-0.0225297212600708,1.0142462253570557
pretrained-h10-task05-init01,5,1,False,True,24,0.17076626420021057,1.244388222694397,0.6069374084472656,0.3045184016227722,0.06417214870452881,0.9654383659362793
pretrained-h10-task05-init01,5,1,False,True,25,0.17538294196128845,1.3393077850341797,0.5047129392623901,0.16451644897460938,-0.022188305854797363,1.1317698955535889
pretrained-h10-task05-init01,5,1,False,True,26,0.176646888256073,1.2822349071502686,0.3986167907714844,0.18257072567939758,0.042939186096191406,1.1807315349578857
pretrained-h10-task05-init01,5,1,False,True,27,0.2014336884021759,1.2464797496795654,0.300805926322937,0.19077610969543457,0.0685722827911377,1.6129359006881714
pretrained-h10-task05-init01,5,1,False,True,28,0.16706296801567078,1.1779379844665527,0.17910298705101013,0.12914085388183594,0.1521470546722412,1.5391855239868164
pretrained-h10-task05-init01,5,1,False,True,29,0.19338613748550415,1.0801970958709717,0.15513870120048523,0.15359696745872498,0.146431565284729,1.50766122341156
pretrained-h10-task05-init01,5,1,False,True,30,0.19468292593955994,0.9929391741752625,0.09009772539138794,0.1325978934764862,0.11861997842788696,1.5120162963867188
pretrained-h10-task05-init01,5,1,False,True,31,0.21863099932670593,0.9640212059020996,0.03562233969569206,0.13227242231369019,0.06731319427490234,1.3928368091583252
pretrained-h10-task05-init01,5,1,False,True,32,0.2283426970243454,0.8987457752227783,0.027938496321439743,0.1176307201385498,0.07509827613830566,1.410970687866211
pretrained-h10-task05-init01,5,1,False,True,33,0.16505759954452515,0.8514941930770874,0.010308509692549706,0.08740727603435516,0.04356348514556885,1.2069799900054932
pretrained-h10-task05-init01,5,1,False,True,34,0.18233153223991394,0.7627169489860535,0.005166036542505026,0.08230605721473694,0.018804490566253662,1.0928421020507812
pretrained-h10-task05-init01,5,1,False,True,35,0.18543416261672974,0.7519969940185547,0.005061077419668436,0.08858054131269455,0.004375934600830078,0.9157505035400391
pretrained-h10-task05-init01,5,1,False,True,36,0.34488558769226074,0.6812281608581543,0.0052405125461518764,0.0821463093161583,0.014977335929870605,0.745162844657898
pretrained-h10-task05-init01,5,1,False,True,37,0.1922934502363205,0.5957798957824707,0.00350984837859869,0.08204565942287445,0.013136625289916992,0.34653422236442566
pretrained-h10-task05-init01,5,1,False,True,38,0.11775176227092743,0.6305362582206726,0.005412170197814703,0.09541138261556625,0.018144309520721436,0.43305522203445435
pretrained-h10-task05-init01,5,1,False,True,39,0.12574408948421478,0.7061686515808105,0.005123610142618418,0.0872068852186203,0.026099205017089844,0.4625585973262787
pretrained-h10-task05-init01,5,1,False,True,40,0.11755909770727158,0.699806809425354,0.008063169196248055,0.07922353595495224,0.036861300468444824,0.5292233228683472
pretrained-h10-task05-init01,5,1,False,True,41,0.16280411183834076,0.8041869401931763,0.0075598908588290215,0.08595462888479233,0.03732776641845703,0.5502924919128418
pretrained-h10-task05-init01,5,1,False,True,42,0.11728766560554504,0.7559710741043091,0.012502409517765045,0.08083072304725647,0.05799078941345215,0.5609891414642334
pretrained-h10-task05-init01,5,1,False,True,43,0.11519920825958252,0.8463174700737,0.010647572576999664,0.09289170801639557,0.04503709077835083,0.6184179782867432
pretrained-h10-task05-init01,5,1,False,True,44,0.12655237317085266,0.8601061701774597,0.01227128691971302,0.08398798108100891,0.050862133502960205,0.6013967990875244
pretrained-h10-task05-init01,5,1,False,True,45,0.12210072576999664,0.826591968536377,0.011798441410064697,0.09092646837234497,0.04492086172103882,0.5831354856491089
pretrained-h10-task05-init01,5,1,False,True,46,0.12899723649024963,0.8531709909439087,0.015230333432555199,0.09581290185451508,0.05831897258758545,0.5722209215164185
pretrained-h10-task05-init01,5,1,False,True,47,0.11196168512105942,0.7829651832580566,0.020408770069479942,0.08876248449087143,0.06522130966186523,0.5571867823600769
pretrained-h10-task05-init01,5,1,False,True,48,0.25154465436935425,0.7995814085006714,0.0242832750082016,0.09512205421924591,0.07100635766983032,0.5685112476348877
pretrained-h10-task05-init01,5,1,False,True,49,0.19366493821144104,0.8671600818634033,0.025473371148109436,0.11261957883834839,0.061608314514160156,0.6441574692726135
pretrained-h10-task05-init01,5,1,False,True,50,0.16519047319889069,0.7566975355148315,0.04059875011444092,0.0979682058095932,0.13201332092285156,0.5571765303611755
pretrained-h10-task05-init01,5,1,False,True,51,0.12387074530124664,0.8111099600791931,0.047040920704603195,0.09283314645290375,0.12158185243606567,0.6625223159790039
pretrained-h10-task05-init01,5,1,False,True,52,0.1519416868686676,0.780643105506897,0.07784593105316162,0.11858564615249634,0.12621569633483887,0.7554587125778198
pretrained-h10-task05-init01,5,1,False,True,53,0.13859638571739197,0.7425308227539062,0.10421406477689743,0.16809123754501343,0.1210295557975769,0.7309384346008301
pretrained-h10-task05-init01,5,1,False,True,54,0.1497160792350769,0.6799201965332031,0.11075436323881149,0.13827243447303772,0.09594988822937012,0.6452572345733643
pretrained-h10-task05-init01,5,1,False,True,55,0.1730402410030365,0.6827897429466248,0.08342508971691132,0.12782064080238342,0.051590681076049805,0.5614504814147949
pretrained-h10-task05-init01,5,1,False,True,56,0.13736921548843384,0.7304208278656006,0.06577890366315842,0.11068233847618103,0.041706204414367676,0.6245742440223694
pretrained-h10-task05-init01,5,1,False,True,57,0.13959775865077972,0.6419726610183716,0.026906123384833336,0.06852502375841141,0.00047588348388671875,0.5236506462097168
pretrained-h10-task05-init01,5,1,False,True,58,0.15786021947860718,0.6920351982116699,0.01332246046513319,0.0724959671497345,-0.0255315899848938,0.5087946653366089
pretrained-h10-task05-init01,5,1,False,True,59,0.11013948172330856,0.6850062608718872,0.010305801406502724,0.09922568500041962,-0.03144043684005737,0.37740954756736755
pretrained-h10-task05-init01,5,1,False,True,60,0.11494364589452744,0.6829315423965454,0.01678519695997238,0.12546221911907196,-0.03071075677871704,0.3644255995750427
pretrained-h10-task05-init01,5,1,False,True,61,0.20012205839157104,0.5984057784080505,0.014535320922732353,0.1229482889175415,-0.010495901107788086,0.35005253553390503
pretrained-h10-task05-init01,5,1,False,True,62,0.13476699590682983,0.5721208453178406,0.02759302407503128,0.11780806630849838,-0.010683596134185791,0.3365475833415985
pretrained-h10-task05-init01,5,1,False,True,63,0.09318014234304428,0.6700201034545898,0.0571242980659008,0.17140385508537292,-0.01599752902984619,0.424674391746521
pretrained-h10-task05-init01,5,1,False,True,64,0.07879896461963654,0.7106439471244812,0.10836483538150787,0.2569921016693115,0.04136085510253906,0.5308279395103455
pretrained-h10-task05-init01,5,1,False,True,65,0.0902278870344162,0.817171573638916,0.13759154081344604,0.3328765630722046,0.06237667798995972,0.7045490145683289
pretrained-h10-task05-init01,5,1,False,True,66,0.06571212410926819,0.902341365814209,0.14379993081092834,0.31084108352661133,0.03501880168914795,0.9647268056869507
pretrained-h10-task05-init01,5,1,False,True,67,0.109198659658432,0.886074960231781,0.13627657294273376,0.2555529475212097,0.03872436285018921,0.9979960918426514
pretrained-h10-task05-init01,5,1,False,True,68,0.14588789641857147,0.9154877662658691,0.1248045265674591,0.24282416701316833,-0.0012951493263244629,1.027209997177124
pretrained-h10-task05-init01,5,1,False,True,69,0.14792019128799438,0.9176965951919556,0.1606678068637848,0.2094472497701645,-0.05436265468597412,0.8989703059196472
pretrained-h10-task05-init01,5,1,False,True,70,0.09924089908599854,0.8885961771011353,0.12487161159515381,0.2137313336133957,-0.08605194091796875,0.7572216987609863
pretrained-h10-task05-init01,5,1,False,True,71,0.12023979425430298,0.9146201014518738,0.13038955628871918,0.21373367309570312,-0.11012297868728638,0.7414541244506836
pretrained-h10-task05-init01,5,1,False,True,72,0.1295676976442337,0.8793243765830994,0.09241409599781036,0.14729154109954834,-0.09952807426452637,0.7125471830368042
pretrained-h10-task05-init01,5,1,False,True,73,0.15896250307559967,0.8475269079208374,0.10073983669281006,0.14202401041984558,-0.14019322395324707,0.6377732157707214
pretrained-h10-task05-init01,5,1,False,True,74,0.17094415426254272,0.7930054068565369,0.05666595697402954,0.09475168585777283,-0.09898972511291504,0.43302685022354126
pretrained-h10-task05-init01,5,1,False,True,75,0.2781182825565338,0.7170712351799011,0.0296580009162426,0.08412164449691772,-0.07563477754592896,0.4000927209854126
pretrained-h10-task05-init01,5,1,False,True,76,0.2006414830684662,0.7979452013969421,0.023677006363868713,0.08719055354595184,-0.0431024432182312,0.502325177192688
pretrained-h10-task05-init01,5,1,False,True,77,0.10787486284971237,0.714279055595398,0.006817223504185677,0.08813487738370895,-0.014137625694274902,0.5516968965530396
pretrained-h10-task05-init01,5,1,False,True,78,0.10080459713935852,0.7756930589675903,0.004198295995593071,0.07971776276826859,-0.00032651424407958984,0.6243352890014648
pretrained-h10-task05-init01,5,1,False,True,79,0.14414188265800476,0.7336642146110535,0.0025238334201276302,0.07214104384183884,0.014980137348175049,0.5817208290100098
pretrained-h10-task05-init02,5,2,False,True,0,0.07831384241580963,0.6098830103874207,0.14695867896080017,0.1072855144739151,0.18237096071243286,0.9042288064956665
pretrained-h10-task05-init02,5,2,False,True,1,0.12464658915996552,0.6764046549797058,0.16023150086402893,0.13677120208740234,0.21950310468673706,1.0114163160324097
pretrained-h10-task05-init02,5,2,False,True,2,0.13698506355285645,0.7620352506637573,0.14475254714488983,0.1538524478673935,0.19379621744155884,1.0526254177093506
pretrained-h10-task05-init02,5,2,False,True,3,0.13347522914409637,0.7414393424987793,0.14045552909374237,0.16048847138881683,0.18370890617370605,1.1194182634353638
pretrained-h10-task05-init02,5,2,False,True,4,0.1740022897720337,0.735022783279419,0.12156590074300766,0.180267333984375,0.12615609169006348,1.0908187627792358
pretrained-h10-task05-init02,5,2,False,True,5,0.16342663764953613,0.7199521064758301,0.09722115844488144,0.15206129848957062,0.11650437116622925,1.0358622074127197
pretrained-h10-task05-init02,5,2,False,True,6,0.13221603631973267,0.7368420362472534,0.10336180776357651,0.1299564689397812,0.1227300763130188,1.0449833869934082
pretrained-h10-task05-init02,5,2,False,True,7,0.15064571797847748,0.7731027603149414,0.0931859239935875,0.11240148544311523,0.05993843078613281,1.0029805898666382
pretrained-h10-task05-init02,5,2,False,True,8,0.16919296979904175,0.7806342840194702,0.03473038971424103,0.1243981420993805,0.029126465320587158,1.0280033349990845
pretrained-h10-task05-init02,5,2,False,True,9,0.1363244503736496,0.8029416799545288,0.08022348582744598,0.11732527613639832,0.03689366579055786,0.9787731170654297
pretrained-h10-task05-init02,5,2,False,True,10,0.13040998578071594,0.7071182131767273,0.03845136985182762,0.09615035355091095,0.030566692352294922,0.9428170919418335
pretrained-h10-task05-init02,5,2,False,True,11,0.20971262454986572,0.7521622180938721,0.04770427197217941,0.11580940335988998,0.05397266149520874,1.0259897708892822
pretrained-h10-task05-init02,5,2,False,True,12,0.1433480829000473,0.7601551413536072,0.05436794087290764,0.1043267548084259,0.019293546676635742,1.006385087966919
pretrained-h10-task05-init02,5,2,False,True,13,0.14566999673843384,0.7895286083221436,0.08475324511528015,0.07850498706102371,0.02700221538543701,0.8947383761405945
pretrained-h10-task05-init02,5,2,False,True,14,0.18139049410820007,0.7975773811340332,0.1213664710521698,0.1842806190252304,0.006234407424926758,0.9484359622001648
pretrained-h10-task05-init02,5,2,False,True,15,0.17772750556468964,0.8551434278488159,0.16894111037254333,0.107169970870018,0.06179147958755493,1.0315401554107666
pretrained-h10-task05-init02,5,2,False,True,16,0.15603767335414886,0.9660455584526062,0.27376753091812134,0.20609095692634583,0.11354070901870728,1.1529954671859741
pretrained-h10-task05-init02,5,2,False,True,17,0.1337956041097641,0.810451865196228,0.34263238310813904,0.2599063515663147,0.14490586519241333,1.0265610218048096
pretrained-h10-task05-init02,5,2,False,True,18,0.14118242263793945,1.064594030380249,0.32140180468559265,0.28913816809654236,0.14400947093963623,1.2047982215881348
pretrained-h10-task05-init02,5,2,False,True,19,0.1895827054977417,0.8832299709320068,0.4335099160671234,0.3099071979522705,0.2059720754623413,1.0496950149536133
pretrained-h10-task05-init02,5,2,False,True,20,0.19710490107536316,0.8301882743835449,0.39025217294692993,0.2589411437511444,0.16799533367156982,0.8189312219619751
pretrained-h10-task05-init02,5,2,False,True,21,0.12655310332775116,0.7864952087402344,0.38377946615219116,0.16044852137565613,0.27531886100769043,1.0542625188827515
pretrained-h10-task05-init02,5,2,False,True,22,0.11856397241353989,0.9203235507011414,0.3848188817501068,0.2659679055213928,0.11109739542007446,1.0112109184265137
pretrained-h10-task05-init02,5,2,False,True,23,0.1435030847787857,1.14250648021698,0.4388158321380615,0.27602821588516235,0.0010906457901000977,1.125037670135498
pretrained-h10-task05-init02,5,2,False,True,24,0.18521666526794434,1.1096853017807007,0.2997297942638397,0.18900534510612488,0.10244190692901611,1.4855774641036987
pretrained-h10-task05-init02,5,2,False,True,25,0.13531598448753357,1.034205675125122,0.15822863578796387,0.13437873125076294,0.05191659927368164,1.3839952945709229
pretrained-h10-task05-init02,5,2,False,True,26,0.1503410041332245,0.9124363660812378,0.11424314975738525,0.11565812677145004,0.050819993019104004,1.319411277770996
pretrained-h10-task05-init02,5,2,False,True,27,0.3025028109550476,0.8314223289489746,0.06831701844930649,0.0923108160495758,0.07388603687286377,1.1054238080978394
pretrained-h10-task05-init02,5,2,False,True,28,0.21359708905220032,0.807166576385498,0.06592056900262833,0.08211109787225723,0.06909435987472534,1.261216163635254
pretrained-h10-task05-init02,5,2,False,True,29,0.13240757584571838,0.6524115204811096,0.027579154819250107,0.06425593793392181,0.04585200548171997,0.8540370464324951
pretrained-h10-task05-init02,5,2,False,True,30,0.13720804452896118,0.6138945817947388,0.00966021791100502,0.06350407749414444,0.01474076509475708,0.6439728736877441
pretrained-h10-task05-init02,5,2,False,True,31,0.15536364912986755,0.5827682018280029,0.0043624574318528175,0.07181836664676666,0.0028850436210632324,0.5034858584403992
pretrained-h10-task05-init02,5,2,False,True,32,0.18019148707389832,0.5533332824707031,0.00197463296353817,0.07876639068126678,-0.00044739246368408203,0.4151580333709717
pretrained-h10-task05-init02,5,2,False,True,33,0.24029475450515747,0.5649843215942383,0.0017512151971459389,0.0889415442943573,0.00887763500213623,0.25602883100509644
pretrained-h10-task05-init02,5,2,False,True,34,0.14015531539916992,0.6542757749557495,0.001458723796531558,0.08230604231357574,0.003180086612701416,0.42488107085227966
pretrained-h10-task05-init02,5,2,False,True,35,0.06627900898456573,0.6541526317596436,0.0017217760905623436,0.08315485715866089,0.010459542274475098,0.3332032859325409
pretrained-h10-task05-init02,5,2,False,True,36,0.07142572104930878,0.6868160963058472,0.0020662862807512283,0.07768326252698898,0.008745074272155762,0.3716427683830261
pretrained-h10-task05-init02,5,2,False,True,37,0.08205389231443405,0.6909689903259277,0.0025645089335739613,0.08093944191932678,0.016070127487182617,0.3514806628227234
pretrained-h10-task05-init02,5,2,False,True,38,0.05996672809123993,0.6216781735420227,0.002916682045906782,0.07341279834508896,0.0117684006690979,0.3188832700252533
pretrained-h10-task05-init02,5,2,False,True,39,0.07671815156936646,0.6767136454582214,0.0034428078215569258,0.07260337471961975,0.014704406261444092,0.349606990814209
pretrained-h10-task05-init02,5,2,False,True,40,0.07377958297729492,0.6999785900115967,0.003805414540693164,0.0732029527425766,0.013741016387939453,0.40328261256217957
pretrained-h10-task05-init02,5,2,False,True,41,0.0995100736618042,0.6974338889122009,0.004036278463900089,0.07399700582027435,0.01415395736694336,0.3631196916103363
pretrained-h10-task05-init02,5,2,False,True,42,0.20293644070625305,0.7385841608047485,0.0035005768295377493,0.07566030323505402,0.013368725776672363,0.39601263403892517
pretrained-h10-task05-init02,5,2,False,True,43,0.1359281837940216,0.7338289022445679,0.004555706866085529,0.0778307244181633,0.022616028785705566,0.4170454442501068
pretrained-h10-task05-init02,5,2,False,True,44,0.12140704691410065,0.6802145838737488,0.0048123630695044994,0.07134751230478287,0.023764610290527344,0.42177814245224
pretrained-h10-task05-init02,5,2,False,True,45,0.10587726533412933,0.6501963138580322,0.004963943734765053,0.06973759084939957,0.021200895309448242,0.3497057855129242
pretrained-h10-task05-init02,5,2,False,True,46,0.13114678859710693,0.664204478263855,0.0043856739066541195,0.0690755769610405,0.025859475135803223,0.3159831762313843
pretrained-h10-task05-init02,5,2,False,True,47,0.09934024512767792,0.7462524175643921,0.004710453562438488,0.07323841750621796,0.029781103134155273,0.3075432777404785
pretrained-h10-task05-init02,5,2,False,True,48,0.09816908836364746,0.7180220484733582,0.004447938874363899,0.07192306220531464,0.026010751724243164,0.24031680822372437
pretrained-h10-task05-init02,5,2,False,True,49,0.07971817255020142,0.7186468839645386,0.004399063531309366,0.07745951414108276,0.02433997392654419,0.31832441687583923
pretrained-h10-task05-init02,5,2,False,True,50,0.07941820472478867,0.7898823618888855,0.004209165461361408,0.07558245956897736,0.018693268299102783,0.3796041011810303
pretrained-h10-task05-init02,5,2,False,True,51,0.06832516938447952,0.8380677700042725,0.004863586276769638,0.07362997531890869,0.01634955406188965,0.3932581841945648
pretrained-h10-task05-init02,5,2,False,True,52,0.07368119060993195,0.8905153274536133,0.005156373605132103,0.08533293008804321,0.018329977989196777,0.45426642894744873
pretrained-h10-task05-init02,5,2,False,True,53,0.0678853988647461,0.9306515455245972,0.005837017670273781,0.09056524932384491,0.022389888763427734,0.5020943880081177
pretrained-h10-task05-init02,5,2,False,True,54,0.0555066280066967,0.9387089610099792,0.005731047596782446,0.07870478928089142,0.029581964015960693,0.5563850402832031
pretrained-h10-task05-init02,5,2,False,True,55,0.07695183157920837,0.9212459325790405,0.004935764707624912,0.08342009037733078,0.02418118715286255,0.5021412372589111
pretrained-h10-task05-init02,5,2,False,True,56,0.07989317178726196,0.8993462324142456,0.005396591499447823,0.0820256695151329,0.028070509433746338,0.4278589189052582
pretrained-h10-task05-init02,5,2,False,True,57,0.0588703453540802,0.8695462942123413,0.008608339354395866,0.10972096771001816,0.011333584785461426,0.4788930118083954
pretrained-h10-task05-init02,5,2,False,True,58,0.124042809009552,0.7401670813560486,0.0161801278591156,0.11864598095417023,0.009546339511871338,0.5579313039779663
pretrained-h10-task05-init02,5,2,False,True,59,0.15760672092437744,0.7820721864700317,0.02108065038919449,0.10450920462608337,-0.0011501312255859375,0.4225923418998718
pretrained-h10-task05-init02,5,2,False,True,60,0.13227400183677673,0.9161199331283569,0.026754260063171387,0.14906489849090576,0.0053313374519348145,0.4617747962474823
pretrained-h10-task05-init02,5,2,False,True,61,0.10055049508810043,0.9762959480285645,0.020574290305376053,0.1517128050327301,0.01163327693939209,0.48575395345687866
pretrained-h10-task05-init02,5,2,False,True,62,0.11635779589414597,0.9296109080314636,0.016700001433491707,0.15261611342430115,0.03115701675415039,0.5527077317237854
pretrained-h10-task05-init02,5,2,False,True,63,0.08977466076612473,0.8920186758041382,0.01696840487420559,0.16478000581264496,0.01729440689086914,0.5037052035331726
pretrained-h10-task05-init02,5,2,False,True,64,0.07810702919960022,0.8510080575942993,0.012652896344661713,0.11417825520038605,0.02936035394668579,0.5302035808563232
pretrained-h10-task05-init02,5,2,False,True,65,0.08823196589946747,0.7891165614128113,0.015575414523482323,0.11101162433624268,0.031077802181243896,0.5200150012969971
pretrained-h10-task05-init02,5,2,False,True,66,0.13470369577407837,0.7935847043991089,0.01941722258925438,0.10066264867782593,-0.0016711950302124023,0.49052414298057556
pretrained-h10-task05-init02,5,2,False,True,67,0.18634304404258728,0.7013270258903503,0.016027523204684258,0.09701409190893173,0.011776149272918701,0.5534389019012451
pretrained-h10-task05-init02,5,2,False,True,68,0.09741291403770447,0.6732801198959351,0.015991704538464546,0.09250102937221527,0.02919936180114746,0.3135107755661011
pretrained-h10-task05-init02,5,2,False,True,69,0.15896037220954895,0.7058504819869995,0.022267987951636314,0.07962392270565033,0.028916358947753906,0.3880738615989685
pretrained-h10-task05-init02,5,2,False,True,70,0.1186719536781311,0.6673107147216797,0.02312801033258438,0.0867503434419632,0.0015894770622253418,0.518580436706543
pretrained-h10-task05-init02,5,2,False,True,71,0.08942203223705292,0.7123896479606628,0.027159949764609337,0.11901864409446716,0.004963099956512451,0.5921803712844849
pretrained-h10-task05-init02,5,2,False,True,72,0.09088142216205597,0.7112396955490112,0.02638617902994156,0.10134772956371307,0.003100752830505371,0.509880542755127
pretrained-h10-task05-init02,5,2,False,True,73,0.08307285606861115,0.7458205223083496,0.02134755253791809,0.09820776432752609,0.0019733309745788574,0.4390948712825775
pretrained-h10-task05-init02,5,2,False,True,74,0.10464617609977722,0.700565755367279,0.010946210473775864,0.10218650102615356,0.009237945079803467,0.4648303985595703
pretrained-h10-task05-init02,5,2,False,True,75,0.12197525799274445,0.5952613353729248,0.009376410394906998,0.14726604521274567,0.0003102421760559082,0.2876993715763092
pretrained-h10-task05-init02,5,2,False,True,76,0.10023391246795654,0.6034632921218872,0.011996794492006302,0.19028443098068237,-0.007937788963317871,0.32215040922164917
pretrained-h10-task05-init02,5,2,False,True,77,0.08447583764791489,0.6563494801521301,0.027068881317973137,0.18292224407196045,-0.02872258424758911,0.3357211947441101
pretrained-h10-task05-init02,5,2,False,True,78,0.06200961023569107,0.7513131499290466,0.04185453802347183,0.19332586228847504,-0.012326240539550781,0.5186251401901245
pretrained-h10-task05-init02,5,2,False,True,79,0.05990160256624222,0.9175281524658203,0.04736004397273064,0.2394532412290573,-0.01931983232498169,0.7596796751022339
pretrained-h10-task07-init00,7,0,True,False,0,0.0684986338019371,0.496142715215683,0.03476757928729057,0.16305142641067505,0.03821125626564026,0.49504345655441284
pretrained-h10-task07-init00,7,0,True,False,1,0.07045813649892807,0.5479533672332764,0.03206847980618477,0.13749027252197266,0.048259854316711426,0.5770503282546997
pretrained-h10-task07-init00,7,0,True,False,2,0.07709216326475143,0.6047519445419312,0.0347684845328331,0.151468887925148,0.016680359840393066,0.6644219160079956
pretrained-h10-task07-init00,7,0,True,False,3,0.11511474847793579,0.5755335092544556,0.041402947157621384,0.13627970218658447,0.07633966207504272,0.7511495351791382
pretrained-h10-task07-init00,7,0,True,False,4,0.10145815461874008,0.5661435723304749,0.041957151144742966,0.14544758200645447,0.03185689449310303,0.6436277627944946
pretrained-h10-task07-init00,7,0,True,False,5,0.11244849860668182,0.6116927862167358,0.050404977053403854,0.1316133737564087,0.01614665985107422,0.6111406683921814
pretrained-h10-task07-init00,7,0,True,False,6,0.1280779093503952,0.6600033044815063,0.052745334804058075,0.10314159840345383,0.01220017671585083,0.6787748336791992
pretrained-h10-task07-init00,7,0,True,False,7,0.10893954336643219,0.6828615069389343,0.05872773751616478,0.10479603707790375,-0.00848168134689331,0.8345240354537964
pretrained-h10-task07-init00,7,0,True,False,8,0.16420628130435944,0.7213100790977478,0.07789307832717896,0.0868912786245346,-0.05164283514022827,0.761588990688324
pretrained-h10-task07-init00,7,0,True,False,9,0.1503889560699463,0.7854771614074707,0.0929209291934967,0.09703463315963745,-0.08614999055862427,0.9320194721221924
pretrained-h10-task07-init00,7,0,True,False,10,0.18238294124603271,0.7325922250747681,0.08680777251720428,0.08248680084943771,-0.044380128383636475,0.7095439434051514
pretrained-h10-task07-init00,7,0,True,False,11,0.1674734205007553,0.6312119960784912,0.0848141461610794,0.09935303777456284,-0.012443721294403076,0.8139313459396362
pretrained-h10-task07-init00,7,0,True,False,12,0.12553203105926514,0.6753696203231812,0.10925346612930298,0.1156347244977951,0.030296146869659424,0.7703267931938171
pretrained-h10-task07-init00,7,0,True,False,13,0.10885457694530487,0.7697593569755554,0.12598028779029846,0.08929853141307831,0.16927260160446167,0.9593462347984314
pretrained-h10-task07-init00,7,0,True,False,14,0.1174386590719223,0.681787371635437,0.11710666120052338,0.08208044618368149,0.17363715171813965,0.9288892149925232
pretrained-h10-task07-init00,7,0,True,False,15,0.1577499359846115,0.7996456623077393,0.22603186964988708,0.11573001742362976,0.2539064884185791,1.1608288288116455
pretrained-h10-task07-init00,7,0,True,False,16,0.1486179679632187,0.8690111041069031,0.2903035879135132,0.12645363807678223,0.30914217233657837,1.2207226753234863
pretrained-h10-task07-init00,7,0,True,False,17,0.13130109012126923,0.994663655757904,0.20198005437850952,0.14524903893470764,0.31980425119400024,1.369651198387146
pretrained-h10-task07-init00,7,0,True,False,18,0.1480710506439209,0.9593604803085327,0.3587472140789032,0.1390620470046997,0.40848350524902344,1.4752272367477417
pretrained-h10-task07-init00,7,0,True,False,19,0.14821603894233704,0.9116456508636475,0.4591045379638672,0.12674042582511902,0.5058232545852661,1.515641212463379
pretrained-h10-task07-init00,7,0,True,False,20,0.14657622575759888,0.7811756134033203,0.4737579822540283,0.10049352049827576,0.540703296661377,1.576591968536377
pretrained-h10-task07-init00,7,0,True,False,21,0.26087015867233276,0.7591748237609863,0.4567350745201111,0.09984119981527328,0.44103240966796875,1.4999535083770752
pretrained-h10-task07-init00,7,0,True,False,22,0.25217804312705994,0.7236694097518921,0.4851364493370056,0.09461700171232224,0.2881962060928345,1.3745797872543335
pretrained-h10-task07-init00,7,0,True,False,23,0.25927454233169556,0.7009074091911316,0.20613783597946167,0.1191444844007492,0.2745938301086426,1.2297658920288086
pretrained-h10-task07-init00,7,0,True,False,24,0.2958734929561615,0.6233781576156616,0.26826417446136475,0.10390140861272812,0.26497530937194824,1.1634496450424194
pretrained-h10-task07-init00,7,0,True,False,25,0.19383971393108368,0.596307635307312,0.23404869437217712,0.08551785349845886,0.24141216278076172,0.9990042448043823
pretrained-h10-task07-init00,7,0,True,False,26,0.17753824591636658,0.5632011890411377,0.19859078526496887,0.08186852931976318,0.17877089977264404,0.9494292140007019
pretrained-h10-task07-init00,7,0,True,False,27,0.17315149307250977,0.5050647258758545,0.1290806531906128,0.0690503865480423,0.08818948268890381,0.7273282408714294
pretrained-h10-task07-init00,7,0,True,False,28,0.19829213619232178,0.4496529996395111,0.05211549252271652,0.06484630703926086,0.01695767045021057,0.4982143044471741
pretrained-h10-task07-init00,7,0,True,False,29,0.1686558723449707,0.46958813071250916,0.03396690636873245,0.05657995492219925,-0.023755908012390137,0.32355839014053345
pretrained-h10-task07-init00,7,0,True,False,30,0.08605365455150604,0.4863862991333008,0.02061298117041588,0.05782670900225639,-0.02073708176612854,0.4020072817802429
pretrained-h10-task07-init00,7,0,True,False,31,0.06729739904403687,0.44276878237724304,0.01631840318441391,0.05592498183250427,-0.014480262994766235,0.3824923038482666
pretrained-h10-task07-init00,7,0,True,False,32,0.062127918004989624,0.41349178552627563,0.014393599703907967,0.057335495948791504,-0.008923858404159546,0.4171311855316162
pretrained-h10-task07-init00,7,0,True,False,33,0.05182982236146927,0.45293959975242615,0.016465410590171814,0.060041993856430054,-0.016170263290405273,0.46273335814476013
pretrained-h10-task07-init00,7,0,True,False,34,0.06306952238082886,0.485098659992218,0.015190720558166504,0.06112247705459595,-0.01037377119064331,0.5480979681015015
pretrained-h10-task07-init00,7,0,True,False,35,0.052990078926086426,0.47835642099380493,0.014074420556426048,0.06093956157565117,-0.007664412260055542,0.5543036460876465
pretrained-h10-task07-init00,7,0,True,False,36,0.057086437940597534,0.502068281173706,0.009603895246982574,0.06135694310069084,-0.0018379688262939453,0.5908732414245605
pretrained-h10-task07-init00,7,0,True,False,37,0.07913251966238022,0.5283572673797607,0.008024059236049652,0.06274483352899551,-0.00028318166732788086,0.5764331817626953
pretrained-h10-task07-init00,7,0,True,False,38,0.11203283071517944,0.5860311985015869,0.0070043629966676235,0.06293612718582153,-0.0034568309783935547,0.665334165096283
pretrained-h10-task07-init00,7,0,True,False,39,0.1558607518672943,0.5724674463272095,0.004924686625599861,0.06882712244987488,0.00013333559036254883,0.6436039209365845
pretrained-h10-task07-init00,7,0,True,False,40,0.1267639547586441,0.589199960231781,0.004267923068255186,0.06421943008899689,-0.004762411117553711,0.5587069392204285
pretrained-h10-task07-init00,7,0,True,False,41,0.0789322629570961,0.5456370115280151,0.0052996352314949036,0.0644674226641655,0.007279515266418457,0.4846179485321045
pretrained-h10-task07-init00,7,0,True,False,42,0.07883305102586746,0.5526341199874878,0.010263659991323948,0.08070690929889679,0.012194454669952393,0.44458627700805664
pretrained-h10-task07-init00,7,0,True,False,43,0.08533869683742523,0.5039182305335999,0.022695641964673996,0.07980237901210785,0.02589517831802368,0.4767528176307678
pretrained-h10-task07-init00,7,0,True,False,44,0.0909985899925232,0.6492545008659363,0.03638197481632233,0.1108783483505249,0.03696244955062866,0.6235319375991821
pretrained-h10-task07-init00,7,0,True,False,45,0.10564166307449341,0.5934248566627502,0.05600599944591522,0.09360508620738983,0.08192616701126099,0.6717122793197632
pretrained-h10-task07-init00,7,0,True,False,46,0.11769495904445648,0.7432808876037598,0.07793998718261719,0.11462676525115967,0.09038591384887695,0.8066288828849792
pretrained-h10-task07-init00,7,0,True,False,47,0.11696108430624008,0.7386268377304077,0.09946680068969727,0.1463412642478943,0.10532176494598389,0.8928359746932983
pretrained-h10-task07-init00,7,0,True,False,48,0.11034157872200012,0.670446515083313,0.13051219284534454,0.1603599488735199,0.10831981897354126,0.9209372997283936
pretrained-h10-task07-init00,7,0,True,False,49,0.12674467265605927,0.671363353729248,0.1584763526916504,0.17534661293029785,0.12831878662109375,0.8842476606369019
pretrained-h10-task07-init00,7,0,True,False,50,0.11871399730443954,0.6996307373046875,0.17236319184303284,0.17434605956077576,0.1221473217010498,0.9038666486740112
pretrained-h10-task07-init00,7,0,True,False,51,0.196437805891037,0.7842425107955933,0.15605641901493073,0.16108278930187225,0.14873415231704712,1.0585235357284546
pretrained-h10-task07-init00,7,0,True,False,52,0.1016339510679245,0.7432193756103516,0.14321887493133545,0.11821477860212326,0.12088155746459961,0.8421778678894043
pretrained-h10-task07-init00,7,0,True,False,53,0.19081978499889374,0.7739319801330566,0.12905153632164001,0.11427714675664902,0.0686349868774414,0.817489504814148
pretrained-h10-task07-init00,7,0,True,False,54,0.14339353144168854,0.8434557914733887,0.11920955032110214,0.0933058112859726,0.05901038646697998,0.7950129508972168
pretrained-h10-task07-init00,7,0,True,False,55,0.18226127326488495,0.7580040693283081,0.1188412606716156,0.09229743480682373,0.03828394412994385,0.7665314674377441
pretrained-h10-task07-init00,7,0,True,False,56,0.17530791461467743,0.731070876121521,0.09597765654325485,0.0936051607131958,0.05427861213684082,0.737740695476532
pretrained-h10-task07-init00,7,0,True,False,57,0.15450572967529297,0.6715441942214966,0.11238646507263184,0.14139947295188904,0.006349802017211914,0.6844700574874878
pretrained-h10-task07-init00,7,0,True,False,58,0.1391819715499878,0.7186223268508911,0.09940895438194275,0.10611429810523987,0.054913878440856934,0.6958894729614258
pretrained-h10-task07-init00,7,0,True,False,59,0.20895132422447205,0.7241865992546082,0.0892050489783287,0.0970674678683281,0.07316797971725464,0.6888135671615601
pretrained-h10-task07-init00,7,0,True,False,60,0.2139667272567749,0.7633352279663086,0.07906760275363922,0.08325184881687164,0.06322789192199707,0.7450255155563354
pretrained-h10-task07-init00,7,0,True,False,61,0.12979178130626678,0.9102518558502197,0.05382814258337021,0.09043949097394943,0.09944796562194824,0.8852607607841492
pretrained-h10-task07-init00,7,0,True,False,62,0.14382785558700562,0.9771156311035156,0.06340169161558151,0.09223383665084839,0.13846361637115479,1.0515356063842773
pretrained-h10-task07-init00,7,0,True,False,63,0.21914920210838318,0.8778213858604431,0.07511170953512192,0.08080869168043137,0.16249734163284302,0.9968972206115723
pretrained-h10-task07-init00,7,0,True,False,64,0.11395561695098877,0.8990391492843628,0.10609398782253265,0.08469786494970322,0.20898568630218506,1.0957664251327515
pretrained-h10-task07-init00,7,0,True,False,65,0.1963709443807602,0.8635866045951843,0.1603074073791504,0.09614083170890808,0.25866299867630005,1.1499232053756714
pretrained-h10-task07-init00,7,0,True,False,66,0.12578454613685608,0.7630667686462402,0.27235960960388184,0.10652854293584824,0.17615193128585815,0.9935317039489746
pretrained-h10-task07-init00,7,0,True,False,67,0.1775444746017456,0.7305406928062439,0.18782012164592743,0.09122132509946823,0.1884518265724182,0.9337313175201416
pretrained-h10-task07-init00,7,0,True,False,68,0.24353782832622528,0.6687873601913452,0.22235047817230225,0.11867889761924744,0.12793779373168945,0.8393544554710388
pretrained-h10-task07-init00,7,0,True,False,69,0.20954987406730652,0.6714376211166382,0.25247716903686523,0.10889053344726562,-0.0324019193649292,0.7708202600479126
pretrained-h10-task07-init00,7,0,True,False,70,0.27888745069503784,0.6284264326095581,0.21846066415309906,0.10940362513065338,0.052718520164489746,0.7591217756271362
pretrained-h10-task07-init00,7,0,True,False,71,0.16768276691436768,0.7252668142318726,0.10468488931655884,0.10672543942928314,-0.04430884122848511,0.7779816389083862
pretrained-h10-task07-init00,7,0,True,False,72,0.13422203063964844,0.7252742648124695,0.10202644765377045,0.09569325298070908,0.0115775465965271,0.886191725730896
pretrained-h10-task07-init00,7,0,True,False,73,0.1441141813993454,0.7495564818382263,0.08927705138921738,0.07220438867807388,0.07067376375198364,0.9307555556297302
pretrained-h10-task07-init00,7,0,True,False,74,0.13344910740852356,0.7630244493484497,0.05336913466453552,0.07208091020584106,0.06551343202590942,1.1180675029754639
pretrained-h10-task07-init00,7,0,True,False,75,0.16885334253311157,0.8816470503807068,0.03801101818680763,0.0707758292555809,0.053333818912506104,1.2131776809692383
pretrained-h10-task07-init00,7,0,True,False,76,0.13393566012382507,0.909845232963562,0.03138125687837601,0.08664864301681519,0.0426977276802063,1.1801928281784058
pretrained-h10-task07-init00,7,0,True,False,77,0.11960087716579437,0.9370697736740112,0.03390953689813614,0.09044992178678513,0.07586061954498291,1.155290126800537
pretrained-h10-task07-init00,7,0,True,False,78,0.15396305918693542,0.8790508508682251,0.03359655290842056,0.09818686544895172,0.10883742570877075,1.1055574417114258
pretrained-h10-task07-init00,7,0,True,False,79,0.13058410584926605,0.7621821165084839,0.09125163406133652,0.08773397654294968,0.22394859790802002,1.0201176404953003
pretrained-h10-task07-init01,7,1,True,False,0,0.07625234127044678,0.5873253345489502,0.11348401010036469,0.106320820748806,0.1749579906463623,0.678650975227356
pretrained-h10-task07-init01,7,1,True,False,1,0.0798751711845398,0.6021702289581299,0.09546858072280884,0.09008575975894928,0.13502812385559082,0.7932789325714111
pretrained-h10-task07-init01,7,1,True,False,2,0.12487731873989105,0.6918940544128418,0.07918745279312134,0.07407189905643463,0.16090315580368042,0.9295413494110107
pretrained-h10-task07-init01,7,1,True,False,3,0.13115952908992767,0.7541936635971069,0.11412176489830017,0.1020212396979332,0.21856212615966797,1.0236444473266602
pretrained-h10-task07-init01,7,1,True,False,4,0.09860669076442719,0.6763499975204468,0.07659702748060226,0.09359298646450043,0.13270974159240723,1.0686438083648682
pretrained-h10-task07-init01,7,1,True,False,5,0.12613336741924286,0.6403723955154419,0.05708266422152519,0.08732949197292328,0.11622953414916992,1.0225553512573242
pretrained-h10-task07-init01,7,1,True,False,6,0.13399222493171692,0.6564218401908875,0.06005736440420151,0.08168506622314453,0.058947741985321045,1.084022879600525
pretrained-h10-task07-init01,7,1,True,False,7,0.17926304042339325,0.674436092376709,0.051454655826091766,0.0874161571264267,0.035011470317840576,0.9122384786605835
pretrained-h10-task07-init01,7,1,True,False,8,0.15433727204799652,0.7126087546348572,0.07257560640573502,0.08066217601299286,-0.02827686071395874,0.7459949254989624
pretrained-h10-task07-init01,7,1,True,False,9,0.20518720149993896,0.6243935823440552,0.05709543824195862,0.10023486614227295,0.03916943073272705,0.6254236102104187
pretrained-h10-task07-init01,7,1,True,False,10,0.12053283303976059,0.5696244835853577,0.06374527513980865,0.09460946172475815,0.024789512157440186,0.52103590965271
pretrained-h10-task07-init01,7,1,True,False,11,0.14157511293888092,0.5735100507736206,0.06952568143606186,0.10621665418148041,0.04666280746459961,0.5110243558883667
pretrained-h10-task07-init01,7,1,True,False,12,0.14235129952430725,0.6173210144042969,0.10430669039487839,0.10051688551902771,-0.03740054368972778,0.564427375793457
pretrained-h10-task07-init01,7,1,True,False,13,0.10887407511472702,0.6193530559539795,0.11284053325653076,0.11314088106155396,-0.015584468841552734,0.5740858316421509
pretrained-h10-task07-init01,7,1,True,False,14,0.11538984626531601,0.6008832454681396,0.16806325316429138,0.1139659509062767,0.008183598518371582,0.6328341364860535
pretrained-h10-task07-init01,7,1,True,False,15,0.12946508824825287,0.5923493504524231,0.10076217353343964,0.12215171754360199,0.12346142530441284,0.6920986175537109
pretrained-h10-task07-init01,7,1,True,False,16,0.10012733936309814,0.6912398338317871,0.1230260357260704,0.1252223700284958,0.1939753293991089,0.8810707926750183
pretrained-h10-task07-init01,7,1,True,False,17,0.11520283669233322,0.701640784740448,0.14556476473808289,0.11299505829811096,0.20296412706375122,0.9148300886154175
pretrained-h10-task07-init01,7,1,True,False,18,0.11941968649625778,0.8241868019104004,0.16715875267982483,0.16818299889564514,0.24920666217803955,1.0600289106369019
pretrained-h10-task07-init01,7,1,True,False,19,0.09766048192977905,1.0037283897399902,0.23388466238975525,0.21602194011211395,0.40652310848236084,1.434924602508545
pretrained-h10-task07-init01,7,1,True,False,20,0.1538277566432953,1.0656731128692627,0.26742538809776306,0.2557401657104492,0.41958725452423096,1.5060110092163086
pretrained-h10-task07-init01,7,1,True,False,21,0.10471197217702866,1.148024320602417,0.34780240058898926,0.22546839714050293,0.43230533599853516,1.6102980375289917
pretrained-h10-task07-init01,7,1,True,False,22,0.15088441967964172,1.1114187240600586,0.36049818992614746,0.29782891273498535,0.4342832565307617,1.6160533428192139
pretrained-h10-task07-init01,7,1,True,False,23,0.1456184685230255,1.1581833362579346,0.3022710084915161,0.31264787912368774,0.4782109260559082,1.8513717651367188
pretrained-h10-task07-init01,7,1,True,False,24,0.1352078914642334,1.1819723844528198,0.24275700747966766,0.18794625997543335,0.4842942953109741,1.8604974746704102
pretrained-h10-task07-init01,7,1,True,False,25,0.20081840455532074,1.1010271310806274,0.22097162902355194,0.16233216226100922,0.474859356880188,1.8052934408187866
pretrained-h10-task07-init01,7,1,True,False,26,0.16181831061840057,1.1967564821243286,0.21845674514770508,0.23484288156032562,0.4726865291595459,1.7448041439056396
pretrained-h10-task07-init01,7,1,True,False,27,0.2296064794063568,1.0328500270843506,0.1711549609899521,0.1719883531332016,0.4141368865966797,1.6742029190063477
pretrained-h10-task07-init01,7,1,True,False,28,0.22540193796157837,0.9370012283325195,0.13241487741470337,0.16261260211467743,0.3373461961746216,1.6260178089141846
pretrained-h10-task07-init01,7,1,True,False,29,0.2632226347923279,0.9138830900192261,0.04096358269453049,0.09834402799606323,0.17066001892089844,1.5593589544296265
pretrained-h10-task07-init01,7,1,True,False,30,0.31165772676467896,0.7370421290397644,0.02529771253466606,0.07686563581228256,0.11068981885910034,1.1782951354980469
pretrained-h10-task07-init01,7,1,True,False,31,0.2123272716999054,0.5080515146255493,0.007501473184674978,0.05479623004794121,0.03287816047668457,0.6885751485824585
pretrained-h10-task07-init01,7,1,True,False,32,0.15163084864616394,0.39291101694107056,0.007165360264480114,0.04907438904047012,0.02393019199371338,0.41608354449272156
pretrained-h10-task07-init01,7,1,True,False,33,0.1129576787352562,0.33322036266326904,0.004021677654236555,0.043347910046577454,0.002897590398788452,0.199601948261261
pretrained-h10-task07-init01,7,1,True,False,34,0.052847765386104584,0.3261757493019104,0.0033833493944257498,0.04566168785095215,0.0038290321826934814,0.23175418376922607
pretrained-h10-task07-init01,7,1,True,False,35,0.05290627107024193,0.33071500062942505,0.0023210688959807158,0.04582755267620087,0.004259616136550903,0.23279237747192383
pretrained-h10-task07-init01,7,1,True,False,36,0.07485344260931015,0.3200805187225342,0.0018073224928230047,0.04833020269870758,0.005532205104827881,0.25435173511505127
pretrained-h10-task07-init01,7,1,True,False,37,0.04317750036716461,0.3626011312007904,0.0015674016904085875,0.04885511100292206,0.006044119596481323,0.257880300283432
pretrained-h10-task07-init01,7,1,True,False,38,0.04819860681891441,0.33572232723236084,0.0020147631876170635,0.050554752349853516,0.004000961780548096,0.22990363836288452
pretrained-h10-task07-init01,7,1,True,False,39,0.036432068794965744,0.3752225339412689,0.0038881516084074974,0.05482318252325058,0.0008369684219360352,0.2646380066871643
pretrained-h10-task07-init01,7,1,True,False,40,0.0352681502699852,0.46712765097618103,0.007713077589869499,0.05911782383918762,-0.0018073022365570068,0.3707309663295746
pretrained-h10-task07-init01,7,1,True,False,41,0.08375804126262665,0.4465194344520569,0.010829105041921139,0.06298482418060303,0.009045600891113281,0.3969365060329437
pretrained-h10-task07-init01,7,1,True,False,42,0.06408323347568512,0.4971799850463867,0.013927450403571129,0.05624043941497803,0.013799846172332764,0.5204291343688965
pretrained-h10-task07-init01,7,1,True,False,43,0.05295664072036743,0.567910373210907,0.02299072965979576,0.061879076063632965,0.012684345245361328,0.5465232133865356
pretrained-h10-task07-init01,7,1,True,False,44,0.04350272938609123,0.6084712743759155,0.03244540095329285,0.07439280301332474,0.023158550262451172,0.6830816268920898
pretrained-h10-task07-init01,7,1,True,False,45,0.046373557299375534,0.6169623136520386,0.05304289609193802,0.08138973265886307,0.026833176612854004,0.6808016300201416
pretrained-h10-task07-init01,7,1,True,False,46,0.06282223016023636,0.7285817861557007,0.08284264802932739,0.10380753874778748,0.014299452304840088,0.8002753257751465
pretrained-h10-task07-init01,7,1,True,False,47,0.12243199348449707,0.787082314491272,0.10534414649009705,0.08646337687969208,0.047518789768218994,0.9325786828994751
pretrained-h10-task07-init01,7,1,True,False,48,0.09592673182487488,0.7619978785514832,0.12343981117010117,0.10819711536169052,0.03610914945602417,0.8051894903182983
pretrained-h10-task07-init01,7,1,True,False,49,0.11693353950977325,0.6805024147033691,0.11092701554298401,0.10771279036998749,0.02873849868774414,0.7610628008842468
pretrained-h10-task07-init01,7,1,True,False,50,0.11323688924312592,0.7185112833976746,0.11154526472091675,0.08104438334703445,0.02083355188369751,0.769504725933075
pretrained-h10-task07-init01,7,1,True,False,51,0.09682832658290863,0.797014594078064,0.1070941910147667,0.07774806022644043,0.008633017539978027,0.7974154353141785
pretrained-h10-task07-init01,7,1,True,False,52,0.20763179659843445,0.7144800424575806,0.10680600255727768,0.08744978904724121,-0.029972195625305176,0.666350245475769
pretrained-h10-task07-init01,7,1,True,False,53,0.1503799855709076,0.7727323770523071,0.10325261205434799,0.09209108352661133,-0.045789361000061035,0.6388653516769409
pretrained-h10-task07-init01,7,1,True,False,54,0.17887812852859497,0.6015703678131104,0.11160916090011597,0.11960535496473312,-0.011297285556793213,0.5713449716567993
pretrained-h10-task07-init01,7,1,True,False,55,0.1557837724685669,0.5858543515205383,0.10786768049001694,0.11475386470556259,0.01091676950454712,0.6106475591659546
pretrained-h10-task07-init01,7,1,True,False,56,0.11563718318939209,0.6744644045829773,0.07655610144138336,0.09388518333435059,0.021238327026367188,0.6986832618713379
pretrained-h10-task07-init01,7,1,True,False,57,0.1387382447719574,0.6486296653747559,0.07590951025485992,0.10935793817043304,0.027642369270324707,0.6916558146476746
pretrained-h10-task07-init01,7,1,True,False,58,0.12283055484294891,0.664603590965271,0.1115603893995285,0.1206435114145279,0.03877025842666626,0.8097068667411804
pretrained-h10-task07-init01,7,1,True,False,59,0.14824359118938446,0.6636706590652466,0.17638258635997772,0.15694069862365723,0.02880769968032837,0.7796344757080078
pretrained-h10-task07-init01,7,1,True,False,60,0.22648414969444275,0.618924081325531,0.17303137481212616,0.15222053229808807,0.08274120092391968,0.8456610441207886
pretrained-h10-task07-init01,7,1,True,False,61,0.16913622617721558,0.670271098613739,0.18799057602882385,0.17846982181072235,0.07232189178466797,0.9786271452903748
pretrained-h10-task07-init01,7,1,True,False,62,0.23328611254692078,0.5562244653701782,0.18048948049545288,0.16658693552017212,0.07831579446792603,0.8753656148910522
pretrained-h10-task07-init01,7,1,True,False,63,0.22644595801830292,0.5593639612197876,0.1847105473279953,0.1370217651128769,0.08671915531158447,0.9912945032119751
pretrained-h10-task07-init01,7,1,True,False,64,0.2041258066892624,0.5387598276138306,0.13108044862747192,0.18523399531841278,0.03953909873962402,0.7367715239524841
pretrained-h10-task07-init01,7,1,True,False,65,0.14832989871501923,0.6782040596008301,0.1177433580160141,0.14269721508026123,-0.05652809143066406,0.7543187141418457
pretrained-h10-task07-init01,7,1,True,False,66,0.11875396966934204,0.7516591548919678,0.145252525806427,0.141144260764122,-0.07533752918243408,0.8668569922447205
pretrained-h10-task07-init01,7,1,True,False,67,0.13887950778007507,0.7858819365501404,0.1287519633769989,0.12275169789791107,-0.05472630262374878,0.89365553855896
pretrained-h10-task07-init01,7,1,True,False,68,0.129595085978508,0.7214115858078003,0.09441762417554855,0.12715762853622437,-0.05914962291717529,0.8903326988220215
pretrained-h10-task07-init01,7,1,True,False,69,0.13053402304649353,0.7242441177368164,0.054560791701078415,0.12758958339691162,-0.023159503936767578,0.8984302282333374
pretrained-h10-task07-init01,7,1,True,False,70,0.16459618508815765,0.6087450385093689,0.049166660755872726,0.11805286258459091,0.03889232873916626,0.8764663934707642
pretrained-h10-task07-init01,7,1,True,False,71,0.1611148864030838,0.5575968623161316,0.042245279997587204,0.12141698598861694,0.06721937656402588,0.8912140727043152
pretrained-h10-task07-init01,7,1,True,False,72,0.10451486706733704,0.6196111440658569,0.030199747532606125,0.10667260736227036,0.054339468479156494,0.7973930835723877
pretrained-h10-task07-init01,7,1,True,False,73,0.15563468635082245,0.6555880904197693,0.032989658415317535,0.08608191460371017,0.07962441444396973,0.8814506530761719
pretrained-h10-task07-init01,7,1,True,False,74,0.09587251394987106,0.5438641905784607,0.05280561372637749,0.08251118659973145,0.1159319281578064,0.7962331771850586
pretrained-h10-task07-init01,7,1,True,False,75,0.14128045737743378,0.608505368232727,0.06877367943525314,0.0797058492898941,0.16559159755706787,0.8925927877426147
pretrained-h10-task07-init01,7,1,True,False,76,0.1360512226819992,0.6813456416130066,0.053009361028671265,0.0811973363161087,0.15110349655151367,0.8807660937309265
pretrained-h10-task07-init01,7,1,True,False,77,0.12379562109708786,0.6410094499588013,0.05122947692871094,0.06952939927577972,0.14364254474639893,0.8335644602775574
pretrained-h10-task07-init01,7,1,True,False,78,0.10274280607700348,0.6699081659317017,0.055416207760572433,0.08022984862327576,0.17437434196472168,0.8465935587882996
pretrained-h10-task07-init01,7,1,True,False,79,0.12363116443157196,0.7290880084037781,0.049661584198474884,0.07672660797834396,0.1635456085205078,0.937726616859436
pretrained-h10-task07-init02,7,2,True,False,0,0.07332639396190643,0.4615563750267029,0.0264035165309906,0.11271321028470993,0.0580635666847229,0.38808509707450867
pretrained-h10-task07-init02,7,2,True,False,1,0.09339158236980438,0.47287625074386597,0.026570286601781845,0.13787677884101868,0.05915933847427368,0.4642751216888428
pretrained-h10-task07-init02,7,2,True,False,2,0.12230315804481506,0.5077410936355591,0.02606646716594696,0.12528298795223236,0.054059505462646484,0.5225580930709839
pretrained-h10-task07-init02,7,2,True,False,3,0.12095867842435837,0.5111240148544312,0.03947344422340393,0.13342641294002533,0.04399961233139038,0.6119561195373535
pretrained-h10-task07-init02,7,2,True,False,4,0.09921038150787354,0.5770645141601562,0.024420708417892456,0.10419769585132599,0.059366822242736816,0.7236309051513672
pretrained-h10-task07-init02,7,2,True,False,5,0.12979000806808472,0.6033283472061157,0.02555464766919613,0.07911785691976547,0.05923354625701904,0.725364625453949
pretrained-h10-task07-init02,7,2,True,False,6,0.08846791833639145,0.6062796115875244,0.03154071792960167,0.12440677732229233,0.04589080810546875,0.625866174697876
pretrained-h10-task07-init02,7,2,True,False,7,0.0910751074552536,0.6109674572944641,0.02146557718515396,0.13783609867095947,0.02920740842819214,0.741614043712616
pretrained-h10-task07-init02,7,2,True,False,8,0.11694575846195221,0.5489672422409058,0.027989868074655533,0.11526338756084442,0.012834548950195312,0.7143793106079102
pretrained-h10-task07-init02,7,2,True,False,9,0.12465322017669678,0.5890090465545654,0.03035563975572586,0.11380976438522339,-0.004721462726593018,0.6533986926078796
pretrained-h10-task07-init02,7,2,True,False,10,0.12233640998601913,0.5937860012054443,0.03523029014468193,0.1132032498717308,0.0072904229164123535,0.6237064599990845
pretrained-h10-task07-init02,7,2,True,False,11,0.16172471642494202,0.6120820045471191,0.02907632850110531,0.1366359293460846,-4.76837158203125e-05,0.6465799808502197
pretrained-h10-task07-init02,7,2,True,False,12,0.13700108230113983,0.5595784783363342,0.02752859890460968,0.10779237747192383,0.0027423501014709473,0.580547034740448
pretrained-h10-task07-init02,7,2,True,False,13,0.17391976714134216,0.6295399069786072,0.05932411551475525,0.12889719009399414,-0.016267836093902588,0.5744752883911133
pretrained-h10-task07-init02,7,2,True,False,14,0.11890198290348053,0.6378094553947449,0.03959164023399353,0.08941787481307983,0.03741663694381714,0.7955209612846375
pretrained-h10-task07-init02,7,2,True,False,15,0.1425403207540512,0.662871778011322,0.0398826040327549,0.09629099071025848,0.03819364309310913,0.7118284106254578
pretrained-h10-task07-init02,7,2,True,False,16,0.1189795583486557,0.6756776571273804,0.03846396505832672,0.1056789681315422,0.04991626739501953,0.7235689163208008
pretrained-h10-task07-init02,7,2,True,False,17,0.11705271899700165,0.7348024249076843,0.04197413846850395,0.12599359452724457,0.04807823896408081,0.7207478284835815
pretrained-h10-task07-init02,7,2,True,False,18,0.149393230676651,0.7904338240623474,0.0556742362678051,0.10764335840940475,0.02536386251449585,0.6839551329612732
pretrained-h10-task07-init02,7,2,True,False,19,0.1182805746793747,0.7681583762168884,0.06369563192129135,0.11112219095230103,0.030234098434448242,0.8393138647079468
pretrained-h10-task07-init02,7,2,True,False,20,0.14733844995498657,0.7445707321166992,0.10542021691799164,0.14690488576889038,0.03847336769104004,0.8075274229049683
pretrained-h10-task07-init02,7,2,True,False,21,0.13074050843715668,0.7629043459892273,0.08348643779754639,0.15433287620544434,0.07780218124389648,0.8258585929870605
pretrained-h10-task07-init02,7,2,True,False,22,0.22250914573669434,0.7936631441116333,0.10880368202924728,0.20229080319404602,0.0913466215133667,0.8987297415733337
pretrained-h10-task07-init02,7,2,True,False,23,0.2100038230419159,0.8170167803764343,0.09534034132957458,0.14774881303310394,0.1182820200920105,1.1205408573150635
pretrained-h10-task07-init02,7,2,True,False,24,0.11769400537014008,0.8971244692802429,0.0877809152007103,0.25603967905044556,0.13190585374832153,1.0704774856567383
pretrained-h10-task07-init02,7,2,True,False,25,0.13834068179130554,0.9894336462020874,0.11202196776866913,0.33189821243286133,0.142952561378479,1.288365364074707
pretrained-h10-task07-init02,7,2,True,False,26,0.18397736549377441,1.0797858238220215,0.09520596265792847,0.2988841235637665,0.13505792617797852,1.4030903577804565
pretrained-h10-task07-init02,7,2,True,False,27,0.17056119441986084,1.0841317176818848,0.4168851375579834,0.16109386086463928,0.18555688858032227,1.4522886276245117
pretrained-h10-task07-init02,7,2,True,False,28,0.14201223850250244,1.0212697982788086,0.23614601790905,0.23155298829078674,0.1861279010772705,1.4801076650619507
pretrained-h10-task07-init02,7,2,True,False,29,0.15171706676483154,0.9694828987121582,0.2702683210372925,0.1485290229320526,0.12131571769714355,1.3443584442138672
pretrained-h10-task07-init02,7,2,True,False,30,0.19588598608970642,0.8123844861984253,0.15038922429084778,0.17341089248657227,0.09036380052566528,1.1105427742004395
pretrained-h10-task07-init02,7,2,True,False,31,0.2250233143568039,0.7781722545623779,0.1492440104484558,0.2312556952238083,0.08107781410217285,0.9483407735824585
pretrained-h10-task07-init02,7,2,True,False,32,0.2795988917350769,0.7421018481254578,0.10709160566329956,0.17923741042613983,-0.02438575029373169,0.8127237558364868
pretrained-h10-task07-init02,7,2,True,False,33,0.2580259144306183,0.7263185977935791,0.05464448779821396,0.1420983523130417,-0.03617626428604126,0.6585218906402588
pretrained-h10-task07-init02,7,2,True,False,34,0.16124491393566132,0.6150660514831543,0.045160792768001556,0.12353774905204773,-0.01288139820098877,0.4882175922393799
pretrained-h10-task07-init02,7,2,True,False,35,0.1554585099220276,0.5882281064987183,0.047564826905727386,0.08663629740476608,-0.012869715690612793,0.39221736788749695
pretrained-h10-task07-init02,7,2,True,False,36,0.17143583297729492,0.5918123722076416,0.03796296939253807,0.08804933726787567,-0.014039754867553711,0.4247860610485077
pretrained-h10-task07-init02,7,2,True,False,37,0.14406602084636688,0.5826073884963989,0.02511686645448208,0.08243300765752792,-0.01890009641647339,0.45163482427597046
pretrained-h10-task07-init02,7,2,True,False,38,0.14472472667694092,0.5498894453048706,0.02362896129488945,0.08022519946098328,-0.0044397711753845215,0.46750399470329285
pretrained-h10-task07-init02,7,2,True,False,39,0.07210030406713486,0.5603095889091492,0.02339218184351921,0.08193119615316391,0.009396255016326904,0.4255618453025818
pretrained-h10-task07-init02,7,2,True,False,40,0.06147906929254532,0.5507646203041077,0.022279655560851097,0.08122047781944275,0.01369631290435791,0.3654039800167084
pretrained-h10-task07-init02,7,2,True,False,41,0.1069338321685791,0.5662124156951904,0.021233469247817993,0.08211950957775116,0.015694260597229004,0.3975036144256592
pretrained-h10-task07-init02,7,2,True,False,42,0.10051941871643066,0.5321916937828064,0.023193640634417534,0.07604088634252548,0.01699584722518921,0.3071051239967346
pretrained-h10-task07-init02,7,2,True,False,43,0.10311760008335114,0.5489073991775513,0.017744030803442,0.0760251060128212,0.024705111980438232,0.32924482226371765
pretrained-h10-task07-init02,7,2,True,False,44,0.08212313055992126,0.5813538432121277,0.014767619781196117,0.07591794431209564,0.022801339626312256,0.34487074613571167
pretrained-h10-task07-init02,7,2,True,False,45,0.09338335692882538,0.5790478587150574,0.01415041834115982,0.07737286388874054,0.020274817943572998,0.3328387141227722
pretrained-h10-task07-init02,7,2,True,False,46,0.0790494903922081,0.5580511093139648,0.01738114282488823,0.07758393883705139,0.02323693037033081,0.2762337625026703
pretrained-h10-task07-init02,7,2,True,False,47,0.08314985036849976,0.5705388784408569,0.01432479452341795,0.07650856673717499,0.03117966651916504,0.2707972526550293
pretrained-h10-task07-init02,7,2,True,False,48,0.08981730788946152,0.5682119131088257,0.015019084326922894,0.08417227119207382,0.026560842990875244,0.24595585465431213
pretrained-h10-task07-init02,7,2,True,False,49,0.07672683894634247,0.5398930311203003,0.008945349603891373,0.08716022223234177,0.012545466423034668,0.2218153476715088
pretrained-h10-task07-init02,7,2,True,False,50,0.09232442080974579,0.5430044531822205,0.005566138308495283,0.08307397365570068,0.0004419684410095215,0.2533436417579651
pretrained-h10-task07-init02,7,2,True,False,51,0.06806720793247223,0.5196658968925476,0.004977629519999027,0.08283640444278717,0.0014667510986328125,0.2763027846813202
pretrained-h10-task07-init02,7,2,True,False,52,0.0687696635723114,0.5448320508003235,0.004403725732117891,0.08563872426748276,-0.0010935664176940918,0.2708355784416199
pretrained-h10-task07-init02,7,2,True,False,53,0.07727690041065216,0.5575123429298401,0.003439341438934207,0.08660672605037689,-0.0021241307258605957,0.29707860946655273
pretrained-h10-task07-init02,7,2,True,False,54,0.05456509441137314,0.5897996425628662,0.003242441453039646,0.08989038318395615,-0.0014700889587402344,0.37264198064804077
pretrained-h10-task07-init02,7,2,True,False,55,0.061604857444763184,0.5853273868560791,0.002671811729669571,0.08984687179327011,-0.0029779672622680664,0.37897056341171265
pretrained-h10-task07-init02,7,2,True,False,56,0.0614670030772686,0.6262516379356384,0.002998503390699625,0.08531680703163147,0.0017189383506774902,0.42946845293045044
pretrained-h10-task07-init02,7,2,True,False,57,0.05926256999373436,0.7256643176078796,0.004145446233451366,0.08962755650281906,0.000377655029296875,0.5486624240875244
pretrained-h10-task07-init02,7,2,True,False,58,0.07762151211500168,0.7871924638748169,0.007539802696555853,0.08996330201625824,0.012595891952514648,0.7702032327651978
pretrained-h10-task07-init02,7,2,True,False,59,0.09668926894664764,0.7186496257781982,0.013176060281693935,0.10244526714086533,0.011922121047973633,0.7354063987731934
pretrained-h10-task07-init02,7,2,True,False,60,0.06567195802927017,0.8138161897659302,0.019378354772925377,0.14790144562721252,0.003744363784790039,0.8092028498649597
pretrained-h10-task07-init02,7,2,True,False,61,0.0737244039773941,0.7258768081665039,0.0269700288772583,0.14455747604370117,0.015262007713317871,0.7233745455741882
pretrained-h10-task07-init02,7,2,True,False,62,0.08273481577634811,0.7851090431213379,0.04365230351686478,0.1618042290210724,0.0149308443069458,0.8398070335388184
pretrained-h10-task07-init02,7,2,True,False,63,0.10798214375972748,0.7635763883590698,0.06365116685628891,0.19477538764476776,0.02764517068862915,0.8863646388053894
pretrained-h10-task07-init02,7,2,True,False,64,0.0983242392539978,0.7886857390403748,0.07118625193834305,0.2421727180480957,0.02822953462600708,0.9754762649536133
pretrained-h10-task07-init02,7,2,True,False,65,0.15730731189250946,0.7960845828056335,0.07969968020915985,0.23903635144233704,0.05879998207092285,0.9636086225509644
pretrained-h10-task07-init02,7,2,True,False,66,0.1736406683921814,0.821915328502655,0.08900146186351776,0.20789925754070282,0.0266721248626709,1.067609190940857
pretrained-h10-task07-init02,7,2,True,False,67,0.31378525495529175,0.8348331451416016,0.0626521110534668,0.1848846673965454,0.011100947856903076,1.1610431671142578
pretrained-h10-task07-init02,7,2,True,False,68,0.1728537529706955,0.7967831492424011,0.08842676877975464,0.1515657603740692,0.043173015117645264,0.9499937891960144
pretrained-h10-task07-init02,7,2,True,False,69,0.22216682136058807,0.8086568713188171,0.09913653135299683,0.17501603066921234,0.06131404638290405,0.8237738609313965
pretrained-h10-task07-init02,7,2,True,False,70,0.14545507729053497,0.8564097285270691,0.0685388594865799,0.12444683164358139,0.0343780517578125,0.9714764356613159
pretrained-h10-task07-init02,7,2,True,False,71,0.15021511912345886,0.7896734476089478,0.07374504208564758,0.12014244496822357,0.04131770133972168,0.8229430913925171
pretrained-h10-task07-init02,7,2,True,False,72,0.153204083442688,0.7547492980957031,0.08089714497327805,0.11607520282268524,0.025347888469696045,0.7511366605758667
pretrained-h10-task07-init02,7,2,True,False,73,0.15357443690299988,0.7586939334869385,0.077589251101017,0.10764788091182709,0.002773880958557129,0.7101937532424927
pretrained-h10-task07-init02,7,2,True,False,74,0.15843944251537323,0.7508972883224487,0.08945602178573608,0.12167751789093018,0.0348508358001709,0.7846447825431824
pretrained-h10-task07-init02,7,2,True,False,75,0.13920670747756958,0.7737507224082947,0.05701709911227226,0.10836430639028549,0.058580636978149414,0.8681421279907227
pretrained-h10-task07-init02,7,2,True,False,76,0.13440904021263123,0.7923957109451294,0.05372033268213272,0.09790681302547455,0.04590260982513428,0.820867657661438
pretrained-h10-task07-init02,7,2,True,False,77,0.16655460000038147,0.9393417239189148,0.04820656776428223,0.1021614670753479,0.02719670534133911,0.95760178565979
pretrained-h10-task07-init02,7,2,True,False,78,0.22986465692520142,1.0422613620758057,0.05895530804991722,0.10262348502874374,0.05489075183868408,1.1187134981155396
pretrained-h10-task07-init02,7,2,True,False,79,0.1915264129638672,0.9476866722106934,0.0773114487528801,0.11481453478336334,0.10473871231079102,1.1722897291183472
pretrained-h10-task08-init00,8,0,True,False,0,0.08265291154384613,0.46910175681114197,0.11002211272716522,0.14306806027889252,0.14501526951789856,0.8003255724906921
pretrained-h10-task08-init00,8,0,True,False,1,0.08298042416572571,0.5114177465438843,0.13012748956680298,0.16708728671073914,0.16553568840026855,0.8159583806991577
pretrained-h10-task08-init00,8,0,True,False,2,0.12190626561641693,0.5326570868492126,0.17588870227336884,0.14153331518173218,0.2420061230659485,0.8405550718307495
pretrained-h10-task08-init00,8,0,True,False,3,0.1362132728099823,0.5633449554443359,0.19416400790214539,0.16520048677921295,0.2874436378479004,1.0168826580047607
pretrained-h10-task08-init00,8,0,True,False,4,0.13666608929634094,0.6516739726066589,0.2221057116985321,0.21573929488658905,0.2717742919921875,1.048189401626587
pretrained-h10-task08-init00,8,0,True,False,5,0.14866980910301208,0.7480206489562988,0.2255403995513916,0.2129182666540146,0.30587828159332275,1.237532377243042
pretrained-h10-task08-init00,8,0,True,False,6,0.16818642616271973,0.7705800533294678,0.2218606173992157,0.20480529963970184,0.3184797763824463,1.3378350734710693
pretrained-h10-task08-init00,8,0,True,False,7,0.17047852277755737,0.7813947200775146,0.21385352313518524,0.19377414882183075,0.22184574604034424,1.4148166179656982
pretrained-h10-task08-init00,8,0,True,False,8,0.1812891960144043,0.7573307752609253,0.16797307133674622,0.12814804911613464,0.18910503387451172,1.5281007289886475
pretrained-h10-task08-init00,8,0,True,False,9,0.1372603178024292,0.6709308624267578,0.12764576077461243,0.07785674929618835,0.13004088401794434,1.3921353816986084
pretrained-h10-task08-init00,8,0,True,False,10,0.1292765736579895,0.6518324613571167,0.08798806369304657,0.08547662198543549,0.13733315467834473,1.3931869268417358
pretrained-h10-task08-init00,8,0,True,False,11,0.17898541688919067,0.724639892578125,0.06569455564022064,0.09608980268239975,0.07812213897705078,1.2732173204421997
pretrained-h10-task08-init00,8,0,True,False,12,0.14223521947860718,0.6655508279800415,0.04572456330060959,0.09326325356960297,0.026434898376464844,1.0851092338562012
pretrained-h10-task08-init00,8,0,True,False,13,0.1567198932170868,0.7237607836723328,0.04326136037707329,0.10455060005187988,0.029939889907836914,1.1414815187454224
pretrained-h10-task08-init00,8,0,True,False,14,0.2560388743877411,0.7611417770385742,0.05246324837207794,0.12430119514465332,0.05036592483520508,1.1821537017822266
pretrained-h10-task08-init00,8,0,True,False,15,0.18667113780975342,0.669438362121582,0.04135958105325699,0.11912862956523895,0.03378164768218994,1.1972935199737549
pretrained-h10-task08-init00,8,0,True,False,16,0.2956458032131195,0.8557785749435425,0.03719000518321991,0.10579540580511093,0.01542288064956665,1.2235586643218994
pretrained-h10-task08-init00,8,0,True,False,17,0.2110327184200287,0.7877127528190613,0.06052546203136444,0.17080113291740417,0.10560733079910278,1.3265492916107178
pretrained-h10-task08-init00,8,0,True,False,18,0.20007924735546112,0.8552005290985107,0.03935879468917847,0.17578783631324768,0.036409854888916016,1.4061959981918335
pretrained-h10-task08-init00,8,0,True,False,19,0.168867826461792,0.8542970418930054,0.030712872743606567,0.16300271451473236,0.0299224853515625,1.2841651439666748
pretrained-h10-task08-init00,8,0,True,False,20,0.21912795305252075,0.889842689037323,0.050523873418569565,0.14266131818294525,0.08414840698242188,1.3645700216293335
pretrained-h10-task08-init00,8,0,True,False,21,0.21440204977989197,0.8956003189086914,0.02717357501387596,0.12838903069496155,0.06369149684906006,1.3871811628341675
pretrained-h10-task08-init00,8,0,True,False,22,0.16960343718528748,0.8175191879272461,0.021781638264656067,0.17700836062431335,0.06024312973022461,1.239769458770752
pretrained-h10-task08-init00,8,0,True,False,23,0.1441648304462433,0.8376111388206482,0.020307641476392746,0.11810249090194702,0.04535013437271118,1.283013939857483
pretrained-h10-task08-init00,8,0,True,False,24,0.17095600068569183,0.8296598792076111,0.06473137438297272,0.08417712152004242,0.04617840051651001,1.2441868782043457
pretrained-h10-task08-init00,8,0,True,False,25,0.16023343801498413,0.9133691787719727,0.019100096076726913,0.09782636165618896,0.045701444149017334,1.1166313886642456
pretrained-h10-task08-init00,8,0,True,False,26,0.16601139307022095,1.0438216924667358,0.02458535134792328,0.09691698849201202,0.05315506458282471,1.1729716062545776
pretrained-h10-task08-init00,8,0,True,False,27,0.264457643032074,0.9290717840194702,0.02427665889263153,0.07512722909450531,0.047624409198760986,0.9713047742843628
pretrained-h10-task08-init00,8,0,True,False,28,0.18046824634075165,1.0867999792099,0.04004934802651405,0.09734803438186646,0.03709304332733154,1.1576511859893799
pretrained-h10-task08-init00,8,0,True,False,29,0.1585080474615097,0.9696769714355469,0.06006045266985893,0.10215188562870026,0.021622061729431152,0.9495818018913269
pretrained-h10-task08-init00,8,0,True,False,30,0.16612748801708221,0.9269458055496216,0.06350181251764297,0.12299376726150513,0.034714460372924805,0.8934682607650757
pretrained-h10-task08-init00,8,0,True,False,31,0.1609332263469696,0.8704493045806885,0.11257569491863251,0.1365453451871872,-0.010056853294372559,0.7426912784576416
pretrained-h10-task08-init00,8,0,True,False,32,0.16025549173355103,0.864292323589325,0.12173384428024292,0.14564751088619232,0.0772508978843689,0.7474371194839478
pretrained-h10-task08-init00,8,0,True,False,33,0.1327110230922699,0.8063055872917175,0.2643061876296997,0.16212120652198792,0.1281728744506836,0.7538265585899353
pretrained-h10-task08-init00,8,0,True,False,34,0.1545887589454651,0.8017150163650513,0.19870468974113464,0.12159445136785507,0.19802433252334595,0.7702943086624146
pretrained-h10-task08-init00,8,0,True,False,35,0.1932607889175415,0.7325274348258972,0.5271940231323242,0.19059276580810547,0.2530326247215271,0.8978142738342285
pretrained-h10-task08-init00,8,0,True,False,36,0.13747306168079376,1.1474093198776245,1.0803980827331543,0.24921588599681854,-0.05730628967285156,1.1211750507354736
pretrained-h10-task08-init00,8,0,True,False,37,0.11211403459310532,0.9761157035827637,1.0431774854660034,0.17709535360336304,0.35462260246276855,1.4407185316085815
pretrained-h10-task08-init00,8,0,True,False,38,0.1362406611442566,1.1580023765563965,1.2130932807922363,0.3617495000362396,0.3232300281524658,1.6925935745239258
pretrained-h10-task08-init00,8,0,True,False,39,0.10435384511947632,1.2067389488220215,1.1594756841659546,0.31761786341667175,0.4870723485946655,1.912468433380127
pretrained-h10-task08-init00,8,0,True,False,40,0.14518755674362183,1.0819454193115234,1.0708584785461426,0.17396864295005798,0.866875410079956,2.1344995498657227
pretrained-h10-task08-init00,8,0,True,False,41,0.10681883990764618,1.0482161045074463,0.8331973552703857,0.1538035273551941,0.8349864482879639,2.066981077194214
pretrained-h10-task08-init00,8,0,True,False,42,0.1121051013469696,0.9546610713005066,0.7483696937561035,0.10949444770812988,0.8742180466651917,2.0536577701568604
pretrained-h10-task08-init00,8,0,True,False,43,0.1257551610469818,1.0630253553390503,0.4474521577358246,0.08934271335601807,0.7577551603317261,2.0043139457702637
pretrained-h10-task08-init00,8,0,True,False,44,0.11727040261030197,1.269721508026123,0.1785847544670105,0.07061542570590973,0.4284094572067261,1.8903658390045166
pretrained-h10-task08-init00,8,0,True,False,45,0.17186635732650757,1.129011631011963,0.14613938331604004,0.08057424426078796,0.4063379764556885,1.666365146636963
pretrained-h10-task08-init00,8,0,True,False,46,0.16569438576698303,1.001997709274292,0.03699551895260811,0.08196263015270233,0.15644168853759766,1.315995454788208
pretrained-h10-task08-init00,8,0,True,False,47,0.15334247052669525,0.9289275407791138,0.020529786124825478,0.07398863881826401,0.0465928316116333,0.9694303274154663
pretrained-h10-task08-init00,8,0,True,False,48,0.17476193606853485,0.6963855028152466,0.016017215326428413,0.06377964466810226,-0.022154808044433594,0.6013290286064148
pretrained-h10-task08-init00,8,0,True,False,49,0.2645362317562103,0.5558137893676758,0.018703702837228775,0.06934991478919983,-0.03200441598892212,0.41992658376693726
pretrained-h10-task08-init00,8,0,True,False,50,0.18718048930168152,0.5535427331924438,0.017992965877056122,0.055645011365413666,0.027116894721984863,0.6872145533561707
pretrained-h10-task08-init00,8,0,True,False,51,0.1770288646221161,0.5452243089675903,0.030443698167800903,0.06026269122958183,0.04583483934402466,0.7520331144332886
pretrained-h10-task08-init00,8,0,True,False,52,0.1199297308921814,0.6070534586906433,0.03857967630028725,0.06518132984638214,0.06091970205307007,0.8455904722213745
pretrained-h10-task08-init00,8,0,True,False,53,0.3831331133842468,0.668624758720398,0.061242684721946716,0.0719679519534111,0.09904289245605469,0.8874951601028442
pretrained-h10-task08-init00,8,0,True,False,54,0.19038009643554688,0.5350772142410278,0.12048272788524628,0.08066058158874512,0.11271893978118896,0.8661175966262817
pretrained-h10-task08-init00,8,0,True,False,55,0.0953817367553711,0.5095343589782715,0.16156968474388123,0.08715991675853729,0.14849531650543213,0.8348125219345093
pretrained-h10-task08-init00,8,0,True,False,56,0.14362138509750366,0.5088207721710205,0.1593128889799118,0.06329543888568878,0.176560640335083,0.8623101711273193
pretrained-h10-task08-init00,8,0,True,False,57,0.10397862643003464,0.5698038935661316,0.3021051287651062,0.10595846176147461,0.17844796180725098,0.9689034223556519
pretrained-h10-task08-init00,8,0,True,False,58,0.07978787273168564,0.5773739814758301,0.3724978566169739,0.1321561336517334,0.20320594310760498,0.9684561491012573
pretrained-h10-task08-init00,8,0,True,False,59,0.11269082874059677,0.5430359244346619,0.319938063621521,0.12548276782035828,0.15568691492080688,0.8798767924308777
pretrained-h10-task08-init00,8,0,True,False,60,0.08401951193809509,0.5900849103927612,0.2978726625442505,0.1021130308508873,0.07680177688598633,0.7979270219802856
pretrained-h10-task08-init00,8,0,True,False,61,0.09024979919195175,0.5560904741287231,0.2584378123283386,0.09311848878860474,0.17118561267852783,0.8442088961601257
pretrained-h10-task08-init00,8,0,True,False,62,0.10588546097278595,0.5982896685600281,0.22353306412696838,0.08613832294940948,0.16080641746520996,0.8844701051712036
pretrained-h10-task08-init00,8,0,True,False,63,0.10673807561397552,0.645336389541626,0.17714685201644897,0.08921162784099579,0.16533935070037842,0.9725795984268188
pretrained-h10-task08-init00,8,0,True,False,64,0.09923287481069565,0.6969978213310242,0.11012022197246552,0.10117264091968536,0.08483761548995972,0.9722559452056885
pretrained-h10-task08-init00,8,0,True,False,65,0.13950367271900177,0.7037724256515503,0.10991813987493515,0.12669843435287476,0.08134728670120239,0.9397315979003906
pretrained-h10-task08-init00,8,0,True,False,66,0.14057230949401855,0.7443172335624695,0.10617032647132874,0.12975512444972992,0.06767654418945312,0.9503000974655151
pretrained-h10-task08-init00,8,0,True,False,67,0.13786089420318604,0.8038125038146973,0.0878872498869896,0.13133420050144196,0.0445672869682312,0.9473266005516052
pretrained-h10-task08-init00,8,0,True,False,68,0.12948070466518402,0.7568168640136719,0.0443110391497612,0.16233301162719727,0.059801340103149414,0.9212333559989929
pretrained-h10-task08-init00,8,0,True,False,69,0.1300722062587738,0.6525999903678894,0.026872675865888596,0.13574853539466858,0.06171971559524536,0.8247024416923523
pretrained-h10-task08-init00,8,0,True,False,70,0.19342660903930664,0.6667366027832031,0.017027344554662704,0.11460256576538086,0.04922342300415039,0.8656248450279236
pretrained-h10-task08-init00,8,0,True,False,71,0.13838490843772888,0.5964480042457581,0.01825644262135029,0.1023835837841034,0.03398483991622925,0.7541885375976562
pretrained-h10-task08-init00,8,0,True,False,72,0.12242823094129562,0.6273306608200073,0.01585960015654564,0.09437336772680283,0.019964396953582764,0.6969720721244812
pretrained-h10-task08-init00,8,0,True,False,73,0.1415557712316513,0.6282201409339905,0.012032615952193737,0.09256576001644135,0.009779512882232666,0.6312594413757324
pretrained-h10-task08-init00,8,0,True,False,74,0.10103712975978851,0.6260420083999634,0.016309304162859917,0.09705881774425507,-0.0007933378219604492,0.6032905578613281
pretrained-h10-task08-init00,8,0,True,False,75,0.10378889739513397,0.5986145734786987,0.015732601284980774,0.07796844840049744,-0.003300189971923828,0.5677570104598999
pretrained-h10-task08-init00,8,0,True,False,76,0.12724336981773376,0.5796084403991699,0.03256700187921524,0.10734270513057709,-0.027076005935668945,0.4799536168575287
pretrained-h10-task08-init00,8,0,True,False,77,0.10459383577108383,0.532984733581543,0.03393937647342682,0.11285098642110825,-0.02079176902770996,0.44156283140182495
pretrained-h10-task08-init00,8,0,True,False,78,0.1135888546705246,0.5262287259101868,0.039295878261327744,0.11378476023674011,0.009789884090423584,0.42885828018188477
pretrained-h10-task08-init00,8,0,True,False,79,0.09066367149353027,0.515900731086731,0.035940021276474,0.10868233442306519,0.013351798057556152,0.45909106731414795
pretrained-h10-task08-init01,8,1,True,False,0,0.06453552842140198,0.4849165678024292,0.14445748925209045,0.14452530443668365,0.16240739822387695,0.729922890663147
pretrained-h10-task08-init01,8,1,True,False,1,0.07417932152748108,0.4757211208343506,0.1833125352859497,0.1706111878156662,0.21042197942733765,0.8979847431182861
pretrained-h10-task08-init01,8,1,True,False,2,0.14779098331928253,0.536053478717804,0.21837806701660156,0.1427900791168213,0.2536672353744507,0.962130069732666
pretrained-h10-task08-init01,8,1,True,False,3,0.12804797291755676,0.7109578847885132,0.24884317815303802,0.2000260353088379,0.2124720811843872,1.0709829330444336
pretrained-h10-task08-init01,8,1,True,False,4,0.16601905226707458,0.7515194416046143,0.24335627257823944,0.15893690288066864,0.16603845357894897,1.200682520866394
pretrained-h10-task08-init01,8,1,True,False,5,0.15678688883781433,0.7537731528282166,0.2180543839931488,0.14145112037658691,0.1693515181541443,1.3326420783996582
pretrained-h10-task08-init01,8,1,True,False,6,0.18321406841278076,0.8581416606903076,0.14041122794151306,0.14436966180801392,0.10439985990524292,1.3076715469360352
pretrained-h10-task08-init01,8,1,True,False,7,0.18712258338928223,0.6992854475975037,0.10191737115383148,0.09776978194713593,0.0900917649269104,1.3041281700134277
pretrained-h10-task08-init01,8,1,True,False,8,0.1972603052854538,0.7397477030754089,0.08332778513431549,0.08038642257452011,0.07461833953857422,1.238187313079834
pretrained-h10-task08-init01,8,1,True,False,9,0.17000626027584076,0.6987830996513367,0.06647041440010071,0.09268215298652649,0.10304075479507446,1.4236371517181396
pretrained-h10-task08-init01,8,1,True,False,10,0.1890868991613388,0.7256217002868652,0.04671802371740341,0.09155254065990448,0.03155297040939331,1.2669355869293213
pretrained-h10-task08-init01,8,1,True,False,11,0.17814159393310547,0.6303312182426453,0.06504958122968674,0.10282188653945923,0.04398202896118164,1.0972864627838135
pretrained-h10-task08-init01,8,1,True,False,12,0.22199462354183197,0.6487593054771423,0.07087349891662598,0.08726745843887329,0.02197122573852539,1.0956065654754639
pretrained-h10-task08-init01,8,1,True,False,13,0.2311786711215973,0.6884161829948425,0.049884747713804245,0.10642941296100616,0.049894630908966064,1.0893548727035522
pretrained-h10-task08-init01,8,1,True,False,14,0.24038109183311462,0.733795166015625,0.08190285414457321,0.09808387607336044,0.1052061915397644,1.2150046825408936
pretrained-h10-task08-init01,8,1,True,False,15,0.28101152181625366,0.8054064512252808,0.04819120094180107,0.12131686508655548,0.048861801624298096,1.3778074979782104
pretrained-h10-task08-init01,8,1,True,False,16,0.19205746054649353,0.8928557634353638,0.040216416120529175,0.16134902834892273,0.0026941895484924316,1.3621857166290283
pretrained-h10-task08-init01,8,1,True,False,17,0.2138882577419281,0.7662274241447449,0.07614332437515259,0.18742021918296814,0.10218483209609985,1.186083197593689
pretrained-h10-task08-init01,8,1,True,False,18,0.25988826155662537,0.6715787649154663,0.06628762185573578,0.196632981300354,0.09182798862457275,1.2168457508087158
pretrained-h10-task08-init01,8,1,True,False,19,0.181300088763237,0.7642039060592651,0.06560514867305756,0.17230647802352905,0.08866381645202637,1.4107364416122437
pretrained-h10-task08-init01,8,1,True,False,20,0.19159361720085144,0.7860898971557617,0.07181864976882935,0.13871872425079346,0.06346911191940308,1.3199115991592407
pretrained-h10-task08-init01,8,1,True,False,21,0.14279291033744812,0.6863886713981628,0.03333565220236778,0.11582726240158081,0.04745906591415405,1.0236114263534546
pretrained-h10-task08-init01,8,1,True,False,22,0.1806129664182663,0.7341232299804688,0.02780161425471306,0.11072834581136703,0.053267836570739746,1.1334562301635742
pretrained-h10-task08-init01,8,1,True,False,23,0.14111533761024475,0.8560534715652466,0.019170161336660385,0.10120125114917755,0.06468820571899414,1.1817352771759033
pretrained-h10-task08-init01,8,1,True,False,24,0.15170705318450928,1.0159852504730225,0.019412726163864136,0.09354382008314133,0.07625436782836914,1.2275725603103638
pretrained-h10-task08-init01,8,1,True,False,25,0.18173331022262573,1.0021775960922241,0.017758270725607872,0.08864814043045044,0.07677209377288818,1.0979071855545044
pretrained-h10-task08-init01,8,1,True,False,26,0.18809649348258972,0.9894434809684753,0.013995102606713772,0.08618424832820892,0.055450260639190674,1.0853394269943237
pretrained-h10-task08-init01,8,1,True,False,27,0.15358778834342957,1.0176860094070435,0.014124571345746517,0.08717131614685059,0.057369351387023926,1.0802491903305054
pretrained-h10-task08-init01,8,1,True,False,28,0.1691662073135376,0.9301546812057495,0.02332080900669098,0.09753294289112091,0.07183218002319336,0.942218542098999
pretrained-h10-task08-init01,8,1,True,False,29,0.1725301593542099,0.7567019462585449,0.036450739949941635,0.09899243712425232,0.07026255130767822,0.8436675071716309
pretrained-h10-task08-init01,8,1,True,False,30,0.15494880080223083,0.7443692088127136,0.04803629219532013,0.10985718667507172,0.071727454662323,0.7824664115905762
pretrained-h10-task08-init01,8,1,True,False,31,0.18003253638744354,0.7533345222473145,0.04693491384387016,0.09973051398992538,0.035289764404296875,0.7105070352554321
pretrained-h10-task08-init01,8,1,True,False,32,0.1395222395658493,0.6678124666213989,0.08519087731838226,0.09417244046926498,0.059237539768218994,0.6182923316955566
pretrained-h10-task08-init01,8,1,True,False,33,0.15705162286758423,0.6788395643234253,0.1826736181974411,0.10011899471282959,0.1517094373703003,0.6145217418670654
pretrained-h10-task08-init01,8,1,True,False,34,0.11186352372169495,0.6604987382888794,0.22571659088134766,0.10401909053325653,0.18854987621307373,0.7338109016418457
pretrained-h10-task08-init01,8,1,True,False,35,0.11645301431417465,0.6851631999015808,0.4010096490383148,0.09501306712627411,0.23619651794433594,0.8192651271820068
pretrained-h10-task08-init01,8,1,True,False,36,0.12365768849849701,0.7005462646484375,0.5226249694824219,0.11177550256252289,0.3479743003845215,1.0741984844207764
pretrained-h10-task08-init01,8,1,True,False,37,0.10164949297904968,0.918136477470398,0.7249207496643066,0.11022426933050156,0.25806760787963867,1.2920854091644287
pretrained-h10-task08-init01,8,1,True,False,38,0.11739650368690491,1.0366746187210083,1.0021095275878906,0.14262738823890686,0.262115478515625,1.550952672958374
pretrained-h10-task08-init01,8,1,True,False,39,0.10898908972740173,0.7901124954223633,0.6722514033317566,0.10788506269454956,0.592948317527771,1.512906551361084
pretrained-h10-task08-init01,8,1,True,False,40,0.11773701757192612,0.9134328365325928,0.8807129859924316,0.1726246178150177,0.5905838012695312,1.737520456314087
pretrained-h10-task08-init01,8,1,True,False,41,0.12717649340629578,1.020799994468689,0.8872768878936768,0.13378506898880005,0.9057708978652954,2.349874496459961
pretrained-h10-task08-init01,8,1,True,False,42,0.13825993239879608,0.9999997019767761,0.7529215812683105,0.13455554842948914,0.9800620675086975,2.255342960357666
pretrained-h10-task08-init01,8,1,True,False,43,0.13259607553482056,1.054665446281433,0.5936008095741272,0.11919745057821274,0.9159274101257324,2.1474788188934326
pretrained-h10-task08-init01,8,1,True,False,44,0.1492180973291397,1.1512696743011475,0.31797677278518677,0.10254210233688354,0.573345422744751,1.9158967733383179
pretrained-h10-task08-init01,8,1,True,False,45,0.13675765693187714,1.1790235042572021,0.16527046263217926,0.10637205839157104,0.43009042739868164,1.916813611984253
pretrained-h10-task08-init01,8,1,True,False,46,0.14885692298412323,1.1987204551696777,0.0679631233215332,0.08254865556955338,0.1900477409362793,1.6107947826385498
pretrained-h10-task08-init01,8,1,True,False,47,0.15171179175376892,1.0229690074920654,0.04430650174617767,0.0734955295920372,0.10625898838043213,1.4168777465820312
pretrained-h10-task08-init01,8,1,True,False,48,0.14607509970664978,0.9511595964431763,0.0528709851205349,0.0756852775812149,-0.03464925289154053,1.0126144886016846
pretrained-h10-task08-init01,8,1,True,False,49,0.18028581142425537,0.7313949465751648,0.015405364334583282,0.08288757503032684,0.0028386712074279785,0.7388030886650085
pretrained-h10-task08-init01,8,1,True,False,50,0.38790297508239746,0.6704593896865845,0.010830629616975784,0.06398458778858185,-0.02979409694671631,0.4972772002220154
pretrained-h10-task08-init01,8,1,True,False,51,0.16948138177394867,0.5825935006141663,0.0037180292420089245,0.06439309567213058,-0.011176228523254395,0.3495357036590576
pretrained-h10-task08-init01,8,1,True,False,52,0.06346344947814941,0.6302452683448792,0.004099929705262184,0.07558001577854156,-0.015563607215881348,0.408829927444458
pretrained-h10-task08-init01,8,1,True,False,53,0.056749459356069565,0.6100508570671082,0.0047686416655778885,0.07521447539329529,-0.014485061168670654,0.4164568781852722
pretrained-h10-task08-init01,8,1,True,False,54,0.06885657459497452,0.673484206199646,0.005813245661556721,0.07250367105007172,-0.014047980308532715,0.507140040397644
pretrained-h10-task08-init01,8,1,True,False,55,0.06497986614704132,0.638536810874939,0.007429569493979216,0.07358971238136292,-0.008911609649658203,0.4901154041290283
pretrained-h10-task08-init01,8,1,True,False,56,0.06391341984272003,0.7004820704460144,0.012414360418915749,0.07243575900793076,-0.01890397071838379,0.5527256727218628
pretrained-h10-task08-init01,8,1,True,False,57,0.0819028913974762,0.7650003433227539,0.01970524899661541,0.0699436292052269,-0.03845107555389404,0.625868022441864
pretrained-h10-task08-init01,8,1,True,False,58,0.10706192255020142,0.7298798561096191,0.03258603811264038,0.0759284570813179,-0.056878089904785156,0.6235568523406982
pretrained-h10-task08-init01,8,1,True,False,59,0.09236517548561096,0.6148581504821777,0.04312863200902939,0.07628238201141357,0.0031752586364746094,0.7602149844169617
pretrained-h10-task08-init01,8,1,True,False,60,0.10044941306114197,0.7509629130363464,0.06288333982229233,0.07101455330848694,0.1150633692741394,1.2534887790679932
pretrained-h10-task08-init01,8,1,True,False,61,0.07150305062532425,0.7706810832023621,0.06647837162017822,0.07614962756633759,0.14202481508255005,1.3355920314788818
pretrained-h10-task08-init01,8,1,True,False,62,0.08893301337957382,0.8709526062011719,0.07559829950332642,0.08313612639904022,0.19307374954223633,1.537574052810669
pretrained-h10-task08-init01,8,1,True,False,63,0.08900320529937744,0.9344973564147949,0.10829153656959534,0.08491526544094086,0.17091071605682373,1.4468021392822266
pretrained-h10-task08-init01,8,1,True,False,64,0.09985797107219696,0.9657081365585327,0.08798418939113617,0.10424836724996567,0.15012741088867188,1.532688856124878
pretrained-h10-task08-init01,8,1,True,False,65,0.10046182572841644,0.9193962812423706,0.09457093477249146,0.08934690803289413,0.16110622882843018,1.4443005323410034
pretrained-h10-task08-init01,8,1,True,False,66,0.1444312334060669,0.9081427454948425,0.11761689186096191,0.0981016680598259,0.21320313215255737,1.5236475467681885
pretrained-h10-task08-init01,8,1,True,False,67,0.09990006685256958,0.9865669012069702,0.06689786911010742,0.08374999463558197,0.1656128168106079,1.5427098274230957
pretrained-h10-task08-init01,8,1,True,False,68,0.21994933485984802,0.914286732673645,0.07229643315076828,0.09869903326034546,0.15959513187408447,1.4515807628631592
pretrained-h10-task08-init01,8,1,True,False,69,0.2617999017238617,0.7536149024963379,0.08241431415081024,0.07426068186759949,0.14107906818389893,1.1588644981384277
pretrained-h10-task08-init01,8,1,True,False,70,0.08620403707027435,0.6897041201591492,0.09497227519750595,0.0903785452246666,0.11441093683242798,0.9178582429885864
pretrained-h10-task08-init01,8,1,True,False,71,0.11847402155399323,0.6816816329956055,0.07220085710287094,0.1178034171462059,0.034038245677948,0.8106023669242859
pretrained-h10-task08-init01,8,1,True,False,72,0.15056441724300385,0.6771137118339539,0.05858587473630905,0.11458410322666168,0.030583560466766357,0.7803603410720825
pretrained-h10-task08-init01,8,1,True,False,73,0.14785420894622803,0.6421658992767334,0.030051514506340027,0.10955898463726044,0.031239748001098633,0.7564803957939148
pretrained-h10-task08-init01,8,1,True,False,74,0.12809333205223083,0.6601090431213379,0.018094252794981003,0.0873786062002182,0.043851256370544434,0.7731426954269409
pretrained-h10-task08-init01,8,1,True,False,75,0.10425733029842377,0.6454057693481445,0.013161610811948776,0.07353993505239487,0.04613441228866577,0.7098667025566101
pretrained-h10-task08-init01,8,1,True,False,76,0.13227739930152893,0.6567622423171997,0.0227033868432045,0.07772938907146454,0.03360450267791748,0.7016898989677429
pretrained-h10-task08-init01,8,1,True,False,77,0.1326189488172531,0.6038591861724854,0.020373106002807617,0.08654661476612091,0.02349114418029785,0.6241960525512695
pretrained-h10-task08-init01,8,1,True,False,78,0.13114018738269806,0.6097514629364014,0.011602493934333324,0.06930907815694809,0.023636281490325928,0.6106895208358765
pretrained-h10-task08-init01,8,1,True,False,79,0.12672586739063263,0.6209137439727783,0.009296511299908161,0.06370314955711365,0.010229110717773438,0.6102374196052551
pretrained-h10-task08-init02,8,2,False,True,0,0.08027632534503937,0.5521523356437683,0.12995636463165283,0.13816609978675842,0.15574663877487183,0.7810913324356079
pretrained-h10-task08-init02,8,2,False,True,1,0.10647078603506088,0.5140882730484009,0.14347311854362488,0.14014261960983276,0.1845473051071167,0.8050330877304077
pretrained-h10-task08-init02,8,2,False,True,2,0.10366906970739365,0.5462371110916138,0.16509556770324707,0.1535477191209793,0.14987999200820923,0.869661808013916
pretrained-h10-task08-init02,8,2,False,True,3,0.1511702835559845,0.583453893661499,0.1777515411376953,0.18835899233818054,0.14402759075164795,0.9459230303764343
pretrained-h10-task08-init02,8,2,False,True,4,0.17094986140727997,0.6701771020889282,0.17176705598831177,0.16035902500152588,0.19863134622573853,1.0031987428665161
pretrained-h10-task08-init02,8,2,False,True,5,0.15280494093894958,0.7911748886108398,0.16797366738319397,0.16703733801841736,0.18342560529708862,1.1310060024261475
pretrained-h10-task08-init02,8,2,False,True,6,0.17461340129375458,0.7479116320610046,0.17371249198913574,0.13705122470855713,0.1716880202293396,1.266707420349121
pretrained-h10-task08-init02,8,2,False,True,7,0.1444901078939438,0.7403575778007507,0.14390705525875092,0.10260140895843506,0.12714123725891113,1.30296790599823
pretrained-h10-task08-init02,8,2,False,True,8,0.1608353555202484,0.811720609664917,0.11854665726423264,0.09452255815267563,0.0799068808555603,1.3174865245819092
pretrained-h10-task08-init02,8,2,False,True,9,0.1777268350124359,0.8045646548271179,0.09702073037624359,0.07477641105651855,0.07236462831497192,1.3818086385726929
pretrained-h10-task08-init02,8,2,False,True,10,0.1722283810377121,0.7762581706047058,0.06847460567951202,0.09410260617733002,0.021775424480438232,1.3012137413024902
pretrained-h10-task08-init02,8,2,False,True,11,0.13641047477722168,0.7083780765533447,0.07607033103704453,0.0861656665802002,0.10854095220565796,1.362368106842041
pretrained-h10-task08-init02,8,2,False,True,12,0.17098967730998993,0.6783185005187988,0.07017756253480911,0.10397590696811676,0.08293217420578003,1.2254270315170288
pretrained-h10-task08-init02,8,2,False,True,13,0.20392291247844696,0.7505361437797546,0.053229473531246185,0.09748824685811996,0.03922700881958008,1.1794447898864746
pretrained-h10-task08-init02,8,2,False,True,14,0.18210333585739136,0.6030694842338562,0.050440385937690735,0.08821620047092438,0.02655613422393799,1.0805267095565796
pretrained-h10-task08-init02,8,2,False,True,15,0.3027392029762268,0.7637019157409668,0.04069872945547104,0.09687699377536774,-0.010681450366973877,1.1260960102081299
pretrained-h10-task08-init02,8,2,False,True,16,0.19959644973278046,0.71180260181427,0.03436771035194397,0.1138022392988205,0.04296386241912842,1.1536492109298706
pretrained-h10-task08-init02,8,2,False,True,17,0.20165644586086273,0.6554098725318909,0.032750070095062256,0.13455969095230103,0.043890535831451416,1.2277297973632812
pretrained-h10-task08-init02,8,2,False,True,18,0.26332375407218933,0.7000370025634766,0.048087071627378464,0.18575593829154968,0.05508613586425781,1.1541757583618164
pretrained-h10-task08-init02,8,2,False,True,19,0.1934410035610199,0.768152117729187,0.043669044971466064,0.16285887360572815,0.038635969161987305,1.2054991722106934
pretrained-h10-task08-init02,8,2,False,True,20,0.20869126915931702,0.7982901334762573,0.026337504386901855,0.23901954293251038,0.007849693298339844,1.2446410655975342
pretrained-h10-task08-init02,8,2,False,True,21,0.17420034110546112,0.7427597045898438,0.025249963626265526,0.12136916816234589,0.04989594221115112,1.2403864860534668
pretrained-h10-task08-init02,8,2,False,True,22,0.2021763026714325,0.6965435743331909,0.022259917110204697,0.13714979588985443,0.041654109954833984,1.2376257181167603
pretrained-h10-task08-init02,8,2,False,True,23,0.13077425956726074,0.7449069023132324,0.02592233382165432,0.10968422889709473,0.03139996528625488,1.0463180541992188
pretrained-h10-task08-init02,8,2,False,True,24,0.1784064769744873,0.7374536395072937,0.058192819356918335,0.08931063115596771,-0.004247605800628662,1.0086500644683838
pretrained-h10-task08-init02,8,2,False,True,25,0.15654170513153076,0.8421871662139893,0.018275529146194458,0.09371486306190491,0.04459279775619507,1.006845235824585
pretrained-h10-task08-init02,8,2,False,True,26,0.17341439425945282,0.8848042488098145,0.07755734026432037,0.07844340801239014,-0.05261802673339844,0.855282187461853
pretrained-h10-task08-init02,8,2,False,True,27,0.17077969014644623,0.989227294921875,0.01716725155711174,0.06576406955718994,0.032616257667541504,0.8799759745597839
pretrained-h10-task08-init02,8,2,False,True,28,0.16536614298820496,0.9695150256156921,0.02257406711578369,0.07094574719667435,0.052284300327301025,0.9183764457702637
pretrained-h10-task08-init02,8,2,False,True,29,0.20462994277477264,1.116455316543579,0.053857237100601196,0.07637132704257965,-0.01422119140625,0.9621063470840454
pretrained-h10-task08-init02,8,2,False,True,30,0.14307469129562378,1.045039415359497,0.027498027309775352,0.09506441652774811,0.02895665168762207,0.9546928405761719
pretrained-h10-task08-init02,8,2,False,True,31,0.15181730687618256,0.9364964365959167,0.036622412502765656,0.09735053777694702,0.0371546745300293,0.8151215314865112
pretrained-h10-task08-init02,8,2,False,True,32,0.16348327696323395,0.9292174577713013,0.044008418917655945,0.10183068364858627,0.03971660137176514,0.8198492527008057
pretrained-h10-task08-init02,8,2,False,True,33,0.19285783171653748,0.8967806696891785,0.05694706737995148,0.10269579291343689,0.08019590377807617,0.7725088596343994
pretrained-h10-task08-init02,8,2,False,True,34,0.18718844652175903,0.9156168699264526,0.0871904119849205,0.09514167159795761,0.08570873737335205,0.8126925230026245
pretrained-h10-task08-init02,8,2,False,True,35,0.23656730353832245,0.8032462000846863,0.11197684705257416,0.10228811204433441,0.15278339385986328,0.8559190630912781
pretrained-h10-task08-init02,8,2,False,True,36,0.24302713572978973,0.7433532476425171,0.1888202279806137,0.08760669082403183,0.20320117473602295,0.9575848579406738
pretrained-h10-task08-init02,8,2,False,True,37,0.21674703061580658,0.7505180835723877,0.3498479723930359,0.10579844564199448,0.28984904289245605,1.0758047103881836
pretrained-h10-task08-init02,8,2,False,True,38,0.2006131410598755,0.947845458984375,0.8214161396026611,0.27856603264808655,0.06298208236694336,1.0189533233642578
pretrained-h10-task08-init02,8,2,False,True,39,0.18620514869689941,0.9633407592773438,0.8080796003341675,0.23715686798095703,0.06238400936126709,1.1326485872268677
pretrained-h10-task08-init02,8,2,False,True,40,0.13924826681613922,1.0512311458587646,0.9983541965484619,0.4370478093624115,-0.10307228565216064,1.0928953886032104
pretrained-h10-task08-init02,8,2,False,True,41,0.12231026589870453,1.0971744060516357,1.0088227987289429,0.433271586894989,-0.1932883858680725,0.9879762530326843
pretrained-h10-task08-init02,8,2,False,True,42,0.1580945998430252,0.985842227935791,0.9054872393608093,0.31082385778427124,-0.08198022842407227,0.969643771648407
pretrained-h10-task08-init02,8,2,False,True,43,0.13579720258712769,1.0995367765426636,0.8945317268371582,0.3159208595752716,-0.1913556456565857,0.8851839900016785
pretrained-h10-task08-init02,8,2,False,True,44,0.16022536158561707,1.1195356845855713,0.806433916091919,0.3755980432033539,-0.22779136896133423,0.8091503977775574
pretrained-h10-task08-init02,8,2,False,True,45,0.13065719604492188,0.7770824432373047,0.492267370223999,0.12649348378181458,0.05950605869293213,0.5968852043151855
pretrained-h10-task08-init02,8,2,False,True,46,0.19077961146831512,0.6926309466362,0.25456470251083374,0.10340815037488937,0.14244920015335083,0.4947356879711151
pretrained-h10-task08-init02,8,2,False,True,47,0.11773578822612762,0.6446777582168579,0.19327835738658905,0.10899282991886139,0.14161574840545654,0.47472506761550903
pretrained-h10-task08-init02,8,2,False,True,48,0.08074265718460083,0.6814164519309998,0.05919472873210907,0.08456870913505554,0.022070705890655518,0.5139427185058594
pretrained-h10-task08-init02,8,2,False,True,49,0.088412344455719,0.7497385740280151,0.034423813223838806,0.08831783384084702,0.020850300788879395,0.6212369203567505
pretrained-h10-task08-init02,8,2,False,True,50,0.09880822896957397,0.6842142939567566,0.01666354387998581,0.08405479043722153,0.02950882911682129,0.4943755567073822
pretrained-h10-task08-init02,8,2,False,True,51,0.09761321544647217,0.6617305874824524,0.02717890962958336,0.09135562181472778,0.022063910961151123,0.37903332710266113
pretrained-h10-task08-init02,8,2,False,True,52,0.1272570788860321,0.6697322726249695,0.043190471827983856,0.10348369181156158,0.043924033641815186,0.467754065990448
pretrained-h10-task08-init02,8,2,False,True,53,0.14700816571712494,0.7287478446960449,0.06828036904335022,0.1009756550192833,0.06377649307250977,0.5326051712036133
pretrained-h10-task08-init02,8,2,False,True,54,0.13813456892967224,0.7092539072036743,0.07721375674009323,0.11568330973386765,0.08496296405792236,0.49678635597229004
pretrained-h10-task08-init02,8,2,False,True,55,0.1246819943189621,0.6904617547988892,0.09944087266921997,0.12178947031497955,0.11102592945098877,0.5431496500968933
pretrained-h10-task08-init02,8,2,False,True,56,0.1303013265132904,0.7047449350357056,0.11331602185964584,0.13414134085178375,0.10823160409927368,0.5847800374031067
pretrained-h10-task08-init02,8,2,False,True,57,0.16581177711486816,0.6593410968780518,0.14897382259368896,0.1087438315153122,0.13625645637512207,0.5839702486991882
pretrained-h10-task08-init02,8,2,False,True,58,0.1547674536705017,0.8076618909835815,0.11238464713096619,0.11968585103750229,0.12504082918167114,0.6898130178451538
pretrained-h10-task08-init02,8,2,False,True,59,0.11991505324840546,0.8226480484008789,0.12752142548561096,0.1160600408911705,0.17322367429733276,0.7052704095840454
pretrained-h10-task08-init02,8,2,False,True,60,0.13876307010650635,0.843228280544281,0.10006481409072876,0.10768973082304001,0.10537213087081909,0.7753507494926453
pretrained-h10-task08-init02,8,2,False,True,61,0.17376670241355896,0.7416214942932129,0.10806342214345932,0.11306960880756378,0.1301506757736206,0.7852128744125366
pretrained-h10-task08-init02,8,2,False,True,62,0.1488541215658188,0.6451026201248169,0.08456598222255707,0.11704792827367783,0.08387619256973267,0.6869542002677917
pretrained-h10-task08-init02,8,2,False,True,63,0.14321212470531464,0.6780071258544922,0.07242236286401749,0.10883065313100815,0.06973791122436523,0.775166392326355
pretrained-h10-task08-init02,8,2,False,True,64,0.17661580443382263,0.6961175203323364,0.06034136936068535,0.1374625861644745,0.036509156227111816,0.8016823530197144
pretrained-h10-task08-init02,8,2,False,True,65,0.12963581085205078,0.7580355405807495,0.04991335794329643,0.1439923644065857,0.047666072845458984,0.794219970703125
pretrained-h10-task08-init02,8,2,False,True,66,0.13140732049942017,0.6913029551506042,0.0344574972987175,0.10390492528676987,0.04427844285964966,0.8064867258071899
pretrained-h10-task08-init02,8,2,False,True,67,0.15376703441143036,0.7077169418334961,0.017405031248927116,0.09686315059661865,0.012397289276123047,0.7513486742973328
pretrained-h10-task08-init02,8,2,False,True,68,0.19913677871227264,0.7395479083061218,0.017120901495218277,0.10491064190864563,-0.006468713283538818,0.8617438077926636
pretrained-h10-task08-init02,8,2,False,True,69,0.210544154047966,0.7851969003677368,0.03932659700512886,0.09467633068561554,0.006196856498718262,0.8336812853813171
pretrained-h10-task08-init02,8,2,False,True,70,0.25317633152008057,0.7326197624206543,0.03197566419839859,0.08971193432807922,-0.017864763736724854,0.7309149503707886
pretrained-h10-task08-init02,8,2,False,True,71,0.17696505784988403,0.6162034273147583,0.04919654130935669,0.14638526737689972,-0.01365506649017334,0.6308828592300415
pretrained-h10-task08-init02,8,2,False,True,72,0.10572302341461182,0.6575864553451538,0.0663144588470459,0.20194852352142334,-0.0074999332427978516,0.5515193939208984
pretrained-h10-task08-init02,8,2,False,True,73,0.15775953233242035,0.8420138359069824,0.07617376744747162,0.19916784763336182,0.01994532346725464,0.6661134958267212
pretrained-h10-task08-init02,8,2,False,True,74,0.14602312445640564,0.8732401728630066,0.11505358666181564,0.18520686030387878,0.10694050788879395,0.8089324831962585
pretrained-h10-task08-init02,8,2,False,True,75,0.14403119683265686,1.0104347467422485,0.100888691842556,0.1653459370136261,0.1422203779220581,0.9921953678131104
pretrained-h10-task08-init02,8,2,False,True,76,0.09193428605794907,1.1054390668869019,0.10988922417163849,0.15785811841487885,0.15753960609436035,1.1760995388031006
pretrained-h10-task08-init02,8,2,False,True,77,0.11974241584539413,1.2222859859466553,0.21260707080364227,0.28118187189102173,0.16810393333435059,1.3173736333847046
pretrained-h10-task08-init02,8,2,False,True,78,0.12981271743774414,1.3217116594314575,0.3000894784927368,0.34927353262901306,0.21911728382110596,1.4932763576507568
pretrained-h10-task08-init02,8,2,False,True,79,0.1774909794330597,1.2922827005386353,0.40988391637802124,0.4732052683830261,0.2751084566116333,1.6834716796875
