pair_id,condition,benchmark_task_id,init_state_index,period,start_index,target_index,wm_relative_residual_raw,wm_action_residual_raw,no_action_residual_raw,latent_persistence_motion_raw,eef_path_length_raw,pixel_endpoint_mae_raw,wm_relative_residual_anomaly,wm_action_residual_anomaly,no_action_residual_anomaly,latent_persistence_motion_anomaly,eef_path_length_anomaly,pixel_endpoint_mae_anomaly
task04-init03,nominal,4,3,pre,10,20,-0.014399528503417969,0.644192636013031,0.658592164516449,1.2416081428527832,0.11744198948144913,21.622495651245117,0.29612356500118475,2.2622575560225444,2.1074259140470057,0.8876100366707887,1.2161710040939806,0.1570490917162415
task04-init03,nominal,4,3,pre,11,21,0.01705068349838257,0.7466326951980591,0.7295820116996765,1.2026079893112183,0.11763353645801544,22.376955032348633,0.5765532994380019,0.7315380741804096,1.044315970066932,0.755196801275289,1.2237474903502146,0.3583618508341611
task04-init03,nominal,4,3,pre,12,22,0.006458699703216553,0.6460608243942261,0.6396021246910095,1.1058311462402344,0.1177268847823143,22.741716384887695,0.2826481516435461,2.2343419888743328,2.3918116533611786,0.4266202768589359,1.2274398080718045,0.455691297771143
task04-init03,nominal,4,3,pre,13,23,0.013918697834014893,0.766347348690033,0.7524286508560181,1.0773227214813232,0.11749592423439026,23.06329345703125,0.48964732154213314,0.43695015205294924,0.7021756466634783,0.32982853591531497,1.2183043497709374,0.5414978624235599
task04-init03,nominal,4,3,pre,14,24,-0.0003952980041503906,0.7881354093551636,0.788530707359314,1.1089571714401245,0.11673363298177719,23.263538360595703,0.09246421177707002,0.11138016315403475,0.16152854303297015,0.437233750731652,1.1881525337402061,0.5949293062435034
task04-init03,nominal,4,3,pre,15,25,-0.002612590789794922,0.8141991496086121,0.816811740398407,1.1461032629013062,0.11553744971752167,23.478675842285156,0.030939026649252094,0.2780795393590776,0.2619946598313448,0.5633520786359283,1.1408384689398596,0.6523345438392466
task04-init03,nominal,4,3,pre,16,26,0.015162110328674316,0.7581219673156738,0.7429598569869995,1.0495706796646118,0.11400765180587769,23.65406608581543,0.5241493883956656,0.5598586276579021,0.8439757676535897,0.23560486467090402,1.080328545681565,0.6991340067815712
task04-init03,nominal,4,3,pre,17,27,-0.015295207500457764,0.7266926765441895,0.7419878840446472,1.1243023872375488,0.1122392788529396,24.118005752563477,0.32097676276773635,1.0294935348136731,0.8585315688180474,0.4893337936049077,1.010381978975028,0.8229272509462733
task04-init03,nominal,4,3,pre,18,28,-0.044285714626312256,0.7261514663696289,0.7704371809959412,1.1723078489303589,0.11000438034534454,24.724660873413086,1.1254020192856957,1.0375806148540572,0.4324885262108451,0.6523218313987876,0.9219823700101242,0.9848013282923846
task04-init03,nominal,4,3,pre,19,29,-0.08612263202667236,0.7618017196655273,0.8479243516921997,1.21628737449646,0.10747077316045761,25.20069694519043,2.286287990186537,0.5048736085639423,0.7279222221804653,0.8016410197235233,0.8217675800975005,1.1118222620224198
task04-init03,nominal,4,3,pre,20,30,0.00426250696182251,0.8365392088890076,0.8322767019271851,1.2647582292556763,0.10476687550544739,25.413471221923828,0.2217084481161381,0.6118978155106349,0.49359051525104325,0.9662091590313064,0.7148170879065896,1.1685969245044059
task04-init03,nominal,4,3,pre,21,31,-0.024140000343322754,0.7797037363052368,0.8038437366485596,1.3349932432174683,0.10164815187454224,25.495088577270508,0.5664010570231672,0.23737117003869795,0.06779204795009361,1.2046709237219846,0.5914584886213407,1.1903749226422453
task04-init03,nominal,4,3,pre,22,32,-0.008119463920593262,0.8937348127365112,0.9018542766571045,1.3875716924667358,0.0981845036149025,25.556360244750977,0.12186505544642258,1.4665480937476332,1.5355509435145132,1.383185158794256,0.4544566736827271,1.2067240711122496
task04-init03,nominal,4,3,pre,23,33,0.023077726364135742,0.8021805286407471,0.7791028022766113,1.35805082321167,0.0945780947804451,25.44557762145996,0.7437909914963237,0.09849025166491243,0.3027163331468432,1.2829559685274845,0.3118080792833916,1.1771638905172181
task04-init03,nominal,4,3,pre,24,34,0.045067012310028076,0.9274412989616394,0.8823742866516113,1.3152964115142822,0.09124340862035751,25.057842254638672,1.3539471681675457,1.9702101917561439,1.2438279450127618,1.1377962841111462,0.17990725623902334,1.0737042763121127
task04-init03,nominal,4,3,pre,25,35,0.033480703830718994,0.9574474692344666,0.9239667654037476,1.3607176542282104,0.0882451981306076,24.433778762817383,1.0324516134294808,2.4185799972550632,1.866696982074487,1.2920103873203965,0.06131545710915129,0.9071851149762825
task04-init03,nominal,4,3,pre,26,36,0.0018448829650878906,0.8206518888473511,0.8188070058822632,1.1397533416748047,0.08524329960346222,23.301258087158203,0.15462449559007835,0.3745001558890278,0.29187479989268167,0.5417928400752003,0.057422219367052246,0.6049940790035209
task04-init03,nominal,4,3,pre,27,37,0.03439664840698242,0.8167318105697632,0.7823351621627808,1.0506207942962646,0.08202192187309265,21.84864044189453,1.0578671381568778,0.3159240457462982,0.2543100599421741,0.23917021155511853,0.18484121880938206,0.2173914148499126
task04-init03,nominal,4,3,pre,28,38,0.012716472148895264,0.767318606376648,0.7546021342277527,0.9135637283325195,0.0788206234574318,20.121868133544922,0.4562881015413781,0.4224370497117532,0.6696266008879249,0.22616563689820274,0.31146599714390716,0.24336406976455133
task04-init03,nominal,4,3,pre,29,39,0.051986098289489746,0.8467806577682495,0.7947945594787598,0.913668155670166,0.07565826177597046,18.064579010009766,1.545937169920032,0.7649315549136003,0.0677240943684177,0.225811085431456,0.43655066434322365,0.7923115149621666
task04-init03,nominal,4,3,pre,30,40,0.03142935037612915,0.7681100368499756,0.7366806864738464,0.8064257502555847,0.07268332690000534,16.124675750732422,0.975530893769293,0.4106110311240637,0.9380096172440798,0.5899202640634427,0.5542218153318038,1.309936833605245
task04-init03,nominal,4,3,pre,31,41,0.04840540885925293,0.8262233734130859,0.777817964553833,0.7154122591018677,0.07019596546888351,15.6444730758667,1.44658061154991,0.4577525479259075,0.3219574473861913,0.898929068745697,0.6526073917319437,1.4380695440390756
task04-init03,nominal,4,3,pre,32,42,0.03834444284439087,0.8149378299713135,0.7765933871269226,0.7332643270492554,0.06789194047451019,16.153480529785156,1.1674100840324362,0.2891173348371041,0.3402961323021037,0.8383177669749335,0.7437412431600059,1.3022508405721855
task04-init03,nominal,4,3,pre,33,43,-0.0017540454864501953,0.8064269423484802,0.8081809878349304,0.6820386648178101,0.06597082316875458,17.090822219848633,0.05476184295519536,0.16194265731657412,0.1327446439722983,1.0122390225441893,0.8197294896183441,1.0521395070939927
task04-init03,nominal,4,3,pre,34,44,-0.03283035755157471,0.8316614627838135,0.8644918203353882,0.7095164060592651,0.0643719956278801,18.019794464111328,0.8075400890563892,0.5390116706753005,0.9760286959934289,0.9189466560086644,0.8829698242175702,0.8042613968596792
task04-init03,nominal,4,3,pre,35,45,-0.02926921844482422,0.801882266998291,0.8311514854431152,0.6339493989944458,0.06285253167152405,18.550495147705078,0.7087260108132007,0.09403345116688575,0.4767398122166021,1.1755115919375245,0.9430709962044269,0.6626542784966494
task04-init03,nominal,4,3,pre,36,46,-0.024037718772888184,0.7751184701919556,0.7991561889648438,0.5466499328613281,0.057123757898807526,18.220813751220703,0.5635629597737227,0.3058869071914151,0.0024064206080476277,1.471910547051026,1.1696680249444429,0.7506233239064143
task04-init03,nominal,4,3,pre,37,47,-0.024787724018096924,0.7818357348442078,0.8066234588623047,0.5119824409484863,0.051989249885082245,17.48814582824707,0.5843740190334897,0.20551359669458993,0.1094198362070169,1.5896135392285924,1.3727593506122475,0.9461214577824649
task04-init03,nominal,4,3,pre,38,48,-0.04109203815460205,0.8739794492721558,0.9150714874267578,0.52753746509552,0.047279197722673416,16.53032112121582,1.0367842519648995,1.171351859321981,1.7334855603426336,1.536801155508905,1.5590616672258486,1.2016982845186384
task04-init03,nominal,4,3,pre,39,49,-0.08649730682373047,0.8151218295097351,0.9016191363334656,0.5441639423370361,0.0426289364695549,15.304109573364258,2.2966844233508774,0.29186676392131844,1.5320295946708395,1.4803509766030079,1.7429990026186213,1.5288889009295483
task04-init03,nominal,4,3,pre,40,50,-0.057518064975738525,0.7411044836044312,0.7986225485801697,0.4906572997570038,0.03785651549696922,13.941916465759277,1.4925717544670354,0.8141438560730913,0.01039796337038218,1.6620166116272848,1.931768267244628,1.8923635422578486
task04-init03,nominal,4,3,fault_influenced,41,51,-0.049838364124298096,0.7441539168357849,0.793992280960083,0.4133206009864807,0.03372940793633461,12.701305389404297,1.2794762987517512,0.768577435153918,0.07973863313542574,1.924590000937106,2.095012680033999,2.22339639177716
task04-init03,nominal,4,3,fault_influenced,42,52,-0.039464354515075684,0.6897631883621216,0.7292275428771973,0.3892856538295746,0.03023982234299183,12.529319763183594,0.9916194735920381,1.5813156194988018,1.049624325345342,2.006193400580494,2.2330404252997162,2.269287399047123
task04-init03,nominal,4,3,fault_influenced,43,53,0.013638973236083984,0.6951688528060913,0.6815298795700073,0.3942353129386902,0.026661911979317665,12.19792366027832,0.4818855555796372,1.5005410090337667,1.7639216816364207,1.9893883288762426,2.3745617856592176,2.357713980394957
task04-init03,nominal,4,3,fault_influenced,44,54,0.039991676807403564,0.6718644499778748,0.6318727731704712,0.3596899211406708,0.022730249911546707,13.604082107543945,1.2131173425322312,1.8487690724070616,2.5075627190141727,2.106676767012924,2.5300755095227228,1.9825080463631384
task04-init03,nominal,4,3,fault_influenced,45,55,0.0004671812057495117,0.7285155057907104,0.7280483245849609,0.4143337607383728,0.018311165273189545,15.512508392333984,0.11639618566953039,1.0022557504750136,1.067283733589509,1.9211501231792516,2.704868840265045,1.4732817439447043
task04-init03,nominal,4,3,fault_influenced,46,56,-0.015382528305053711,0.679865837097168,0.6952483654022217,0.41814589500427246,0.017874130979180336,16.011165618896484,0.3233997304078507,1.7292076504135363,1.558480209605437,1.9082071733169683,2.722155379480752,1.34022479661567
task04-init03,nominal,4,3,fault_influenced,47,57,-0.01581496000289917,0.700605571269989,0.7164205312728882,0.4449981153011322,0.01718338020145893,16.073347091674805,0.3353987954106012,1.4193023711787491,1.2414159959777307,1.8170385741146475,2.7494774696943622,1.3236328843609504
task04-init03,nominal,4,3,fault_influenced,48,58,-0.034846603870391846,0.7564212679862976,0.7912678718566895,0.4902069568634033,0.016860419884324074,16.207918167114258,0.863486659952053,0.585271475101986,0.12053807874927448,1.66354561482763,2.7622519047073526,1.2877252196506817
task04-init03,nominal,4,3,fault_influenced,49,59,-0.04799842834472656,0.7356523275375366,0.7836507558822632,0.4632951021194458,0.017289407551288605,16.541175842285156,1.2284219724154444,0.8956131716517277,0.23460835862973708,1.7549166847733755,2.7452836433381873,1.1988019140808726
task04-init03,nominal,4,3,fault_influenced,50,60,-0.03639960289001465,0.6494495868682861,0.6858491897583008,0.45488911867141724,0.018747316673398018,16.886735916137695,0.9065790980839159,2.1837051112734516,1.6992377614068512,1.7834566612595764,2.687617223201945,1.1065959535605117
task04-init03,arm_actuator_gain_0p5,4,3,pre,10,20,-0.014399528503417969,0.644192636013031,0.658592164516449,1.2416081428527832,0.11744198948144913,21.622495651245117,0.29612356500118475,2.2622575560225444,2.1074259140470057,0.8876100366707887,1.2161710040939806,0.1570490917162415
task04-init03,arm_actuator_gain_0p5,4,3,pre,11,21,0.01705068349838257,0.7466326951980591,0.7295820116996765,1.2026079893112183,0.11763353645801544,22.376955032348633,0.5765532994380019,0.7315380741804096,1.044315970066932,0.755196801275289,1.2237474903502146,0.3583618508341611
task04-init03,arm_actuator_gain_0p5,4,3,pre,12,22,0.006458699703216553,0.6460608243942261,0.6396021246910095,1.1058311462402344,0.1177268847823143,22.741716384887695,0.2826481516435461,2.2343419888743328,2.3918116533611786,0.4266202768589359,1.2274398080718045,0.455691297771143
task04-init03,arm_actuator_gain_0p5,4,3,pre,13,23,0.013918697834014893,0.766347348690033,0.7524286508560181,1.0773227214813232,0.11749592423439026,23.06329345703125,0.48964732154213314,0.43695015205294924,0.7021756466634783,0.32982853591531497,1.2183043497709374,0.5414978624235599
task04-init03,arm_actuator_gain_0p5,4,3,pre,14,24,-0.0003952980041503906,0.7881354093551636,0.788530707359314,1.1089571714401245,0.11673363298177719,23.263538360595703,0.09246421177707002,0.11138016315403475,0.16152854303297015,0.437233750731652,1.1881525337402061,0.5949293062435034
task04-init03,arm_actuator_gain_0p5,4,3,pre,15,25,-0.002612590789794922,0.8141991496086121,0.816811740398407,1.1461032629013062,0.11553744971752167,23.478675842285156,0.030939026649252094,0.2780795393590776,0.2619946598313448,0.5633520786359283,1.1408384689398596,0.6523345438392466
task04-init03,arm_actuator_gain_0p5,4,3,pre,16,26,0.015162110328674316,0.7581219673156738,0.7429598569869995,1.0495706796646118,0.11400765180587769,23.65406608581543,0.5241493883956656,0.5598586276579021,0.8439757676535897,0.23560486467090402,1.080328545681565,0.6991340067815712
task04-init03,arm_actuator_gain_0p5,4,3,pre,17,27,-0.015295207500457764,0.7266926765441895,0.7419878840446472,1.1243023872375488,0.1122392788529396,24.118005752563477,0.32097676276773635,1.0294935348136731,0.8585315688180474,0.4893337936049077,1.010381978975028,0.8229272509462733
task04-init03,arm_actuator_gain_0p5,4,3,pre,18,28,-0.044285714626312256,0.7261514663696289,0.7704371809959412,1.1723078489303589,0.11000438034534454,24.724660873413086,1.1254020192856957,1.0375806148540572,0.4324885262108451,0.6523218313987876,0.9219823700101242,0.9848013282923846
task04-init03,arm_actuator_gain_0p5,4,3,pre,19,29,-0.08612263202667236,0.7618017196655273,0.8479243516921997,1.21628737449646,0.10747077316045761,25.20069694519043,2.286287990186537,0.5048736085639423,0.7279222221804653,0.8016410197235233,0.8217675800975005,1.1118222620224198
task04-init03,arm_actuator_gain_0p5,4,3,pre,20,30,0.00426250696182251,0.8365392088890076,0.8322767019271851,1.2647582292556763,0.10476687550544739,25.413471221923828,0.2217084481161381,0.6118978155106349,0.49359051525104325,0.9662091590313064,0.7148170879065896,1.1685969245044059
task04-init03,arm_actuator_gain_0p5,4,3,pre,21,31,-0.024140000343322754,0.7797037363052368,0.8038437366485596,1.3349932432174683,0.10164815187454224,25.495088577270508,0.5664010570231672,0.23737117003869795,0.06779204795009361,1.2046709237219846,0.5914584886213407,1.1903749226422453
task04-init03,arm_actuator_gain_0p5,4,3,pre,22,32,-0.008119463920593262,0.8937348127365112,0.9018542766571045,1.3875716924667358,0.0981845036149025,25.556360244750977,0.12186505544642258,1.4665480937476332,1.5355509435145132,1.383185158794256,0.4544566736827271,1.2067240711122496
task04-init03,arm_actuator_gain_0p5,4,3,pre,23,33,0.023077726364135742,0.8021805286407471,0.7791028022766113,1.35805082321167,0.0945780947804451,25.44557762145996,0.7437909914963237,0.09849025166491243,0.3027163331468432,1.2829559685274845,0.3118080792833916,1.1771638905172181
task04-init03,arm_actuator_gain_0p5,4,3,pre,24,34,0.045067012310028076,0.9274412989616394,0.8823742866516113,1.3152964115142822,0.09124340862035751,25.057842254638672,1.3539471681675457,1.9702101917561439,1.2438279450127618,1.1377962841111462,0.17990725623902334,1.0737042763121127
task04-init03,arm_actuator_gain_0p5,4,3,pre,25,35,0.033480703830718994,0.9574474692344666,0.9239667654037476,1.3607176542282104,0.0882451981306076,24.433778762817383,1.0324516134294808,2.4185799972550632,1.866696982074487,1.2920103873203965,0.06131545710915129,0.9071851149762825
task04-init03,arm_actuator_gain_0p5,4,3,pre,26,36,0.0018448829650878906,0.8206518888473511,0.8188070058822632,1.1397533416748047,0.08524329960346222,23.301258087158203,0.15462449559007835,0.3745001558890278,0.29187479989268167,0.5417928400752003,0.057422219367052246,0.6049940790035209
task04-init03,arm_actuator_gain_0p5,4,3,pre,27,37,0.03439664840698242,0.8167318105697632,0.7823351621627808,1.0506207942962646,0.08202192187309265,21.84864044189453,1.0578671381568778,0.3159240457462982,0.2543100599421741,0.23917021155511853,0.18484121880938206,0.2173914148499126
task04-init03,arm_actuator_gain_0p5,4,3,pre,28,38,0.012716472148895264,0.767318606376648,0.7546021342277527,0.9135637283325195,0.0788206234574318,20.121868133544922,0.4562881015413781,0.4224370497117532,0.6696266008879249,0.22616563689820274,0.31146599714390716,0.24336406976455133
task04-init03,arm_actuator_gain_0p5,4,3,pre,29,39,0.051986098289489746,0.8467806577682495,0.7947945594787598,0.913668155670166,0.07565826177597046,18.064579010009766,1.545937169920032,0.7649315549136003,0.0677240943684177,0.225811085431456,0.43655066434322365,0.7923115149621666
task04-init03,arm_actuator_gain_0p5,4,3,pre,30,40,0.03142935037612915,0.7681100368499756,0.7366806864738464,0.8064257502555847,0.07268332690000534,16.124675750732422,0.975530893769293,0.4106110311240637,0.9380096172440798,0.5899202640634427,0.5542218153318038,1.309936833605245
task04-init03,arm_actuator_gain_0p5,4,3,pre,31,41,0.04840540885925293,0.8262233734130859,0.777817964553833,0.7154122591018677,0.07019596546888351,15.6444730758667,1.44658061154991,0.4577525479259075,0.3219574473861913,0.898929068745697,0.6526073917319437,1.4380695440390756
task04-init03,arm_actuator_gain_0p5,4,3,pre,32,42,0.03834444284439087,0.8149378299713135,0.7765933871269226,0.7332643270492554,0.06789194047451019,16.153480529785156,1.1674100840324362,0.2891173348371041,0.3402961323021037,0.8383177669749335,0.7437412431600059,1.3022508405721855
task04-init03,arm_actuator_gain_0p5,4,3,pre,33,43,-0.0017540454864501953,0.8064269423484802,0.8081809878349304,0.6820386648178101,0.06597082316875458,17.090822219848633,0.05476184295519536,0.16194265731657412,0.1327446439722983,1.0122390225441893,0.8197294896183441,1.0521395070939927
task04-init03,arm_actuator_gain_0p5,4,3,pre,34,44,-0.03283035755157471,0.8316614627838135,0.8644918203353882,0.7095164060592651,0.0643719956278801,18.019794464111328,0.8075400890563892,0.5390116706753005,0.9760286959934289,0.9189466560086644,0.8829698242175702,0.8042613968596792
task04-init03,arm_actuator_gain_0p5,4,3,pre,35,45,-0.02926921844482422,0.801882266998291,0.8311514854431152,0.6339493989944458,0.06285253167152405,18.550495147705078,0.7087260108132007,0.09403345116688575,0.4767398122166021,1.1755115919375245,0.9430709962044269,0.6626542784966494
task04-init03,arm_actuator_gain_0p5,4,3,pre,36,46,-0.024037718772888184,0.7751184701919556,0.7991561889648438,0.5466499328613281,0.057123757898807526,18.220813751220703,0.5635629597737227,0.3058869071914151,0.0024064206080476277,1.471910547051026,1.1696680249444429,0.7506233239064143
task04-init03,arm_actuator_gain_0p5,4,3,pre,37,47,-0.024787724018096924,0.7818357348442078,0.8066234588623047,0.5119824409484863,0.051989249885082245,17.48814582824707,0.5843740190334897,0.20551359669458993,0.1094198362070169,1.5896135392285924,1.3727593506122475,0.9461214577824649
task04-init03,arm_actuator_gain_0p5,4,3,pre,38,48,-0.04109203815460205,0.8739794492721558,0.9150714874267578,0.52753746509552,0.047279197722673416,16.53032112121582,1.0367842519648995,1.171351859321981,1.7334855603426336,1.536801155508905,1.5590616672258486,1.2016982845186384
task04-init03,arm_actuator_gain_0p5,4,3,pre,39,49,-0.08649730682373047,0.8151218295097351,0.9016191363334656,0.5441639423370361,0.0426289364695549,15.304109573364258,2.2966844233508774,0.29186676392131844,1.5320295946708395,1.4803509766030079,1.7429990026186213,1.5288889009295483
task04-init03,arm_actuator_gain_0p5,4,3,pre,40,50,-0.057518064975738525,0.7411044836044312,0.7986225485801697,0.4906572997570038,0.03785651549696922,13.941916465759277,1.4925717544670354,0.8141438560730913,0.01039796337038218,1.6620166116272848,1.931768267244628,1.8923635422578486
task04-init03,arm_actuator_gain_0p5,4,3,fault_influenced,41,51,-0.05534714460372925,0.7435371279716492,0.7988842725753784,0.39584147930145264,0.03312571346759796,12.509194374084473,1.4323333057378582,0.7777938563276949,0.006478510196093001,1.9839350763794252,2.118891328119912,2.2746574662890993
task04-init03,arm_actuator_gain_0p5,4,3,fault_influenced,42,52,-0.043670833110809326,0.6707913279533386,0.714462161064148,0.3880915641784668,0.02858690544962883,11.606790542602539,1.1083403577325084,1.8648042914651095,1.2707436100734821,2.010247571133616,2.298420220636377,2.515446314177101
task04-init03,arm_actuator_gain_0p5,4,3,fault_influenced,43,53,-0.0005806684494018555,0.6616796255111694,0.6622602939605713,0.2799034118652344,0.023956535384058952,10.639678955078125,0.08732057398815836,2.0009566966075636,2.052493764696304,2.377567747552629,2.4815707761395163,2.773501163696877
task04-init03,arm_actuator_gain_0p5,4,3,fault_influenced,44,54,0.02029430866241455,0.6203227043151855,0.600028395652771,0.24722042679786682,0.019058898091316223,11.056462287902832,0.6665570373269999,2.6189360836494915,2.9844488617825027,2.4885329464598764,2.675292871375186,2.662290666767829
task04-init03,arm_actuator_gain_0p5,4,3,fault_influenced,45,55,-0.010121703147888184,0.6287741661071777,0.6388958692550659,0.26495516300201416,0.013702944852411747,12.108696937561035,0.17742295917797257,2.492649381767757,2.402388196440694,2.4283200091653065,2.88714328442278,2.3815223896839943
task04-init03,arm_actuator_gain_0p5,4,3,fault_influenced,46,56,-0.015567243099212646,0.5982668399810791,0.6138340830802917,0.2569197416305542,0.012205015867948532,12.078007698059082,0.32852517526567615,2.9485077521322656,2.7777015004338272,2.4556018541054088,2.9463926579552875,2.3897112142040533
task04-init03,arm_actuator_gain_0p5,4,3,fault_influenced,47,57,-0.0087050199508667,0.5733671188354492,0.5820721387863159,0.27154940366744995,0.011304652318358421,11.306921005249023,0.13811299680920977,3.3205739980254814,3.2533531627330063,2.405931257783691,2.9820058123958737,2.595460646892738
task04-init03,arm_actuator_gain_0p5,4,3,fault_influenced,48,58,-0.027905523777008057,0.5774823427200317,0.6053878664970398,0.2996273934841156,0.01109919510781765,10.403036117553711,0.6708863680567666,3.2590819077007893,2.9041879938543405,2.310600928607828,2.9901325067442306,2.836644685721686
task04-init03,arm_actuator_gain_0p5,4,3,fault_influenced,49,59,-0.050724685192108154,0.582751989364624,0.6334766745567322,0.3476313352584839,0.011833577416837215,9.858516693115234,1.3040698337746182,3.1803397550168286,2.483543460196831,2.1476180512376932,2.961084606480549,2.981939065343126
task04-init03,arm_actuator_gain_0p5,4,3,fault_influenced,50,60,-0.04919642210006714,0.5457494258880615,0.5949458479881287,0.2877829074859619,0.013711486011743546,9.82654857635498,1.2616637653155522,3.7332537736369256,3.0605626608316516,2.3508153013779434,2.8868054457502534,2.990469133296417
task04-init13,nominal,4,13,pre,10,20,0.004622519016265869,0.6474361419677734,0.6428136229515076,1.164478063583374,0.11962442845106125,22.675283432006836,0.018830723385059735,1.3756762060885261,1.6358598151189188,0.024833390553151452,1.4092225216619434,0.39383006239103047
task04-init13,nominal,4,13,pre,11,21,-0.01846134662628174,0.6365315914154053,0.654992938041687,1.1305968761444092,0.119670569896698,22.838001251220703,0.7119688295179027,1.4923583251042067,1.4801295918306911,0.15210729479699958,1.411584942738203,0.3626956972880012
task04-init13,nominal,4,13,pre,12,22,0.03181648254394531,0.7858912348747253,0.75407475233078,1.1162240505218506,0.11942236125469208,22.83013153076172,0.7977210911896626,0.10583681467394862,0.21322476600145598,0.227167757794498,1.3988767729118647,0.3642014865814698
task04-init13,nominal,4,13,pre,13,23,-0.0006651878356933594,0.7557031512260437,0.7563683390617371,1.106516718864441,0.11877194046974182,23.030597686767578,0.177604438754345,0.21718517071047627,0.18389793020665332,0.27786320403520276,1.3655755239024485,0.32584436919849946
task04-init13,nominal,4,13,pre,14,24,-0.03170138597488403,0.7443827390670776,0.7760841250419617,1.1705338954925537,0.11772892624139786,23.32303237915039,1.1095268443375428,0.3383171396527611,0.06819701357873241,0.05645929062840292,1.3121736687616987,0.269890027348135
task04-init13,nominal,4,13,pre,15,25,-0.014703035354614258,0.6987313032150269,0.7134343385696411,1.1608972549438477,0.1163913905620575,23.6889591217041,0.5991182005357365,0.8268018548865205,0.7328714507851795,0.006133020740938782,1.2436924489924095,0.19987374481269096
task04-init13,nominal,4,13,pre,16,26,-0.042939603328704834,0.6537744998931885,0.6967141032218933,1.1556521654129028,0.114798404276371,24.04461097717285,1.4469762478975312,1.3078537836727169,0.9466639313029094,0.021258868578175185,1.1621322741091793,0.13182345523020753
task04-init13,nominal,4,13,pre,17,27,-0.06392592191696167,0.7186083793640137,0.7825343012809753,1.2548015117645264,0.11298512667417526,24.636791229248047,2.0771314110844643,0.6141108912597676,0.15067188006444873,0.49653742551805574,1.0692932837953386,0.018515912983219432
task04-init13,nominal,4,13,pre,18,28,-0.03904479742050171,0.7339159846305847,0.7729607820510864,1.2978509664535522,0.11107814311981201,25.372690200805664,1.330027101131098,0.45031470259693407,0.028260539501719573,0.7213583539565437,0.9716565912570322,0.1222907139130314
task04-init13,nominal,4,13,pre,19,29,-0.031582534313201904,0.8327493667602539,0.8643319010734558,1.2972749471664429,0.1087571457028389,25.660341262817383,1.1059580912974432,0.6072335568195761,1.1965729332686144,0.7183501581068662,0.8528225768447396,0.17732975776339122
task04-init13,nominal,4,13,pre,20,30,-0.028306782245635986,0.7873033285140991,0.8156101107597351,1.3734962940216064,0.10600879788398743,25.79244041442871,1.007597243966554,0.12094666054053634,0.5735941180907452,1.116407557221337,0.7121084158004268,0.20260555875395048
task04-init13,nominal,4,13,pre,21,31,0.02309441566467285,0.8840105533599854,0.8609161376953125,1.4144213199615479,0.10301145166158676,26.01392364501953,0.5358240150292549,1.1557443686123565,1.1528974400541459,1.330133895792875,0.5586456494971771,0.24498407512497952
task04-init13,nominal,4,13,pre,22,32,-0.001964092254638672,0.8664092421531677,0.8683733344078064,1.512556791305542,0.09987928718328476,25.960752487182617,0.21660657829790078,0.9674048053077592,1.2482485251145292,1.8426353418548536,0.39828024967625925,0.23481032618314146
task04-init13,nominal,4,13,pre,23,33,-0.010019540786743164,0.8095183372497559,0.819537878036499,1.4323495626449585,0.09625723212957382,25.520065307617188,0.45848713790842194,0.35865423782948314,0.6238163243893448,1.4237621239428218,0.2128326747211215,0.15048941031110152
task04-init13,nominal,4,13,pre,24,34,-0.015715420246124268,0.8382941484451294,0.8540095686912537,1.3431932926177979,0.09227778762578964,24.791540145874023,0.6295170322238466,0.6665644639820086,1.0645869295538555,0.9581535454274605,0.009086922116052736,0.011093685355846716
task04-init13,nominal,4,13,pre,25,35,0.0019584298133850098,0.7964136600494385,0.7944552302360535,1.2919987440109253,0.08838780224323273,23.78044891357422,0.0988251997543131,0.21843007201850118,0.303098261534317,0.6907957813877593,0.19007856408135423,0.18236812313556838
task04-init13,nominal,4,13,pre,26,36,0.03352010250091553,0.769677996635437,0.7361578941345215,1.1075313091278076,0.08499984443187714,22.827234268188477,0.8488756044254332,0.06764993150426768,0.44231780669113124,0.27256462065842196,0.36354046646809574,0.364755847690723
task04-init13,nominal,4,13,pre,27,37,0.0372769832611084,0.821426510810852,0.7841495275497437,1.0137906074523926,0.08209332823753357,21.736713409423828,0.9616832795094236,0.48607543855136454,0.17132489262170852,0.7621148771106718,0.512352776556154,0.5734156904373988
task04-init13,nominal,4,13,pre,28,38,0.015569329261779785,0.7270499467849731,0.7114806175231934,0.9769538640975952,0.07945834845304489,20.2769775390625,0.30986861316738273,0.5237834660476047,0.7578526104442762,0.9544906203459746,0.6472625456908321,0.852720991856683
task04-init13,nominal,4,13,pre,29,39,-0.0033125877380371094,0.6861068606376648,0.6894194483757019,0.9077660441398621,0.0771818533539772,18.62702751159668,0.2570977863115483,0.9618873592586819,1.0399366826519512,1.3158162174271786,0.7638180616228245,1.1684217971222448
task04-init13,nominal,4,13,pre,30,40,-0.016363978385925293,0.7060413360595703,0.7224053144454956,0.9454359412193298,0.07515280693769455,16.924320220947266,0.6489912558092646,0.7485822053668696,0.6181645016738447,1.1190894227031765,0.8677043172956962,1.4942171568854659
task04-init13,nominal,4,13,pre,31,41,-0.019282937049865723,0.6696434020996094,0.6889263391494751,0.84125155210495,0.07317027449607849,16.510766983032227,0.736638685036826,1.13805154129642,1.0462417999214522,1.663180660529297,0.9692090785750446,1.5733462747718334
task04-init13,nominal,4,13,pre,32,42,0.009467542171478271,0.7337788343429565,0.7243112921714783,0.8348773717880249,0.07138554006814957,17.85826873779297,0.12665055024459682,0.451782253791017,0.5937938096725349,1.6964690993083076,1.0605866713201542,1.3155158059738705
task04-init13,nominal,4,13,pre,33,43,0.011148810386657715,0.723461389541626,0.7123125791549683,0.8519970774650574,0.07041347771883011,20.16807746887207,0.1771339088213717,0.5621821566999107,0.7472147732814941,1.6070633646083685,1.110355822454894,0.8735578895083043
task04-init13,nominal,4,13,pre,34,44,0.031108736991882324,0.7012299299240112,0.6701211929321289,0.8290387988090515,0.070366270840168,22.9471435546875,0.776469650067224,0.8000657635975349,1.2866928924263548,1.726960389090505,1.1127727932185272,0.3418124508142107
task04-init13,nominal,4,13,pre,35,45,0.02403104305267334,0.7575939893722534,0.7335629463195801,1.0765293836593628,0.07080866396427155,26.357555389404297,0.563948079859809,0.19695260811599896,0.4754979814094922,0.4344686846598023,1.090122466035406,0.31073444126407007
task04-init13,nominal,4,13,pre,36,46,0.04204404354095459,0.789516806602478,0.7474727630615234,1.1543693542480469,0.07108753174543381,29.887531280517578,1.1048235656885033,0.1446315719457789,0.2976407824551911,0.027958205403170875,1.07584456219828,0.986158674023488
task04-init13,nominal,4,13,pre,37,47,0.06026238203048706,0.8573099970817566,0.7970476150512695,1.1809024810791016,0.07101823389530182,32.74471664428711,1.6518647256511712,0.8700400224791204,0.3362456645806619,0.11060806103677344,1.0793925806756401,1.5328514253915013
task04-init13,nominal,4,13,pre,38,48,0.05207747220993042,0.9196346998214722,0.8675572276115417,1.3272289037704468,0.07078435271978378,34.82917022705078,1.406096838255747,1.5369339350496931,1.237813415039102,0.874781322746799,1.0913671907200235,1.9316899742340412
task04-init13,nominal,4,13,pre,39,49,0.04430872201919556,0.9777443408966064,0.9334356188774109,1.2769627571105957,0.07079999148845673,36.726444244384766,1.1728249557379435,2.158725362704159,2.0801642784284056,0.6122720333091857,1.090566492861301,2.2947136568371644
task04-init13,nominal,4,13,pre,40,50,0.07842117547988892,1.0261175632476807,0.9476963877677917,1.4039314985275269,0.07133820652961731,38.35883712768555,2.1971179296022743,2.6763340491359204,2.2625089100531794,1.2753519848259114,1.0630101270116572,2.6070550848738416
task04-init13,nominal,4,13,fault_influenced,41,51,0.09559059143066406,1.1040065288543701,1.008415937423706,1.5338971614837646,0.07275574654340744,39.57655715942383,2.712663143727594,3.5097704673800703,3.0388964947294905,1.954083021537358,0.9904327216268544,2.8400531685783768
task04-init13,nominal,4,13,fault_influenced,42,52,0.05305969715118408,1.2630046606063843,1.2099449634552002,1.6960028409957886,0.07498674839735031,40.776344299316406,1.4355900585906523,5.21110046197855,5.615737638140719,2.8006616747702324,0.876206439199083,3.069619979636961
task04-init13,nominal,4,13,fault_influenced,43,53,0.08307361602783203,1.2121124267578125,1.1290388107299805,1.5988043546676636,0.07745629549026489,42.24881362915039,2.3368165346900245,4.666537560612268,4.58123502974287,2.2930535274206845,0.749766748794789,3.3513616963066566
task04-init13,nominal,4,13,fault_influenced,44,54,0.06284856796264648,1.1683812141418457,1.1055326461791992,1.4508039951324463,0.0727732852101326,39.04224395751953,1.729520004315605,4.1985998376725435,4.280674593705325,1.520138319079622,0.9895347498500878,2.7378178855108706
task04-init13,nominal,4,13,fault_influenced,45,55,0.006726264953613281,1.0730812549591064,1.0663549900054932,1.3178123235702515,0.06733206659555435,35.467350006103516,0.04433835311961177,3.178860314603895,3.779731388059862,0.8256042932439592,1.2681226735318298,2.0537990483255717
task04-init13,nominal,4,13,fault_influenced,46,56,0.05218088626861572,1.0540947914123535,1.0019139051437378,1.3427608013153076,0.062121033668518066,31.189538955688477,1.4092020471447002,2.975699185806341,2.9557585734843803,0.95589490831185,1.5349251944764424,1.2352843230861592
task04-init13,nominal,4,13,fault_influenced,47,57,-0.011064887046813965,1.0089478492736816,1.0200127363204956,1.1752132177352905,0.056774307042360306,26.315486907958984,0.48987569900033096,2.492612711905358,3.187178402887193,0.08089652400741563,1.8086751712342923,0.30268507416355067
task04-init13,nominal,4,13,fault_influenced,48,58,-0.02291882038116455,0.813014030456543,0.8359328508377075,0.7491611242294312,0.05114106833934784,22.226795196533203,0.8458131762334532,0.3960592540965734,0.8334498510886693,2.144112547932497,2.097094436299516,0.4796436293077351
task04-init13,nominal,4,13,fault_influenced,49,59,-0.07115840911865234,0.7976421117782593,0.8688005208969116,0.7626470327377319,0.04519154131412506,18.269596099853516,2.2943009510236436,0.2315748917099609,1.2537107244945018,2.073683909670429,2.4017075199209863,1.2368125863195627
task04-init13,nominal,4,13,fault_influenced,50,60,-0.046145617961883545,0.683380126953125,0.7295257449150085,0.5463239550590515,0.039275892078876495,15.6765775680542,1.543243092692354,0.9910642668969744,0.5271194618899852,3.2034068183043867,2.704586076070512,1.7329597574038258
task04-init13,arm_actuator_gain_0p5,4,13,pre,10,20,0.004622519016265869,0.6474361419677734,0.6428136229515076,1.164478063583374,0.11962442845106125,22.675283432006836,0.018830723385059735,1.3756762060885261,1.6358598151189188,0.024833390553151452,1.4092225216619434,0.39383006239103047
task04-init13,arm_actuator_gain_0p5,4,13,pre,11,21,-0.01846134662628174,0.6365315914154053,0.654992938041687,1.1305968761444092,0.119670569896698,22.838001251220703,0.7119688295179027,1.4923583251042067,1.4801295918306911,0.15210729479699958,1.411584942738203,0.3626956972880012
task04-init13,arm_actuator_gain_0p5,4,13,pre,12,22,0.03181648254394531,0.7858912348747253,0.75407475233078,1.1162240505218506,0.11942236125469208,22.83013153076172,0.7977210911896626,0.10583681467394862,0.21322476600145598,0.227167757794498,1.3988767729118647,0.3642014865814698
task04-init13,arm_actuator_gain_0p5,4,13,pre,13,23,-0.0006651878356933594,0.7557031512260437,0.7563683390617371,1.106516718864441,0.11877194046974182,23.030597686767578,0.177604438754345,0.21718517071047627,0.18389793020665332,0.27786320403520276,1.3655755239024485,0.32584436919849946
task04-init13,arm_actuator_gain_0p5,4,13,pre,14,24,-0.03170138597488403,0.7443827390670776,0.7760841250419617,1.1705338954925537,0.11772892624139786,23.32303237915039,1.1095268443375428,0.3383171396527611,0.06819701357873241,0.05645929062840292,1.3121736687616987,0.269890027348135
task04-init13,arm_actuator_gain_0p5,4,13,pre,15,25,-0.014703035354614258,0.6987313032150269,0.7134343385696411,1.1608972549438477,0.1163913905620575,23.6889591217041,0.5991182005357365,0.8268018548865205,0.7328714507851795,0.006133020740938782,1.2436924489924095,0.19987374481269096
task04-init13,arm_actuator_gain_0p5,4,13,pre,16,26,-0.042939603328704834,0.6537744998931885,0.6967141032218933,1.1556521654129028,0.114798404276371,24.04461097717285,1.4469762478975312,1.3078537836727169,0.9466639313029094,0.021258868578175185,1.1621322741091793,0.13182345523020753
task04-init13,arm_actuator_gain_0p5,4,13,pre,17,27,-0.06392592191696167,0.7186083793640137,0.7825343012809753,1.2548015117645264,0.11298512667417526,24.636791229248047,2.0771314110844643,0.6141108912597676,0.15067188006444873,0.49653742551805574,1.0692932837953386,0.018515912983219432
task04-init13,arm_actuator_gain_0p5,4,13,pre,18,28,-0.03904479742050171,0.7339159846305847,0.7729607820510864,1.2978509664535522,0.11107814311981201,25.372690200805664,1.330027101131098,0.45031470259693407,0.028260539501719573,0.7213583539565437,0.9716565912570322,0.1222907139130314
task04-init13,arm_actuator_gain_0p5,4,13,pre,19,29,-0.031582534313201904,0.8327493667602539,0.8643319010734558,1.2972749471664429,0.1087571457028389,25.660341262817383,1.1059580912974432,0.6072335568195761,1.1965729332686144,0.7183501581068662,0.8528225768447396,0.17732975776339122
task04-init13,arm_actuator_gain_0p5,4,13,pre,20,30,-0.028306782245635986,0.7873033285140991,0.8156101107597351,1.3734962940216064,0.10600879788398743,25.79244041442871,1.007597243966554,0.12094666054053634,0.5735941180907452,1.116407557221337,0.7121084158004268,0.20260555875395048
task04-init13,arm_actuator_gain_0p5,4,13,pre,21,31,0.02309441566467285,0.8840105533599854,0.8609161376953125,1.4144213199615479,0.10301145166158676,26.01392364501953,0.5358240150292549,1.1557443686123565,1.1528974400541459,1.330133895792875,0.5586456494971771,0.24498407512497952
task04-init13,arm_actuator_gain_0p5,4,13,pre,22,32,-0.001964092254638672,0.8664092421531677,0.8683733344078064,1.512556791305542,0.09987928718328476,25.960752487182617,0.21660657829790078,0.9674048053077592,1.2482485251145292,1.8426353418548536,0.39828024967625925,0.23481032618314146
task04-init13,arm_actuator_gain_0p5,4,13,pre,23,33,-0.010019540786743164,0.8095183372497559,0.819537878036499,1.4323495626449585,0.09625723212957382,25.520065307617188,0.45848713790842194,0.35865423782948314,0.6238163243893448,1.4237621239428218,0.2128326747211215,0.15048941031110152
task04-init13,arm_actuator_gain_0p5,4,13,pre,24,34,-0.015715420246124268,0.8382941484451294,0.8540095686912537,1.3431932926177979,0.09227778762578964,24.791540145874023,0.6295170322238466,0.6665644639820086,1.0645869295538555,0.9581535454274605,0.009086922116052736,0.011093685355846716
task04-init13,arm_actuator_gain_0p5,4,13,pre,25,35,0.0019584298133850098,0.7964136600494385,0.7944552302360535,1.2919987440109253,0.08838780224323273,23.78044891357422,0.0988251997543131,0.21843007201850118,0.303098261534317,0.6907957813877593,0.19007856408135423,0.18236812313556838
task04-init13,arm_actuator_gain_0p5,4,13,pre,26,36,0.03352010250091553,0.769677996635437,0.7361578941345215,1.1075313091278076,0.08499984443187714,22.827234268188477,0.8488756044254332,0.06764993150426768,0.44231780669113124,0.27256462065842196,0.36354046646809574,0.364755847690723
task04-init13,arm_actuator_gain_0p5,4,13,pre,27,37,0.0372769832611084,0.821426510810852,0.7841495275497437,1.0137906074523926,0.08209332823753357,21.736713409423828,0.9616832795094236,0.48607543855136454,0.17132489262170852,0.7621148771106718,0.512352776556154,0.5734156904373988
task04-init13,arm_actuator_gain_0p5,4,13,pre,28,38,0.015569329261779785,0.7270499467849731,0.7114806175231934,0.9769538640975952,0.07945834845304489,20.2769775390625,0.30986861316738273,0.5237834660476047,0.7578526104442762,0.9544906203459746,0.6472625456908321,0.852720991856683
task04-init13,arm_actuator_gain_0p5,4,13,pre,29,39,-0.0033125877380371094,0.6861068606376648,0.6894194483757019,0.9077660441398621,0.0771818533539772,18.62702751159668,0.2570977863115483,0.9618873592586819,1.0399366826519512,1.3158162174271786,0.7638180616228245,1.1684217971222448
task04-init13,arm_actuator_gain_0p5,4,13,pre,30,40,-0.016363978385925293,0.7060413360595703,0.7224053144454956,0.9454359412193298,0.07515280693769455,16.924320220947266,0.6489912558092646,0.7485822053668696,0.6181645016738447,1.1190894227031765,0.8677043172956962,1.4942171568854659
task04-init13,arm_actuator_gain_0p5,4,13,pre,31,41,-0.019282937049865723,0.6696434020996094,0.6889263391494751,0.84125155210495,0.07317027449607849,16.510766983032227,0.736638685036826,1.13805154129642,1.0462417999214522,1.663180660529297,0.9692090785750446,1.5733462747718334
task04-init13,arm_actuator_gain_0p5,4,13,pre,32,42,0.009467542171478271,0.7337788343429565,0.7243112921714783,0.8348773717880249,0.07138554006814957,17.85826873779297,0.12665055024459682,0.451782253791017,0.5937938096725349,1.6964690993083076,1.0605866713201542,1.3155158059738705
task04-init13,arm_actuator_gain_0p5,4,13,pre,33,43,0.011148810386657715,0.723461389541626,0.7123125791549683,0.8519970774650574,0.07041347771883011,20.16807746887207,0.1771339088213717,0.5621821566999107,0.7472147732814941,1.6070633646083685,1.110355822454894,0.8735578895083043
task04-init13,arm_actuator_gain_0p5,4,13,pre,34,44,0.031108736991882324,0.7012299299240112,0.6701211929321289,0.8290387988090515,0.070366270840168,22.9471435546875,0.776469650067224,0.8000657635975349,1.2866928924263548,1.726960389090505,1.1127727932185272,0.3418124508142107
task04-init13,arm_actuator_gain_0p5,4,13,pre,35,45,0.02403104305267334,0.7575939893722534,0.7335629463195801,1.0765293836593628,0.07080866396427155,26.357555389404297,0.563948079859809,0.19695260811599896,0.4754979814094922,0.4344686846598023,1.090122466035406,0.31073444126407007
task04-init13,arm_actuator_gain_0p5,4,13,pre,36,46,0.04204404354095459,0.789516806602478,0.7474727630615234,1.1543693542480469,0.07108753174543381,29.887531280517578,1.1048235656885033,0.1446315719457789,0.2976407824551911,0.027958205403170875,1.07584456219828,0.986158674023488
task04-init13,arm_actuator_gain_0p5,4,13,pre,37,47,0.06026238203048706,0.8573099970817566,0.7970476150512695,1.1809024810791016,0.07101823389530182,32.74471664428711,1.6518647256511712,0.8700400224791204,0.3362456645806619,0.11060806103677344,1.0793925806756401,1.5328514253915013
task04-init13,arm_actuator_gain_0p5,4,13,pre,38,48,0.05207747220993042,0.9196346998214722,0.8675572276115417,1.3272289037704468,0.07078435271978378,34.82917022705078,1.406096838255747,1.5369339350496931,1.237813415039102,0.874781322746799,1.0913671907200235,1.9316899742340412
task04-init13,arm_actuator_gain_0p5,4,13,pre,39,49,0.04430872201919556,0.9777443408966064,0.9334356188774109,1.2769627571105957,0.07079999148845673,36.726444244384766,1.1728249557379435,2.158725362704159,2.0801642784284056,0.6122720333091857,1.090566492861301,2.2947136568371644
task04-init13,arm_actuator_gain_0p5,4,13,pre,40,50,0.07842117547988892,1.0261175632476807,0.9476963877677917,1.4039314985275269,0.07133820652961731,38.35883712768555,2.1971179296022743,2.6763340491359204,2.2625089100531794,1.2753519848259114,1.0630101270116572,2.6070550848738416
task04-init13,arm_actuator_gain_0p5,4,13,fault_influenced,41,51,0.09085702896118164,1.3031151294708252,1.2122581005096436,1.7105555534362793,0.07485245168209076,40.39263153076172,2.5705286946641293,5.64029508850986,5.645314453201133,2.876661576413667,0.8830823700725822,2.996200525709953
task04-init13,arm_actuator_gain_0p5,4,13,fault_influenced,42,52,0.08386826515197754,1.4185032844543457,1.3346350193023682,1.8047423362731934,0.08166766166687012,43.533966064453125,2.3606774251266383,6.874984621849956,7.210081005983988,3.3685414414895702,0.534146711794143,3.597262270239327
task04-init13,arm_actuator_gain_0p5,4,13,fault_influenced,43,53,0.08905148506164551,1.3478164672851562,1.2587649822235107,1.693048357963562,0.07673986256122589,41.72035217285156,2.516313716183338,6.1186134560540575,6.2399724467019,2.7852322198988735,0.7864477896233011,3.2502460839983267
task04-init13,arm_actuator_gain_0p5,4,13,fault_influenced,44,54,0.057880520820617676,1.164698600769043,1.1068180799484253,1.4809987545013428,0.07204088568687439,38.43910217285156,1.5803446954428362,4.159194716866278,4.297110730419221,1.6778270490375078,1.0270332730565144,2.6224129678228834
task04-init13,arm_actuator_gain_0p5,4,13,fault_influenced,45,55,0.0007107257843017578,1.3020474910736084,1.3013367652893066,1.4824657440185547,0.06602925062179565,34.742794036865234,0.1362899476923295,5.628871022022066,6.784314491679464,1.685488236563611,1.3348262601321588,1.9151627871414532
task04-init13,arm_actuator_gain_0p5,4,13,fault_influenced,46,56,0.04247760772705078,1.1514649391174316,1.1089873313903809,1.3808035850524902,0.05996498093008995,30.55624771118164,1.1178421763272617,4.017590376877114,4.3248477590552925,1.154569061607415,1.645314116203966,1.114110619319195
task04-init13,arm_actuator_gain_0p5,4,13,fault_influenced,47,57,-0.015152335166931152,1.0564671754837036,1.0716195106506348,1.186916470527649,0.053801245987415314,25.664173126220703,0.6126093040544279,3.001084441185258,3.847045926644585,0.1420154435741034,1.9608945479851332,0.17806294503691966
task04-init13,arm_actuator_gain_0p5,4,13,fault_influenced,48,58,-0.034217655658721924,0.890582263469696,0.924799919128418,0.8062041997909546,0.0476958341896534,21.403005599975586,1.1850827512286382,1.2260637327599497,1.969744321295911,1.8462115105937422,2.2734888612155237,0.637267214672971
task04-init13,arm_actuator_gain_0p5,4,13,fault_influenced,49,59,-0.056217074394226074,0.7550088167190552,0.8112258911132812,0.6295070052146912,0.041602328419685364,17.222824096679688,1.845658223052769,0.224614768215853,0.5175355056456644,2.7689927078022265,2.585473591226172,1.4371015398213793
task04-init13,arm_actuator_gain_0p5,4,13,fault_influenced,50,60,-0.03816014528274536,0.7177366614341736,0.755896806716919,0.5047702789306641,0.03567168861627579,14.16162109375,1.3034636946009286,0.6234385471543624,0.18992715572569396,3.420416211679996,2.889119657662382,2.0228309479966087
task07-init10,nominal,7,10,pre,10,20,-0.004789590835571289,0.6863839626312256,0.6911735534667969,0.46901822090148926,0.0703493282198906,12.61384105682373,1.1957468433726313,1.126020791320794,1.46228250236551,1.432722252931344,0.14956387132810392,0.7388853508626849
task07-init10,nominal,7,10,pre,11,21,-0.05498766899108887,0.5828796625137329,0.6378673315048218,0.5827242136001587,0.073377326130867,12.373625755310059,0.26981644051436654,2.156530911543854,1.9003858970321483,0.9908242414542381,0.05923221710777286,0.6325914812480495
task07-init10,nominal,7,10,pre,12,22,-0.07338118553161621,0.6088070273399353,0.6821882128715515,0.7807388305664062,0.07716941833496094,11.766294479370117,0.069461810887747,1.898392729711914,1.5361295707212637,0.22127583504197434,0.053894004185216324,0.3638509345348916
task07-init10,nominal,7,10,pre,13,23,0.010712683200836182,0.6492447257041931,0.6385320425033569,0.7942354679107666,0.08122134208679199,11.136001586914062,1.4816945802417616,1.495786679957538,1.8949228922606185,0.16882356702558265,0.17477155629671146,0.08495000646082315
task07-init10,nominal,7,10,pre,14,24,-0.06659483909606934,0.7155392169952393,0.7821340560913086,1.0988057851791382,0.0858597531914711,10.462703704833984,0.05571597917693076,0.835745076730305,0.7147130158464972,1.014834517843497,0.3131452805720058,0.21298037865062108
task07-init10,nominal,7,10,pre,15,25,-0.09552597999572754,0.7025966644287109,0.7981226444244385,1.0707234144210815,0.09085147082805634,10.157583236694336,0.47793439017342015,0.9646037945438297,0.583308940170899,0.9056974046533909,0.4620588943757039,0.3479944058704749
task07-init10,nominal,7,10,pre,16,26,-0.12149602174758911,0.7380591630935669,0.859555184841156,1.1712305545806885,0.09610122442245483,10.309282302856445,0.9569657018313954,0.6115318572325544,0.07841845067498564,1.2963004355198615,0.6186702727099209,0.28086845403605587
task07-init10,nominal,7,10,pre,17,27,-0.07179898023605347,0.8262834548950195,0.898082435131073,1.260300636291504,0.10181482881307602,10.810582160949707,0.04027718787914956,0.26684735452682307,0.2382222437494681,1.6424553835217643,0.7891193124184491,0.05904619118171539
task07-init10,nominal,7,10,pre,18,28,-0.12617707252502441,0.8529987335205078,0.9791758060455322,1.4813388586044312,0.10746455192565918,11.228132247924805,1.0433101873458124,0.5328301683509196,0.9046975589186445,2.501480915793996,0.9576626369684674,0.12571728651033587
task07-init10,nominal,7,10,pre,19,29,-0.0844120979309082,0.8417526483535767,0.9261647462844849,1.112471103668213,0.11226042360067368,11.943268775939941,0.27293289059974973,0.4208618292166273,0.46901998918283605,1.0679423349708355,1.1007337468467413,0.4421610283806996
task07-init10,nominal,7,10,pre,20,30,-0.043352603912353516,0.8277119398117065,0.8710645437240601,1.0532073974609375,0.1163577064871788,12.630187034606934,0.48443143956391477,0.28106964443710647,0.016172555992748344,0.8376245363728303,1.2229644589634856,0.7461183506768646
task07-init10,nominal,7,10,pre,21,31,0.005647003650665283,0.880748450756073,0.8751014471054077,0.9190095663070679,0.12000918388366699,13.452116012573242,1.3882554112737948,0.8091120659350498,0.04935031667838125,0.3160886584126415,1.331895839786851,1.1098171286727736
task07-init10,nominal,7,10,pre,22,32,-0.010994315147399902,0.8722105026245117,0.8832048177719116,0.9147843718528748,0.1226508766412735,14.237977027893066,1.0812973844934082,0.7241064966444413,0.11594881243690307,0.2996681955759991,1.4107031850202945,1.4575560436014554
task07-init10,nominal,7,10,pre,23,33,-0.010387778282165527,0.8419809341430664,0.8523687124252319,0.9619263410568237,0.12036703526973724,14.638358116149902,1.0924852814131853,0.42313468953359235,0.13748131135455796,0.482877030518819,1.3425713120358858,1.6347223395166877
task07-init10,nominal,7,10,pre,24,34,-0.14727771282196045,0.8691877126693726,1.016465425491333,0.9629696607589722,0.11468358337879181,14.367437362670898,1.4325227844930561,0.6940109775544758,1.211166640083051,0.4869317060092839,1.1730217858853806,1.5148414865288233
task07-init10,nominal,7,10,pre,25,35,-0.11250686645507812,0.7884560823440552,0.9009629487991333,0.9089601039886475,0.10846836864948273,13.897820472717285,0.7911559241031751,0.1097697540470912,0.26189608087229144,0.2770332198246976,0.9876086368875278,1.3070387522524687
task07-init10,nominal,7,10,pre,26,36,-0.13125181198120117,0.819933295249939,0.9511851072311401,0.8737143278121948,0.10106687247753143,13.209547996520996,1.1369164711262603,0.20362385780389175,0.6746527401651403,0.14005681219931632,0.7668061751374089,1.0024821965994697
task07-init10,nominal,7,10,pre,27,37,-0.07471466064453125,1.0021796226501465,1.0768942832946777,1.0328471660614014,0.09180297702550888,12.547524452209473,0.09405847263000891,2.018105812140191,1.7078082471051665,0.7584981371819631,0.4904443594069759,0.7095406401813296
task07-init10,nominal,7,10,pre,28,38,-0.021532535552978516,0.9084364175796509,0.9299689531326294,0.9320386648178101,0.08117062598466873,11.644571304321289,0.8869142721496128,1.0847791637049826,0.5002853063042605,0.3667239203420127,0.17325858649452158,0.30998913965259023
task07-init10,nominal,7,10,pre,29,39,-0.04450559616088867,0.9529908895492554,0.997496485710144,0.8327462077140808,0.07011578977108002,10.796459197998047,0.4631638807966023,1.528372658987334,1.0552681988599242,0.01915846199725362,0.15653082276774577,0.06529551990097957
task07-init10,nominal,7,10,pre,30,40,-0.10556256771087646,0.9382208585739136,1.04378342628479,0.7628687620162964,0.058913782238960266,10.017475128173828,0.6630646192156386,1.3813191899158068,1.4356828117910487,0.29072466152713744,0.49071066724415396,0.40999142656478077
task07-init10,nominal,7,10,pre,31,41,-0.11567658185958862,0.8283810615539551,0.9440576434135437,0.60000079870224,0.04790070280432701,8.820600509643555,0.8496230202408358,0.2877315582538819,0.6160748485246474,0.9236818822827496,0.8192543824772788,0.9396014632504852
task07-init10,nominal,7,10,pre,32,42,-0.1266024112701416,0.9215941429138184,1.04819655418396,0.5874081254005432,0.037863388657569885,7.53727912902832,1.0511557880159708,1.2157801858903727,1.4719526175016007,0.9726210556642926,1.1186889321244189,1.5074636878682863
task07-init10,nominal,7,10,pre,33,43,-0.13144147396087646,0.8603513240814209,0.9917927980422974,0.5229403376579285,0.03255679830908775,6.949098587036133,1.1404148877928022,0.6060340736406182,1.0083917773573021,1.2231635867275912,1.2769958724001673,1.7677301465261033
task07-init10,nominal,7,10,pre,34,44,-0.1741635799407959,0.802582859992981,0.9767464399337769,0.48797106742858887,0.03032810427248478,6.632205486297607,1.9284469849258326,0.03087935248117573,0.8847315305400562,1.3590654034251692,1.343482582429771,1.907953494994857
task07-init10,nominal,7,10,pre,35,45,-0.11988937854766846,0.6957720518112183,0.8156614303588867,0.4107421338558197,0.02851226180791855,6.916388988494873,0.9273303086049217,1.0325510427349183,0.43916438493128085,1.659201846231174,1.3976530470239483,1.7822039530679146
task07-init10,nominal,7,10,pre,36,46,-0.09085637331008911,0.7312034368515015,0.8220598101615906,0.46802592277526855,0.02763473615050316,7.888190746307373,0.3918009970537159,0.6797888790751979,0.3865785551958592,1.436578642188957,1.4238315143101277,1.352187344278669
task07-init10,nominal,7,10,pre,37,47,0.007929205894470215,0.7358810901641846,0.7279518842697144,0.6463019847869873,0.028423238545656204,8.881854057312012,1.4303518524256573,0.6332171997136349,1.160015506471027,0.7437406006116675,1.4003088013476541,0.9124971257321101
task07-init10,nominal,7,10,pre,38,48,0.0026506781578063965,0.7454950213432312,0.7428443431854248,0.7015766501426697,0.030918266624212265,9.715655326843262,1.332986584803944,0.5374989216914718,1.0376200980971175,0.5289254960949789,1.3258767771890023,0.5435449279761821
task07-init10,nominal,7,10,pre,39,49,0.0019462108612060547,0.77595055103302,0.774004340171814,0.7181797027587891,0.03385687619447708,10.557008743286133,1.3199923086939942,0.23427739827210736,0.7815280331355979,0.4644007005113705,1.2382117683633787,0.1712509492676002
task07-init10,nominal,7,10,pre,40,50,-0.02708369493484497,0.7801080942153931,0.807191789150238,0.8481472730636597,0.036177292466163635,11.12559986114502,0.7845201679996898,0.19288404244209456,0.5087731178061092,0.040695024974567985,1.1689887878780225,0.08034730348688741
task07-init10,nominal,7,10,fault_influenced,41,51,-0.03566575050354004,0.8037199974060059,0.8393857479095459,0.8136734962463379,0.03769206255674362,11.24420166015625,0.6262195624375543,0.0422009266657867,0.244183317570941,0.09328114516495277,1.1237999561587007,0.13282790768121852
task07-init10,nominal,7,10,fault_influenced,42,52,-0.11817055940628052,0.8289960622787476,0.9471666216850281,0.7871675491333008,0.038538653403520584,11.224296569824219,0.8956257701344404,0.2938546320790636,0.6416263486038262,0.19629176970264695,1.0985443404398332,0.12402002132640175
task07-init10,nominal,7,10,fault_influenced,43,53,-0.09349846839904785,0.8750991821289062,0.9685976505279541,0.7587436437606812,0.039257992058992386,11.13795280456543,0.44053585424347286,0.752866784477704,0.817759755581758,0.306756196110324,1.0770849297652585,0.0858134088890502
task07-init10,nominal,7,10,fault_influenced,44,54,-0.062416911125183105,0.7731986045837402,0.8356155157089233,0.6533210873603821,0.040931012481451035,11.188844680786133,0.13278009540087612,0.26167634365964737,0.27516941009410756,0.7164621133840257,1.0271751521669132,0.10833276723700165
task07-init10,nominal,7,10,fault_influenced,45,55,-0.023719489574432373,0.761161744594574,0.7848812341690063,0.6002099514007568,0.04371168464422226,10.875791549682617,0.846574735407912,0.38151779971957306,0.692135012804907,0.9228690477137345,0.9442217540165975,0.03019141706887011
task07-init10,nominal,7,10,fault_influenced,46,56,-0.015170276165008545,0.7817661166191101,0.7969363927841187,0.5876235961914062,0.047636084258556366,10.769357681274414,1.004269549774804,0.17637643005645018,0.5930582874595457,0.9717836669589663,0.8271485196859576,0.07728778295345097
task07-init10,nominal,7,10,fault_influenced,47,57,-0.03953099250793457,0.8387651443481445,0.8782961368560791,0.664626955986023,0.052873797714710236,11.293306350708008,0.5549231061233133,0.39111762430620317,0.0756062465335158,0.6725238763121061,0.6708963244280355,0.15455644679627775
task07-init10,nominal,7,10,fault_influenced,48,58,0.017654240131378174,0.8631455302238464,0.8454912900924683,0.7962970733642578,0.059070054441690445,11.892399787902832,1.6097353109097314,0.6338537652330481,0.19400420792541592,0.16081150601871558,0.48604873318861824,0.41965179792046925
task07-init10,nominal,7,10,fault_influenced,49,59,-0.0102882981300354,0.8344842791557312,0.8447725772857666,0.8026308417320251,0.06635116040706635,12.515771865844727,1.0943202460318084,0.3484964491561379,0.19991103284786102,0.13619644765244066,0.26883776880131494,0.6954903059448585
task07-init10,nominal,7,10,fault_influenced,50,60,-0.010881960391998291,0.8510936498641968,0.8619756102561951,0.9099526405334473,0.07507005333900452,13.100622177124023,1.083369828056083,0.5138627632723717,0.05852590245383366,0.28089053565349226,0.008734543942100916,0.9542831569392498
task07-init10,arm_actuator_gain_0p5,7,10,pre,10,20,-0.004789590835571289,0.6863839626312256,0.6911735534667969,0.46901822090148926,0.0703493282198906,12.61384105682373,1.1957468433726313,1.126020791320794,1.46228250236551,1.432722252931344,0.14956387132810392,0.7388853508626849
task07-init10,arm_actuator_gain_0p5,7,10,pre,11,21,-0.05498766899108887,0.5828796625137329,0.6378673315048218,0.5827242136001587,0.073377326130867,12.373625755310059,0.26981644051436654,2.156530911543854,1.9003858970321483,0.9908242414542381,0.05923221710777286,0.6325914812480495
task07-init10,arm_actuator_gain_0p5,7,10,pre,12,22,-0.07338118553161621,0.6088070273399353,0.6821882128715515,0.7807388305664062,0.07716941833496094,11.766294479370117,0.069461810887747,1.898392729711914,1.5361295707212637,0.22127583504197434,0.053894004185216324,0.3638509345348916
task07-init10,arm_actuator_gain_0p5,7,10,pre,13,23,0.010712683200836182,0.6492447257041931,0.6385320425033569,0.7942354679107666,0.08122134208679199,11.136001586914062,1.4816945802417616,1.495786679957538,1.8949228922606185,0.16882356702558265,0.17477155629671146,0.08495000646082315
task07-init10,arm_actuator_gain_0p5,7,10,pre,14,24,-0.06659483909606934,0.7155392169952393,0.7821340560913086,1.0988057851791382,0.0858597531914711,10.462703704833984,0.05571597917693076,0.835745076730305,0.7147130158464972,1.014834517843497,0.3131452805720058,0.21298037865062108
task07-init10,arm_actuator_gain_0p5,7,10,pre,15,25,-0.09552597999572754,0.7025966644287109,0.7981226444244385,1.0707234144210815,0.09085147082805634,10.157583236694336,0.47793439017342015,0.9646037945438297,0.583308940170899,0.9056974046533909,0.4620588943757039,0.3479944058704749
task07-init10,arm_actuator_gain_0p5,7,10,pre,16,26,-0.12149602174758911,0.7380591630935669,0.859555184841156,1.1712305545806885,0.09610122442245483,10.309282302856445,0.9569657018313954,0.6115318572325544,0.07841845067498564,1.2963004355198615,0.6186702727099209,0.28086845403605587
task07-init10,arm_actuator_gain_0p5,7,10,pre,17,27,-0.07179898023605347,0.8262834548950195,0.898082435131073,1.260300636291504,0.10181482881307602,10.810582160949707,0.04027718787914956,0.26684735452682307,0.2382222437494681,1.6424553835217643,0.7891193124184491,0.05904619118171539
task07-init10,arm_actuator_gain_0p5,7,10,pre,18,28,-0.12617707252502441,0.8529987335205078,0.9791758060455322,1.4813388586044312,0.10746455192565918,11.228132247924805,1.0433101873458124,0.5328301683509196,0.9046975589186445,2.501480915793996,0.9576626369684674,0.12571728651033587
task07-init10,arm_actuator_gain_0p5,7,10,pre,19,29,-0.0844120979309082,0.8417526483535767,0.9261647462844849,1.112471103668213,0.11226042360067368,11.943268775939941,0.27293289059974973,0.4208618292166273,0.46901998918283605,1.0679423349708355,1.1007337468467413,0.4421610283806996
task07-init10,arm_actuator_gain_0p5,7,10,pre,20,30,-0.043352603912353516,0.8277119398117065,0.8710645437240601,1.0532073974609375,0.1163577064871788,12.630187034606934,0.48443143956391477,0.28106964443710647,0.016172555992748344,0.8376245363728303,1.2229644589634856,0.7461183506768646
task07-init10,arm_actuator_gain_0p5,7,10,pre,21,31,0.005647003650665283,0.880748450756073,0.8751014471054077,0.9190095663070679,0.12000918388366699,13.452116012573242,1.3882554112737948,0.8091120659350498,0.04935031667838125,0.3160886584126415,1.331895839786851,1.1098171286727736
task07-init10,arm_actuator_gain_0p5,7,10,pre,22,32,-0.010994315147399902,0.8722105026245117,0.8832048177719116,0.9147843718528748,0.1226508766412735,14.237977027893066,1.0812973844934082,0.7241064966444413,0.11594881243690307,0.2996681955759991,1.4107031850202945,1.4575560436014554
task07-init10,arm_actuator_gain_0p5,7,10,pre,23,33,-0.010387778282165527,0.8419809341430664,0.8523687124252319,0.9619263410568237,0.12036703526973724,14.638358116149902,1.0924852814131853,0.42313468953359235,0.13748131135455796,0.482877030518819,1.3425713120358858,1.6347223395166877
task07-init10,arm_actuator_gain_0p5,7,10,pre,24,34,-0.14727771282196045,0.8691877126693726,1.016465425491333,0.9629696607589722,0.11468358337879181,14.367437362670898,1.4325227844930561,0.6940109775544758,1.211166640083051,0.4869317060092839,1.1730217858853806,1.5148414865288233
task07-init10,arm_actuator_gain_0p5,7,10,pre,25,35,-0.11250686645507812,0.7884560823440552,0.9009629487991333,0.9089601039886475,0.10846836864948273,13.897820472717285,0.7911559241031751,0.1097697540470912,0.26189608087229144,0.2770332198246976,0.9876086368875278,1.3070387522524687
task07-init10,arm_actuator_gain_0p5,7,10,pre,26,36,-0.13125181198120117,0.819933295249939,0.9511851072311401,0.8737143278121948,0.10106687247753143,13.209547996520996,1.1369164711262603,0.20362385780389175,0.6746527401651403,0.14005681219931632,0.7668061751374089,1.0024821965994697
task07-init10,arm_actuator_gain_0p5,7,10,pre,27,37,-0.07471466064453125,1.0021796226501465,1.0768942832946777,1.0328471660614014,0.09180297702550888,12.547524452209473,0.09405847263000891,2.018105812140191,1.7078082471051665,0.7584981371819631,0.4904443594069759,0.7095406401813296
task07-init10,arm_actuator_gain_0p5,7,10,pre,28,38,-0.021532535552978516,0.9084364175796509,0.9299689531326294,0.9320386648178101,0.08117062598466873,11.644571304321289,0.8869142721496128,1.0847791637049826,0.5002853063042605,0.3667239203420127,0.17325858649452158,0.30998913965259023
task07-init10,arm_actuator_gain_0p5,7,10,pre,29,39,-0.04450559616088867,0.9529908895492554,0.997496485710144,0.8327462077140808,0.07011578977108002,10.796459197998047,0.4631638807966023,1.528372658987334,1.0552681988599242,0.01915846199725362,0.15653082276774577,0.06529551990097957
task07-init10,arm_actuator_gain_0p5,7,10,pre,30,40,-0.10556256771087646,0.9382208585739136,1.04378342628479,0.7628687620162964,0.058913782238960266,10.017475128173828,0.6630646192156386,1.3813191899158068,1.4356828117910487,0.29072466152713744,0.49071066724415396,0.40999142656478077
task07-init10,arm_actuator_gain_0p5,7,10,pre,31,41,-0.11567658185958862,0.8283810615539551,0.9440576434135437,0.60000079870224,0.04790070280432701,8.820600509643555,0.8496230202408358,0.2877315582538819,0.6160748485246474,0.9236818822827496,0.8192543824772788,0.9396014632504852
task07-init10,arm_actuator_gain_0p5,7,10,pre,32,42,-0.1266024112701416,0.9215941429138184,1.04819655418396,0.5874081254005432,0.037863388657569885,7.53727912902832,1.0511557880159708,1.2157801858903727,1.4719526175016007,0.9726210556642926,1.1186889321244189,1.5074636878682863
task07-init10,arm_actuator_gain_0p5,7,10,pre,33,43,-0.13144147396087646,0.8603513240814209,0.9917927980422974,0.5229403376579285,0.03255679830908775,6.949098587036133,1.1404148877928022,0.6060340736406182,1.0083917773573021,1.2231635867275912,1.2769958724001673,1.7677301465261033
task07-init10,arm_actuator_gain_0p5,7,10,pre,34,44,-0.1741635799407959,0.802582859992981,0.9767464399337769,0.48797106742858887,0.03032810427248478,6.632205486297607,1.9284469849258326,0.03087935248117573,0.8847315305400562,1.3590654034251692,1.343482582429771,1.907953494994857
task07-init10,arm_actuator_gain_0p5,7,10,pre,35,45,-0.11988937854766846,0.6957720518112183,0.8156614303588867,0.4107421338558197,0.02851226180791855,6.916388988494873,0.9273303086049217,1.0325510427349183,0.43916438493128085,1.659201846231174,1.3976530470239483,1.7822039530679146
task07-init10,arm_actuator_gain_0p5,7,10,pre,36,46,-0.09085637331008911,0.7312034368515015,0.8220598101615906,0.46802592277526855,0.02763473615050316,7.888190746307373,0.3918009970537159,0.6797888790751979,0.3865785551958592,1.436578642188957,1.4238315143101277,1.352187344278669
task07-init10,arm_actuator_gain_0p5,7,10,pre,37,47,0.007929205894470215,0.7358810901641846,0.7279518842697144,0.6463019847869873,0.028423238545656204,8.881854057312012,1.4303518524256573,0.6332171997136349,1.160015506471027,0.7437406006116675,1.4003088013476541,0.9124971257321101
task07-init10,arm_actuator_gain_0p5,7,10,pre,38,48,0.0026506781578063965,0.7454950213432312,0.7428443431854248,0.7015766501426697,0.030918266624212265,9.715655326843262,1.332986584803944,0.5374989216914718,1.0376200980971175,0.5289254960949789,1.3258767771890023,0.5435449279761821
task07-init10,arm_actuator_gain_0p5,7,10,pre,39,49,0.0019462108612060547,0.77595055103302,0.774004340171814,0.7181797027587891,0.03385687619447708,10.557008743286133,1.3199923086939942,0.23427739827210736,0.7815280331355979,0.4644007005113705,1.2382117683633787,0.1712509492676002
task07-init10,arm_actuator_gain_0p5,7,10,pre,40,50,-0.02708369493484497,0.7801080942153931,0.807191789150238,0.8481472730636597,0.036177292466163635,11.12559986114502,0.7845201679996898,0.19288404244209456,0.5087731178061092,0.040695024974567985,1.1689887878780225,0.08034730348688741
task07-init10,arm_actuator_gain_0p5,7,10,fault_influenced,41,51,-0.03357362747192383,0.7780441045761108,0.8116177320480347,0.7655962705612183,0.03640534728765488,10.978717803955078,0.6648098908459842,0.21343354820080662,0.47239799053656534,0.28012468721019984,1.1621854247701584,0.015352850022446273
task07-init10,arm_actuator_gain_0p5,7,10,fault_influenced,42,52,-0.0970461368560791,0.7251653075218201,0.8222114443778992,0.6732425689697266,0.03420872241258621,10.42843246459961,0.5059744966044343,0.7399057377408675,0.3853323317257398,0.6390408368100068,1.227715443118981,0.22814520253173912
task07-init10,arm_actuator_gain_0p5,7,10,fault_influenced,43,53,-0.11169779300689697,0.7325923442840576,0.8442901372909546,0.5900101661682129,0.03192378953099251,9.709432601928711,0.776232131572804,0.6659606307446704,0.20387602214312314,0.9625086894316459,1.2958798781830168,0.5462984474503666
task07-init10,arm_actuator_gain_0p5,7,10,fault_influenced,44,54,-0.06529593467712402,0.6764241456985474,0.7417200803756714,0.5219851732254028,0.0300437081605196,8.820199012756348,0.07967496597683114,1.2251827791130219,1.0468599829608727,1.2268756625236779,1.3519667267399502,0.9397791232809268
task07-init10,arm_actuator_gain_0p5,7,10,fault_influenced,45,55,-0.052029430866241455,0.6177748441696167,0.6698042750358582,0.40829095244407654,0.028781477361917496,7.554150104522705,0.32438272510806404,1.8091072991664878,1.6379084063894154,1.6687279245486946,1.3896217712273524,1.4999983796295029
task07-init10,arm_actuator_gain_0p5,7,10,fault_influenced,46,56,-0.07060861587524414,0.5622192621231079,0.632827877998352,0.24900834262371063,0.028424391523003578,5.9539995193481445,0.018320280510353185,2.362230111154221,1.9418032327049704,2.2877513099654516,1.4002744055672973,2.2080556790295027
task07-init10,arm_actuator_gain_0p5,7,10,fault_influenced,47,57,-0.07067400217056274,0.606946587562561,0.6776205897331238,0.27562129497528076,0.029176851734519005,4.811638355255127,0.01952636570306109,1.9169156511410086,1.5736691135523146,2.1843248286993378,1.3778269080327792,2.7135438301330463
task07-init10,arm_actuator_gain_0p5,7,10,fault_influenced,48,58,-0.004372596740722656,0.5930172801017761,0.5973898768424988,0.34901103377342224,0.030715826898813248,5.39887809753418,1.2034385225049782,2.055598703823295,2.2330545732643214,1.8991087299870453,1.3319159871927193,2.4536936698601006
task07-init10,arm_actuator_gain_0p5,7,10,fault_influenced,49,59,-0.02476978302001953,0.665196418762207,0.6899662017822266,0.47189590334892273,0.03327428549528122,7.0670342445373535,0.8272015109952355,1.3369683399241743,1.4722052628257065,1.4215386545914273,1.2555916950142434,1.7155443060639897
task07-init10,arm_actuator_gain_0p5,7,10,fault_influenced,50,60,-0.003213167190551758,0.757574200630188,0.7607873678207397,0.629669189453125,0.037253137677907944,8.114700317382812,1.2248248207443164,0.4172361259905422,0.8901532600059467,0.8083809859501744,1.1368940241037144,1.251958180430048
task07-init13,nominal,7,13,pre,10,20,-0.039101243019104004,0.636130690574646,0.67523193359375,0.711732029914856,0.08167929202318192,8.960617065429688,0.29427348858848856,1.2526636671637388,1.2947974277102563,0.12623666940018693,0.45372790519490186,0.049271938900758275
task07-init13,nominal,7,13,pre,11,21,-0.04319286346435547,0.5994240641593933,0.6426169276237488,0.7006775736808777,0.08646316081285477,9.090123176574707,0.20306198106714815,1.5625739640607894,1.5561697435443185,0.06836704365462684,0.5777723392311287,0.013487483985474493
task07-init13,nominal,7,13,pre,12,22,-0.07830864191055298,0.6741344332695007,0.7524430751800537,0.7804253101348877,0.09139025211334229,9.389076232910156,0.579748431756033,0.9318019500306288,0.6760376180948329,0.4858431786149338,0.7055304945411508,0.15836189276668333
task07-init13,nominal,7,13,pre,13,23,-0.0369412899017334,0.6924338340759277,0.7293751239776611,0.8107742071151733,0.09648917615413666,9.937047004699707,0.3424237465723235,0.777301978477771,0.8609011080130062,0.6447184116310439,0.8377442266985712,0.42391175054540897
task07-init13,nominal,7,13,pre,14,24,-0.046675026416778564,0.7166830897331238,0.7633581161499023,0.7847511768341064,0.10144491493701935,10.590408325195312,0.12543666450239235,0.5725679902534713,0.5885659328730963,0.5084889136570164,0.9662452035399745,0.7405344878660801
task07-init13,nominal,7,13,pre,15,25,-0.01947230100631714,0.774157702922821,0.7936300039291382,0.9199444651603699,0.10631033778190613,11.15007209777832,0.7318471628800758,0.0873157026648516,0.34597105428238684,1.2162202423771915,1.0924043123440816,1.0117508425777872
task07-init13,nominal,7,13,pre,16,26,-0.027045011520385742,0.7739393711090088,0.8009843826293945,0.757339358329773,0.11083116382360458,11.597826957702637,0.5630342558049545,0.08915905586422139,0.2870340424610571,0.36498916619995697,1.2096281185089388,1.2287354802516735
task07-init13,nominal,7,13,pre,17,27,-0.042535245418548584,0.7642504572868347,0.8067857027053833,0.7818784117698669,0.1147431880235672,11.936517715454102,0.21772178007194012,0.1709615654512151,0.24054303569716154,0.49345010617488383,1.311065856280499,1.392867012775112
task07-init13,nominal,7,13,pre,18,28,-0.0618894100189209,0.8709420561790466,0.9328314661979675,0.8423960208892822,0.1175525039434433,12.328454971313477,0.21372648196440458,0.7298247044460104,0.7695709325612345,0.8102573119415588,1.3839106642447712,1.5828021113420345
task07-init13,nominal,7,13,pre,19,29,-0.03138852119445801,0.8271181583404541,0.8585066795349121,0.8817718029022217,0.1163063496351242,12.263849258422852,0.4662075655958365,0.35982401201787917,0.1739419870426121,1.0163879184858773,1.351598217417019,1.5514938030288543
task07-init13,nominal,7,13,pre,20,30,-0.00613558292388916,0.88515305519104,0.8912886381149292,0.9796618223190308,0.11281438171863556,12.021651268005371,1.0291528826951049,0.8498067173171394,0.43665223886707455,1.528838161896691,1.2610524263600866,1.4341232328803506
task07-init13,nominal,7,13,pre,21,31,-0.04772913455963135,0.9238036870956421,0.9715328216552734,0.9346560835838318,0.10675990581512451,11.555438995361328,0.10193820121953676,1.1761300539623325,1.0797184429157416,1.2932349624373605,1.1040614908105437,1.208194024482957
task07-init13,nominal,7,13,pre,22,32,-0.010217547416687012,1.0410140752792358,1.0512316226959229,1.0063908100128174,0.09859201312065125,11.08524227142334,0.9381566282725387,2.165725387253493,1.718414024218188,1.6687633180199473,0.8922702249752915,0.9803339275621152
task07-init13,nominal,7,13,pre,23,33,-0.07927340269088745,0.9372660517692566,1.016539454460144,1.0226963758468628,0.08936428278684616,10.805140495300293,0.6012551395138107,1.2897914235945631,1.440395606517127,1.7541222875082383,0.652997653543822,0.8445949600070909
task07-init13,nominal,7,13,pre,24,34,-0.04786592721939087,0.9834443926811218,1.0313103199005127,0.8658781051635742,0.07940274477005005,10.487720489501953,0.09888878232023489,1.6796704383618442,1.5587673557227988,0.9331850616125111,0.3946976457987655,0.6907713589405663
task07-init13,nominal,7,13,pre,25,35,-0.09026145935058594,1.0850191116333008,1.1752805709838867,0.810908317565918,0.06889134645462036,10.006509780883789,0.8462038648590833,2.5372554136627556,2.7125257812611596,0.6454204743493624,0.12213990805696776,0.4575738202874838
task07-init13,nominal,7,13,pre,26,36,-0.028648316860198975,0.8559927344322205,0.8846410512924194,0.699731707572937,0.05799935758113861,9.161962509155273,0.5272929403486055,0.603609108151296,0.3833793630593714,0.06341547330929492,0.16028644072930814,0.04830124693014211
task07-init13,nominal,7,13,pre,27,37,-0.06830692291259766,0.8042367696762085,0.8725436925888062,0.5077733397483826,0.04681756719946861,8.17963981628418,0.3567874118337004,0.16663878507458887,0.2864327409202545,0.9414787222632529,0.4502272648589838,0.4277381055572855
task07-init13,nominal,7,13,pre,28,38,-0.18044394254684448,0.7848064303398132,0.9652503728866577,0.5229880809783936,0.03609577938914299,7.216409683227539,2.8565761255351716,0.0025904150492105757,1.0293717348614098,0.8618301749118275,0.7282403457485435,0.8945250913047823
task07-init13,nominal,7,13,pre,29,39,-0.14931130409240723,0.6927529573440552,0.8420642614364624,0.4422030448913574,0.02891525998711586,6.92279052734375,2.1625589446792004,0.7746076533264126,0.04217463736754062,1.2847365309774221,0.9144292870575949,1.0368146605666888
task07-init13,nominal,7,13,pre,30,40,-0.10982322692871094,0.7437863349914551,0.853609561920166,0.438041627407074,0.02367030829191208,6.705362796783447,1.2822800685190743,0.3437380593886517,0.1346971384273685,1.3065213811129088,1.0504294771095035,1.142181417152775
task07-init13,nominal,7,13,pre,31,41,-0.06335574388504028,0.827295184135437,0.8906509280204773,0.4940931797027588,0.020317673683166504,6.596321105957031,0.24641439235295592,0.36131862272007087,0.43154171506796923,1.0130937999498655,1.1373623928846772,1.1950236616329737
task07-init13,nominal,7,13,pre,32,42,-0.034976065158843994,0.8146829009056091,0.8496589660644531,0.4548758864402771,0.018676700070500374,6.654966354370117,0.38623306706421107,0.25483440387392053,0.10303758917933603,1.2183947243750688,1.179912398330264,1.1666038294498917
task07-init13,nominal,7,13,pre,33,43,0.020782649517059326,0.7206741571426392,0.6998915076255798,0.45369821786880493,0.01770121417939663,6.723812103271484,1.6292213869959395,0.5388718158399846,1.0971788843284407,1.22455977112553,1.2052064857294635,1.1332407747568045
task07-init13,nominal,7,13,pre,34,44,0.014545023441314697,0.7177371382713318,0.7031921148300171,0.464089035987854,0.017091000452637672,6.8398637771606445,1.4901705426334382,0.5636687661263473,1.0707282575992645,1.1701642637380847,1.2210291639225517,1.07700145126952
task07-init13,nominal,7,13,pre,35,45,0.013944566249847412,0.7057024836540222,0.6917579174041748,0.4884495437145233,0.017257779836654663,6.7627787590026855,1.4767849888244766,0.665276125607198,1.1623603935444524,1.042638003262146,1.2167046192477566,1.1143573042867645
task07-init13,nominal,7,13,pre,36,46,-0.08045870065689087,0.6449617147445679,0.7254204154014587,0.4827960729598999,0.018662305548787117,6.880582332611084,0.6276781217497659,1.1781042322692183,0.8925936160555183,1.07223369117377,1.180285644415733,1.0572689998953215
task07-init13,nominal,7,13,pre,37,47,-0.05007404088973999,0.6957828402519226,0.7458568811416626,0.4945077896118164,0.021153856068849564,7.179137229919434,0.04966491628819258,0.7490266614663076,0.7288185003037811,1.0109233340526993,1.1156804080010134,0.9125875413196032
task07-init13,nominal,7,13,pre,38,48,-0.09071582555770874,0.680553138256073,0.7712689638137817,0.5784152746200562,0.024363800883293152,7.402296543121338,0.8563327190069605,0.8776094795600489,0.5251694528595574,0.5716710857374003,1.0324474003034079,0.8044432260868144
task07-init13,nominal,7,13,pre,39,49,-0.09719902276992798,0.6908735632896423,0.7880725860595703,0.5983465909957886,0.0284319669008255,7.252033233642578,1.000857901437054,0.7904751853300513,0.39050746123453,0.4673314606245243,0.9269609471005972,0.8772617093265918
task07-init13,nominal,7,13,pre,40,50,-0.009286642074584961,0.7547354698181152,0.7640221118927002,0.6042625308036804,0.033419158309698105,7.247377872467041,0.9589086214617746,0.2512956326042036,0.5832447593875338,0.4363617579661823,0.7976444121071194,0.8795177247232437
task07-init13,nominal,7,13,fault_influenced,41,51,-0.01717829704284668,0.7064688205718994,0.7236471176147461,0.6033493876457214,0.03930211812257767,7.377684116363525,0.7829857185129434,0.6588060212980804,0.9068045884405246,0.4411420250082445,0.6451008427638606,0.8163705528013065
task07-init13,nominal,7,13,fault_influenced,42,52,0.002485513687133789,0.7532356977462769,0.7507501840591431,0.8377732634544373,0.045591793954372406,8.252128601074219,1.2213366956612155,0.2639580549909202,0.6896042221645766,0.7860573660550564,0.4820112361863216,0.39260961425348234
task07-init13,nominal,7,13,fault_influenced,43,53,0.03046596050262451,0.8070125579833984,0.7765465974807739,0.8522476553916931,0.05269618332386017,9.144676208496094,1.8450843695500496,0.19007448217932577,0.48287519925940975,0.8618302151734887,0.2977963261926547,0.03992420399667631
task07-init13,nominal,7,13,fault_influenced,44,54,0.023152530193328857,0.7895826101303101,0.7664300799369812,0.8293662071228027,0.06080492213368416,10.115001678466797,1.6820514067938666,0.042915213088713954,0.563947624051516,0.7420467703969789,0.08753890471329381,0.510149631729442
task07-init13,nominal,7,13,fault_influenced,45,55,0.007802188396453857,0.8089668154716492,0.8011646270751953,0.8941463232040405,0.06917724758386612,11.093698501586914,1.3398574435474149,0.2065740785068544,0.28558958746820784,1.0811680255748153,0.12955324762099737,0.9844318664174083
task07-init13,nominal,7,13,fault_influenced,46,56,-0.043359577655792236,0.8126510977745056,0.8560106754302979,0.9325529932975769,0.07718478888273239,11.984151840209961,0.1993455433062125,0.23768009760580217,0.1539393424392535,1.2822253709026268,0.3371866447960706,1.4159507896944956
task07-init13,nominal,7,13,fault_influenced,47,57,-0.04877114295959473,0.87740159034729,0.9261727333068848,1.121964693069458,0.08488823473453522,12.826132774353027,0.07870946867156495,0.784361891526355,0.7162087336438545,2.2737878634961177,0.536934928628276,1.8239797007692622
task07-init13,nominal,7,13,fault_influenced,48,58,-0.029365837574005127,0.9060128927230835,0.9353787302970886,1.095579981803894,0.09230874478816986,13.471574783325195,0.511297774897714,1.0259241945716975,0.7899843679363691,2.135664980377754,0.7293467631355907,2.1367646931644395
task07-init13,nominal,7,13,fault_influenced,49,59,-0.04464983940124512,0.9338800311088562,0.9785298705101013,1.1713674068450928,0.0991046354174614,13.84253215789795,0.17058268016321138,1.2612035970726414,1.1357918609268427,2.532409047252177,0.9055623835770148,2.3165328179095974
task07-init13,nominal,7,13,fault_influenced,50,60,-0.05397379398345947,0.9204357862472534,0.9744095802307129,1.1710188388824463,0.10506817698478699,14.047957420349121,0.037269432437133564,1.1476952111621166,1.1027724031587567,2.5305843082402983,1.0601954161901448,2.4160831078820273
task07-init13,arm_actuator_gain_0p5,7,13,pre,10,20,-0.039101243019104004,0.636130690574646,0.67523193359375,0.711732029914856,0.08167929202318192,8.960617065429688,0.29427348858848856,1.2526636671637388,1.2947974277102563,0.12623666940018693,0.45372790519490186,0.049271938900758275
task07-init13,arm_actuator_gain_0p5,7,13,pre,11,21,-0.04319286346435547,0.5994240641593933,0.6426169276237488,0.7006775736808777,0.08646316081285477,9.090123176574707,0.20306198106714815,1.5625739640607894,1.5561697435443185,0.06836704365462684,0.5777723392311287,0.013487483985474493
task07-init13,arm_actuator_gain_0p5,7,13,pre,12,22,-0.07830864191055298,0.6741344332695007,0.7524430751800537,0.7804253101348877,0.09139025211334229,9.389076232910156,0.579748431756033,0.9318019500306288,0.6760376180948329,0.4858431786149338,0.7055304945411508,0.15836189276668333
task07-init13,arm_actuator_gain_0p5,7,13,pre,13,23,-0.0369412899017334,0.6924338340759277,0.7293751239776611,0.8107742071151733,0.09648917615413666,9.937047004699707,0.3424237465723235,0.777301978477771,0.8609011080130062,0.6447184116310439,0.8377442266985712,0.42391175054540897
task07-init13,arm_actuator_gain_0p5,7,13,pre,14,24,-0.046675026416778564,0.7166830897331238,0.7633581161499023,0.7847511768341064,0.10144491493701935,10.590408325195312,0.12543666450239235,0.5725679902534713,0.5885659328730963,0.5084889136570164,0.9662452035399745,0.7405344878660801
task07-init13,arm_actuator_gain_0p5,7,13,pre,15,25,-0.01947230100631714,0.774157702922821,0.7936300039291382,0.9199444651603699,0.10631033778190613,11.15007209777832,0.7318471628800758,0.0873157026648516,0.34597105428238684,1.2162202423771915,1.0924043123440816,1.0117508425777872
task07-init13,arm_actuator_gain_0p5,7,13,pre,16,26,-0.027045011520385742,0.7739393711090088,0.8009843826293945,0.757339358329773,0.11083116382360458,11.597826957702637,0.5630342558049545,0.08915905586422139,0.2870340424610571,0.36498916619995697,1.2096281185089388,1.2287354802516735
task07-init13,arm_actuator_gain_0p5,7,13,pre,17,27,-0.042535245418548584,0.7642504572868347,0.8067857027053833,0.7818784117698669,0.1147431880235672,11.936517715454102,0.21772178007194012,0.1709615654512151,0.24054303569716154,0.49345010617488383,1.311065856280499,1.392867012775112
task07-init13,arm_actuator_gain_0p5,7,13,pre,18,28,-0.0618894100189209,0.8709420561790466,0.9328314661979675,0.8423960208892822,0.1175525039434433,12.328454971313477,0.21372648196440458,0.7298247044460104,0.7695709325612345,0.8102573119415588,1.3839106642447712,1.5828021113420345
task07-init13,arm_actuator_gain_0p5,7,13,pre,19,29,-0.03138852119445801,0.8271181583404541,0.8585066795349121,0.8817718029022217,0.1163063496351242,12.263849258422852,0.4662075655958365,0.35982401201787917,0.1739419870426121,1.0163879184858773,1.351598217417019,1.5514938030288543
task07-init13,arm_actuator_gain_0p5,7,13,pre,20,30,-0.00613558292388916,0.88515305519104,0.8912886381149292,0.9796618223190308,0.11281438171863556,12.021651268005371,1.0291528826951049,0.8498067173171394,0.43665223886707455,1.528838161896691,1.2610524263600866,1.4341232328803506
task07-init13,arm_actuator_gain_0p5,7,13,pre,21,31,-0.04772913455963135,0.9238036870956421,0.9715328216552734,0.9346560835838318,0.10675990581512451,11.555438995361328,0.10193820121953676,1.1761300539623325,1.0797184429157416,1.2932349624373605,1.1040614908105437,1.208194024482957
task07-init13,arm_actuator_gain_0p5,7,13,pre,22,32,-0.010217547416687012,1.0410140752792358,1.0512316226959229,1.0063908100128174,0.09859201312065125,11.08524227142334,0.9381566282725387,2.165725387253493,1.718414024218188,1.6687633180199473,0.8922702249752915,0.9803339275621152
task07-init13,arm_actuator_gain_0p5,7,13,pre,23,33,-0.07927340269088745,0.9372660517692566,1.016539454460144,1.0226963758468628,0.08936428278684616,10.805140495300293,0.6012551395138107,1.2897914235945631,1.440395606517127,1.7541222875082383,0.652997653543822,0.8445949600070909
task07-init13,arm_actuator_gain_0p5,7,13,pre,24,34,-0.04786592721939087,0.9834443926811218,1.0313103199005127,0.8658781051635742,0.07940274477005005,10.487720489501953,0.09888878232023489,1.6796704383618442,1.5587673557227988,0.9331850616125111,0.3946976457987655,0.6907713589405663
task07-init13,arm_actuator_gain_0p5,7,13,pre,25,35,-0.09026145935058594,1.0850191116333008,1.1752805709838867,0.810908317565918,0.06889134645462036,10.006509780883789,0.8462038648590833,2.5372554136627556,2.7125257812611596,0.6454204743493624,0.12213990805696776,0.4575738202874838
task07-init13,arm_actuator_gain_0p5,7,13,pre,26,36,-0.028648316860198975,0.8559927344322205,0.8846410512924194,0.699731707572937,0.05799935758113861,9.161962509155273,0.5272929403486055,0.603609108151296,0.3833793630593714,0.06341547330929492,0.16028644072930814,0.04830124693014211
task07-init13,arm_actuator_gain_0p5,7,13,pre,27,37,-0.06830692291259766,0.8042367696762085,0.8725436925888062,0.5077733397483826,0.04681756719946861,8.17963981628418,0.3567874118337004,0.16663878507458887,0.2864327409202545,0.9414787222632529,0.4502272648589838,0.4277381055572855
task07-init13,arm_actuator_gain_0p5,7,13,pre,28,38,-0.18044394254684448,0.7848064303398132,0.9652503728866577,0.5229880809783936,0.03609577938914299,7.216409683227539,2.8565761255351716,0.0025904150492105757,1.0293717348614098,0.8618301749118275,0.7282403457485435,0.8945250913047823
task07-init13,arm_actuator_gain_0p5,7,13,pre,29,39,-0.14931130409240723,0.6927529573440552,0.8420642614364624,0.4422030448913574,0.02891525998711586,6.92279052734375,2.1625589446792004,0.7746076533264126,0.04217463736754062,1.2847365309774221,0.9144292870575949,1.0368146605666888
task07-init13,arm_actuator_gain_0p5,7,13,pre,30,40,-0.10982322692871094,0.7437863349914551,0.853609561920166,0.438041627407074,0.02367030829191208,6.705362796783447,1.2822800685190743,0.3437380593886517,0.1346971384273685,1.3065213811129088,1.0504294771095035,1.142181417152775
task07-init13,arm_actuator_gain_0p5,7,13,pre,31,41,-0.06335574388504028,0.827295184135437,0.8906509280204773,0.4940931797027588,0.020317673683166504,6.596321105957031,0.24641439235295592,0.36131862272007087,0.43154171506796923,1.0130937999498655,1.1373623928846772,1.1950236616329737
task07-init13,arm_actuator_gain_0p5,7,13,pre,32,42,-0.034976065158843994,0.8146829009056091,0.8496589660644531,0.4548758864402771,0.018676700070500374,6.654966354370117,0.38623306706421107,0.25483440387392053,0.10303758917933603,1.2183947243750688,1.179912398330264,1.1666038294498917
task07-init13,arm_actuator_gain_0p5,7,13,pre,33,43,0.020782649517059326,0.7206741571426392,0.6998915076255798,0.45369821786880493,0.01770121417939663,6.723812103271484,1.6292213869959395,0.5388718158399846,1.0971788843284407,1.22455977112553,1.2052064857294635,1.1332407747568045
task07-init13,arm_actuator_gain_0p5,7,13,pre,34,44,0.014545023441314697,0.7177371382713318,0.7031921148300171,0.464089035987854,0.017091000452637672,6.8398637771606445,1.4901705426334382,0.5636687661263473,1.0707282575992645,1.1701642637380847,1.2210291639225517,1.07700145126952
task07-init13,arm_actuator_gain_0p5,7,13,pre,35,45,0.013944566249847412,0.7057024836540222,0.6917579174041748,0.4884495437145233,0.017257779836654663,6.7627787590026855,1.4767849888244766,0.665276125607198,1.1623603935444524,1.042638003262146,1.2167046192477566,1.1143573042867645
task07-init13,arm_actuator_gain_0p5,7,13,pre,36,46,-0.08045870065689087,0.6449617147445679,0.7254204154014587,0.4827960729598999,0.018662305548787117,6.880582332611084,0.6276781217497659,1.1781042322692183,0.8925936160555183,1.07223369117377,1.180285644415733,1.0572689998953215
task07-init13,arm_actuator_gain_0p5,7,13,pre,37,47,-0.05007404088973999,0.6957828402519226,0.7458568811416626,0.4945077896118164,0.021153856068849564,7.179137229919434,0.04966491628819258,0.7490266614663076,0.7288185003037811,1.0109233340526993,1.1156804080010134,0.9125875413196032
task07-init13,arm_actuator_gain_0p5,7,13,pre,38,48,-0.09071582555770874,0.680553138256073,0.7712689638137817,0.5784152746200562,0.024363800883293152,7.402296543121338,0.8563327190069605,0.8776094795600489,0.5251694528595574,0.5716710857374003,1.0324474003034079,0.8044432260868144
task07-init13,arm_actuator_gain_0p5,7,13,pre,39,49,-0.09719902276992798,0.6908735632896423,0.7880725860595703,0.5983465909957886,0.0284319669008255,7.252033233642578,1.000857901437054,0.7904751853300513,0.39050746123453,0.4673314606245243,0.9269609471005972,0.8772617093265918
task07-init13,arm_actuator_gain_0p5,7,13,pre,40,50,-0.009286642074584961,0.7547354698181152,0.7640221118927002,0.6042625308036804,0.033419158309698105,7.247377872467041,0.9589086214617746,0.2512956326042036,0.5832447593875338,0.4363617579661823,0.7976444121071194,0.8795177247232437
task07-init13,arm_actuator_gain_0p5,7,13,fault_influenced,41,51,-0.02314448356628418,0.6876456141471863,0.7107900977134705,0.5357691645622253,0.03803317993879318,7.187223434448242,0.6499858779270958,0.8177284301744605,1.009839034284623,0.7949217256888224,0.6780040693687166,0.9086689190624667
task07-init13,arm_actuator_gain_0p5,7,13,fault_influenced,42,52,-0.0078812837600708,0.7062358856201172,0.714117169380188,0.5693122744560242,0.041565291583538055,7.541521072387695,0.9902372483932516,0.6607726672994829,0.9831763248779253,0.6193249188617388,0.5864173622100726,0.736974200639979
task07-init13,arm_actuator_gain_0p5,7,13,fault_influenced,43,53,0.042386770248413086,0.6974496841430664,0.6550629138946533,0.5453140735626221,0.04509715735912323,7.951349258422852,2.1108262784923486,0.7349536687771522,1.456429266493437,0.7449545179006557,0.49483703037276416,0.5383690521209533
task07-init13,arm_actuator_gain_0p5,7,13,fault_influenced,44,54,0.04001188278198242,0.7451742887496948,0.7051624059677124,0.6401228308677673,0.04921180009841919,8.258035659790039,2.0578846459765385,0.3320197076003566,1.0549386067250497,0.2486345554780537,0.38814544824595976,0.38974701886950974
task07-init13,arm_actuator_gain_0p5,7,13,fault_influenced,45,55,0.05691260099411011,0.7640169858932495,0.7071043848991394,0.6506792902946472,0.0534420870244503,8.561725616455078,2.4346400188045765,0.1729327405759575,1.0393758461026879,0.19337192262651642,0.27845524338850913,0.24257708033818923
task07-init13,arm_actuator_gain_0p5,7,13,fault_influenced,46,56,0.03266686201095581,0.7267695665359497,0.6941027045249939,0.6143107414245605,0.05718453973531723,8.83504867553711,1.8941474601194273,0.4874088970356295,1.1435695817178329,0.3837597868031349,0.18141444882721475,0.11012311891640293
task07-init13,arm_actuator_gain_0p5,7,13,fault_influenced,47,57,0.028233587741851807,0.7960616946220398,0.767828106880188,0.7444693446159363,0.060495100915431976,9.052597045898438,1.795319713325408,0.0976174615530044,0.55274402224686,0.29761517138773796,0.09557248576666012,0.004697899573443401
task07-init13,arm_actuator_gain_0p5,7,13,fault_influenced,48,58,0.05177706480026245,0.8407818675041199,0.7890048027038574,0.7483688592910767,0.06345866620540619,9.261119842529297,2.3201572596046423,0.4751853126103804,0.38303680115246563,0.3180289710413173,0.018728033026266848,0.09635347367427612
task07-init13,arm_actuator_gain_0p5,7,13,fault_influenced,49,59,0.00112074613571167,0.8208421468734741,0.8197214007377625,0.8639053106307983,0.06567446142435074,9.299731254577637,1.1909129289782896,0.30683628835573257,0.13687807378475592,0.9228575630121081,0.038726942425296576,0.11506479096696232
task07-init13,arm_actuator_gain_0p5,7,13,fault_influenced,50,60,-0.004403829574584961,0.8114627599716187,0.8158665895462036,0.8998176455497742,0.06690456718206406,9.551534652709961,1.067757595854284,0.22764708293590438,0.16777001748599316,1.1108571658349444,0.0706232546422308,0.2370901981686418
task08-init05,nominal,8,5,pre,10,20,0.016849756240844727,0.6672126054763794,0.6503628492355347,1.1445931196212769,0.12740057706832886,16.859188079833984,0.5538046655529955,1.4864761667603261,1.6253904700469972,0.017212538061046195,0.8432370590878879,1.538761838883341
task08-init05,nominal,8,5,pre,11,21,-0.012279510498046875,0.7350602149963379,0.7473397254943848,1.3142385482788086,0.12814658880233765,16.114503860473633,0.2026667769539905,0.9601074955780451,0.9618305432263681,0.6800770529554866,0.8982079576883085,1.096464968856501
task08-init05,nominal,8,5,pre,12,22,0.02910304069519043,0.6937165260314941,0.6646134853363037,1.238250970840454,0.12898790836334229,15.422983169555664,0.7015115223808539,1.2808560492289542,1.5278811316049812,0.3677471115381413,0.9602017443409879,0.685743982430157
task08-init05,nominal,8,5,pre,13,23,-0.005178093910217285,0.7031232118606567,0.708301305770874,1.1608504056930542,0.1296328902244568,14.860279083251953,0.2882705942098215,1.2078780216291907,1.2289491794854088,0.04960940017645735,1.0077281180830102,0.3515321787515154
task08-init05,nominal,8,5,pre,14,24,0.0034475326538085938,0.9132115840911865,0.9097640514373779,1.3893165588378906,0.13015156984329224,14.459464073181152,0.3922479557646075,0.42200898698092565,0.14955062303167305,0.9886684231524401,1.0459477377395185,0.11347258274400761
task08-init05,nominal,8,5,pre,15,25,0.012859523296356201,0.8385127782821655,0.8256532549858093,1.3888747692108154,0.13052016496658325,14.215354919433594,0.5057045199604118,0.1575119634371031,0.4259737296939516,0.9868525457025356,1.0731081753349965,0.03151332113372714
task08-init05,nominal,8,5,pre,16,26,-0.10188418626785278,0.7818486094474792,0.883732795715332,1.310524344444275,0.13063892722129822,14.164995193481445,0.8774701499532638,0.5971183617198363,0.028567076860660828,0.6648106488252445,1.0818593350874204,0.061423917578455015
task08-init05,nominal,8,5,pre,17,27,-0.1014593243598938,0.8303569555282593,0.9318162798881531,1.2404841184616089,0.13063661754131317,14.294965744018555,0.872348664587905,0.2207856677834441,0.3004420072619704,0.3769259653614178,1.0816891431474422,0.015770638454444545
task08-init05,nominal,8,5,pre,18,28,-0.2041669487953186,0.7708815336227417,0.9750484824180603,1.2562251091003418,0.1304531693458557,14.460298538208008,2.110434700551299,0.6822020539746723,0.5962564143013173,0.4416257866978051,1.0681715110631147,0.1139682039213196
task08-init05,nominal,8,5,pre,19,29,-0.17750638723373413,0.7431681156158447,0.9206745028495789,1.2793024778366089,0.1300818771123886,14.486971855163574,1.789055745855552,0.8972055760356569,0.22420489753455364,0.53648014932454,1.040812333202243,0.12981052244502134
task08-init05,nominal,8,5,pre,20,30,-0.11063182353973389,0.782778263092041,0.8934100866317749,1.1362407207489014,0.12947535514831543,14.350685119628906,0.9829182859949872,0.5899060139744999,0.03764935225174574,0.05154320549967679,0.9961199297639856,0.048864538918022
task08-init05,nominal,8,5,pre,21,31,-0.07621020078659058,0.8314678072929382,0.9076780080795288,1.1450212001800537,0.12835931777954102,14.25753402709961,0.56798384758179,0.2121675665505252,0.13527696490533495,0.01545300867016455,0.9138831843665524,0.006461511499264678
task08-init05,nominal,8,5,pre,22,32,-0.08417528867721558,0.9116408228874207,0.9958161115646362,1.124182105064392,0.1268264800310135,14.215240478515625,0.6639987651384133,0.4098228614354456,0.7383579854011832,0.1011074481993796,0.8009339308844203,0.03158129203804421
task08-init05,nominal,8,5,pre,23,33,-0.15663659572601318,0.9860385656356812,1.1426751613616943,1.169900894165039,0.12493298947811127,14.105283737182617,1.5374814583456489,0.9870081339370997,1.743234447663905,0.08680940877716059,0.6614094804778321,0.09688886975429302
task08-init05,nominal,8,5,pre,24,34,-0.048474788665771484,1.114450216293335,1.1629250049591064,1.2910211086273193,0.12250559031963348,13.814606666564941,0.23364813845373228,1.9832388102899527,1.881793094363991,0.5846469601604738,0.4825432416233957,0.26953326744705
task08-init05,nominal,8,5,pre,25,35,0.010662436485290527,1.1614638566970825,1.150801420211792,1.2822901010513306,0.11962217837572098,13.391233444213867,0.47921980165899675,2.3479754252105214,1.7988380094192176,0.5487601063265661,0.27007507474843817,0.5209910615438581
task08-init05,nominal,8,5,pre,26,36,-0.023298144340515137,0.9721112251281738,0.995409369468689,1.1130375862121582,0.11662235856056213,13.143268585205078,0.0698429795899423,0.8789584064977966,0.7355748708502338,0.14691450032005696,0.04902923409858283,0.6682670184728755
task08-init05,nominal,8,5,pre,27,37,-0.006467461585998535,0.9710625410079956,0.9775300025939941,1.0472300052642822,0.11364299803972244,12.941749572753906,0.2727279495095635,0.8708226081884133,0.613236104820028,0.41740184305633043,0.17050903536682108,0.787956983884809
task08-init05,nominal,8,5,pre,28,38,0.013181090354919434,1.052528738975525,1.0393476486206055,1.0438176393508911,0.11083073914051056,12.714805603027344,0.5095808406038054,1.502845676854183,1.0362205755112905,0.4314276099218239,0.3777341924779361,0.9227478185391854
task08-init05,nominal,8,5,pre,29,39,-0.02550327777862549,1.0246514081954956,1.050154685974121,0.9988740682601929,0.10795602202415466,12.580377578735352,0.043261263459637926,1.2865705027896286,1.1101672439552763,0.6161581066563971,0.5895616690498147,1.002589841295235
task08-init05,nominal,8,5,pre,30,40,-0.020450234413146973,0.8415018320083618,0.8619520664215088,0.8734081983566284,0.1050361916422844,12.25849723815918,0.10417302599241669,0.13432257991891797,0.17760074028504155,1.1318575027668614,0.8047133785138467,1.1937670724742444
task08-init05,nominal,8,5,pre,31,41,-0.06494462490081787,0.8796015977859497,0.9445462226867676,0.803689181804657,0.10196630656719208,12.112866401672363,0.4321832946244925,0.16125928695298292,0.38754606998030894,1.4184219267086244,1.0309220740138774,1.2802628803387328
task08-init05,nominal,8,5,pre,32,42,-0.06764143705368042,0.7343761324882507,0.8020175695419312,0.7263714671134949,0.09902017563581467,11.996627807617188,0.46469193735115544,0.9654146774125791,0.5876998473885697,1.736219099800561,1.2480117755686282,1.3493014942777863
task08-init05,nominal,8,5,pre,33,43,0.015010654926300049,0.7468361854553223,0.7318255305290222,0.6615695953369141,0.09716497361660004,12.09869384765625,0.531635272883503,0.8687483162903208,1.0679857265343833,2.0025726999285993,1.3847148828153855,1.2886805104141996
task08-init05,nominal,8,5,pre,34,44,-0.00819551944732666,0.7423393726348877,0.7505348920822144,0.8484875559806824,0.09669772535562515,12.452272415161133,0.2518971268787444,0.9036350485657048,0.9399677591381207,1.2342882294165725,1.4191447122729615,1.0786764715877664
task08-init05,nominal,8,5,pre,35,45,0.24019074440002441,0.9567532539367676,0.7165625095367432,0.844724178314209,0.0974486768245697,13.157648086547852,3.246062034157593,0.7598097003713378,1.1724222631956076,1.2497567515846142,1.363809822523491,0.6597264743454353
task08-init05,nominal,8,5,pre,36,46,0.06297260522842407,0.7571492195129395,0.6941766142845154,0.8643485903739929,0.09878085553646088,14.500688552856445,1.1097911912298042,0.7887387467391828,1.3255967475513764,1.169094995076393,1.2656464055816525,0.13795740175162516
task08-init05,nominal,8,5,pre,37,47,0.028614819049835205,0.7272693514823914,0.6986545324325562,1.1378767490386963,0.0998644083738327,15.579259872436523,0.6956262689257959,1.0205498089360745,1.2949567934380726,0.04481867713419094,1.1858033274690731,0.778562783668741
task08-init05,nominal,8,5,pre,38,48,0.00767141580581665,0.8924314975738525,0.8847600817680359,1.505523443222046,0.1005609929561615,16.686071395874023,0.443164630907164,0.2607949574142047,0.021537918114234243,1.4663108301819305,1.1344745363841846,1.4359411190745
task08-init05,nominal,8,5,pre,39,49,0.04928326606750488,0.9283012747764587,0.8790180087089539,1.6153415441513062,0.10069999098777771,17.868072509765625,0.9447734552061564,0.5390763455917238,0.060827795514625964,1.9176935717573635,1.124232275635049,2.1379774714649806
task08-init05,nominal,8,5,pre,40,50,-0.09659790992736816,0.9314407110214233,1.0280386209487915,1.6565885543823242,0.10000180453062057,18.756319046020508,0.8137468873875657,0.5634324120208202,0.9588390608263759,2.0872301818637413,1.1756791030654061,2.6655415752607783
task08-init05,nominal,8,5,fault_influenced,41,51,-0.11621856689453125,0.983184814453125,1.0994033813476562,1.6760971546173096,0.09810419380664825,19.239749908447266,1.0502635193416578,0.9648684413454975,1.4471492334642664,2.1674159197689993,1.3155071539326653,2.9526699335189837
task08-init05,nominal,8,5,fault_influenced,42,52,-0.18300402164459229,1.0255273580551147,1.208531379699707,1.7510136365890503,0.09428457915782928,19.78430938720703,1.8553268180600775,1.2933662110967048,2.1938526682839683,2.475343362835726,1.5969607021558554,3.276104950318153
task08-init05,nominal,8,5,fault_influenced,43,53,-0.16738247871398926,1.0181884765625,1.1855709552764893,1.6617002487182617,0.08718756586313248,20.618282318115234,1.6670173885615656,1.2364304203361547,2.0367469938407723,2.10824065813247,2.1199138681767242,3.7714338527415787
task08-init05,nominal,8,5,fault_influenced,44,54,-0.004508376121520996,1.113042950630188,1.117551326751709,1.553356409072876,0.07853972166776657,21.515880584716797,0.2963436875831618,1.9723210998156697,1.571325736037054,1.6629175378260523,2.7571421377927807,4.304552312268486
task08-init05,nominal,8,5,fault_influenced,45,55,0.04794299602508545,1.1014244556427002,1.0534814596176147,1.4798812866210938,0.069108746945858,22.07904052734375,0.9286172094253686,1.8821836312891929,1.1329305434199153,1.3609144806866857,3.452076455186584,4.639034866715991
task08-init05,nominal,8,5,fault_influenced,46,56,0.10244286060333252,0.9966788291931152,0.8942359685897827,1.2595243453979492,0.059128787368535995,21.70072364807129,1.5855842229955002,1.069556383306273,0.04330041251229037,0.4551865595805788,4.187463475191286,4.414337784073017
task08-init05,nominal,8,5,fault_influenced,47,57,0.09737688302993774,0.9770791530609131,0.8797022700309753,1.0475103855133057,0.049813903868198395,20.755859375,1.5245165454340623,0.9175000978408949,0.05614576810476364,0.41624940275353073,4.873843451576155,3.853146208214753
task08-init05,nominal,8,5,fault_influenced,48,58,0.07559835910797119,0.8203892707824707,0.7447909116744995,0.9117950201034546,0.04178919270634651,19.243179321289062,1.2619879697815861,0.29811598216778845,0.9792706874859963,0.9740770577051571,5.465155308301757,2.954706794951685
task08-init05,nominal,8,5,fault_influenced,49,59,0.012019455432891846,0.7357385158538818,0.72371906042099,0.6854463815689087,0.03583870083093643,17.77206802368164,0.49557794662436166,0.9548451683778189,1.1234538847095503,1.904432510486144,5.903625469820611,2.0809566798333883
task08-init05,nominal,8,5,fault_influenced,50,60,0.04873073101043701,0.6592913866043091,0.6105606555938721,0.5708491206169128,0.03254863619804382,16.38098907470703,0.9381129376224198,1.5479297902753764,1.897735195089137,2.3754589204116576,6.146058398256879,1.2547408838008314
task08-init05,arm_actuator_gain_0p5,8,5,pre,10,20,0.016849756240844727,0.6672126054763794,0.6503628492355347,1.1445931196212769,0.12740057706832886,16.859188079833984,0.5538046655529955,1.4864761667603261,1.6253904700469972,0.017212538061046195,0.8432370590878879,1.538761838883341
task08-init05,arm_actuator_gain_0p5,8,5,pre,11,21,-0.012279510498046875,0.7350602149963379,0.7473397254943848,1.3142385482788086,0.12814658880233765,16.114503860473633,0.2026667769539905,0.9601074955780451,0.9618305432263681,0.6800770529554866,0.8982079576883085,1.096464968856501
task08-init05,arm_actuator_gain_0p5,8,5,pre,12,22,0.02910304069519043,0.6937165260314941,0.6646134853363037,1.238250970840454,0.12898790836334229,15.422983169555664,0.7015115223808539,1.2808560492289542,1.5278811316049812,0.3677471115381413,0.9602017443409879,0.685743982430157
task08-init05,arm_actuator_gain_0p5,8,5,pre,13,23,-0.005178093910217285,0.7031232118606567,0.708301305770874,1.1608504056930542,0.1296328902244568,14.860279083251953,0.2882705942098215,1.2078780216291907,1.2289491794854088,0.04960940017645735,1.0077281180830102,0.3515321787515154
task08-init05,arm_actuator_gain_0p5,8,5,pre,14,24,0.0034475326538085938,0.9132115840911865,0.9097640514373779,1.3893165588378906,0.13015156984329224,14.459464073181152,0.3922479557646075,0.42200898698092565,0.14955062303167305,0.9886684231524401,1.0459477377395185,0.11347258274400761
task08-init05,arm_actuator_gain_0p5,8,5,pre,15,25,0.012859523296356201,0.8385127782821655,0.8256532549858093,1.3888747692108154,0.13052016496658325,14.215354919433594,0.5057045199604118,0.1575119634371031,0.4259737296939516,0.9868525457025356,1.0731081753349965,0.03151332113372714
task08-init05,arm_actuator_gain_0p5,8,5,pre,16,26,-0.10188418626785278,0.7818486094474792,0.883732795715332,1.310524344444275,0.13063892722129822,14.164995193481445,0.8774701499532638,0.5971183617198363,0.028567076860660828,0.6648106488252445,1.0818593350874204,0.061423917578455015
task08-init05,arm_actuator_gain_0p5,8,5,pre,17,27,-0.1014593243598938,0.8303569555282593,0.9318162798881531,1.2404841184616089,0.13063661754131317,14.294965744018555,0.872348664587905,0.2207856677834441,0.3004420072619704,0.3769259653614178,1.0816891431474422,0.015770638454444545
task08-init05,arm_actuator_gain_0p5,8,5,pre,18,28,-0.2041669487953186,0.7708815336227417,0.9750484824180603,1.2562251091003418,0.1304531693458557,14.460298538208008,2.110434700551299,0.6822020539746723,0.5962564143013173,0.4416257866978051,1.0681715110631147,0.1139682039213196
task08-init05,arm_actuator_gain_0p5,8,5,pre,19,29,-0.17750638723373413,0.7431681156158447,0.9206745028495789,1.2793024778366089,0.1300818771123886,14.486971855163574,1.789055745855552,0.8972055760356569,0.22420489753455364,0.53648014932454,1.040812333202243,0.12981052244502134
task08-init05,arm_actuator_gain_0p5,8,5,pre,20,30,-0.11063182353973389,0.782778263092041,0.8934100866317749,1.1362407207489014,0.12947535514831543,14.350685119628906,0.9829182859949872,0.5899060139744999,0.03764935225174574,0.05154320549967679,0.9961199297639856,0.048864538918022
task08-init05,arm_actuator_gain_0p5,8,5,pre,21,31,-0.07621020078659058,0.8314678072929382,0.9076780080795288,1.1450212001800537,0.12835931777954102,14.25753402709961,0.56798384758179,0.2121675665505252,0.13527696490533495,0.01545300867016455,0.9138831843665524,0.006461511499264678
task08-init05,arm_actuator_gain_0p5,8,5,pre,22,32,-0.08417528867721558,0.9116408228874207,0.9958161115646362,1.124182105064392,0.1268264800310135,14.215240478515625,0.6639987651384133,0.4098228614354456,0.7383579854011832,0.1011074481993796,0.8009339308844203,0.03158129203804421
task08-init05,arm_actuator_gain_0p5,8,5,pre,23,33,-0.15663659572601318,0.9860385656356812,1.1426751613616943,1.169900894165039,0.12493298947811127,14.105283737182617,1.5374814583456489,0.9870081339370997,1.743234447663905,0.08680940877716059,0.6614094804778321,0.09688886975429302
task08-init05,arm_actuator_gain_0p5,8,5,pre,24,34,-0.048474788665771484,1.114450216293335,1.1629250049591064,1.2910211086273193,0.12250559031963348,13.814606666564941,0.23364813845373228,1.9832388102899527,1.881793094363991,0.5846469601604738,0.4825432416233957,0.26953326744705
task08-init05,arm_actuator_gain_0p5,8,5,pre,25,35,0.010662436485290527,1.1614638566970825,1.150801420211792,1.2822901010513306,0.11962217837572098,13.391233444213867,0.47921980165899675,2.3479754252105214,1.7988380094192176,0.5487601063265661,0.27007507474843817,0.5209910615438581
task08-init05,arm_actuator_gain_0p5,8,5,pre,26,36,-0.023298144340515137,0.9721112251281738,0.995409369468689,1.1130375862121582,0.11662235856056213,13.143268585205078,0.0698429795899423,0.8789584064977966,0.7355748708502338,0.14691450032005696,0.04902923409858283,0.6682670184728755
task08-init05,arm_actuator_gain_0p5,8,5,pre,27,37,-0.006467461585998535,0.9710625410079956,0.9775300025939941,1.0472300052642822,0.11364299803972244,12.941749572753906,0.2727279495095635,0.8708226081884133,0.613236104820028,0.41740184305633043,0.17050903536682108,0.787956983884809
task08-init05,arm_actuator_gain_0p5,8,5,pre,28,38,0.013181090354919434,1.052528738975525,1.0393476486206055,1.0438176393508911,0.11083073914051056,12.714805603027344,0.5095808406038054,1.502845676854183,1.0362205755112905,0.4314276099218239,0.3777341924779361,0.9227478185391854
task08-init05,arm_actuator_gain_0p5,8,5,pre,29,39,-0.02550327777862549,1.0246514081954956,1.050154685974121,0.9988740682601929,0.10795602202415466,12.580377578735352,0.043261263459637926,1.2865705027896286,1.1101672439552763,0.6161581066563971,0.5895616690498147,1.002589841295235
task08-init05,arm_actuator_gain_0p5,8,5,pre,30,40,-0.020450234413146973,0.8415018320083618,0.8619520664215088,0.8734081983566284,0.1050361916422844,12.25849723815918,0.10417302599241669,0.13432257991891797,0.17760074028504155,1.1318575027668614,0.8047133785138467,1.1937670724742444
task08-init05,arm_actuator_gain_0p5,8,5,pre,31,41,-0.06494462490081787,0.8796015977859497,0.9445462226867676,0.803689181804657,0.10196630656719208,12.112866401672363,0.4321832946244925,0.16125928695298292,0.38754606998030894,1.4184219267086244,1.0309220740138774,1.2802628803387328
task08-init05,arm_actuator_gain_0p5,8,5,pre,32,42,-0.06764143705368042,0.7343761324882507,0.8020175695419312,0.7263714671134949,0.09902017563581467,11.996627807617188,0.46469193735115544,0.9654146774125791,0.5876998473885697,1.736219099800561,1.2480117755686282,1.3493014942777863
task08-init05,arm_actuator_gain_0p5,8,5,pre,33,43,0.015010654926300049,0.7468361854553223,0.7318255305290222,0.6615695953369141,0.09716497361660004,12.09869384765625,0.531635272883503,0.8687483162903208,1.0679857265343833,2.0025726999285993,1.3847148828153855,1.2886805104141996
task08-init05,arm_actuator_gain_0p5,8,5,pre,34,44,-0.00819551944732666,0.7423393726348877,0.7505348920822144,0.8484875559806824,0.09669772535562515,12.452272415161133,0.2518971268787444,0.9036350485657048,0.9399677591381207,1.2342882294165725,1.4191447122729615,1.0786764715877664
task08-init05,arm_actuator_gain_0p5,8,5,pre,35,45,0.24019074440002441,0.9567532539367676,0.7165625095367432,0.844724178314209,0.0974486768245697,13.157648086547852,3.246062034157593,0.7598097003713378,1.1724222631956076,1.2497567515846142,1.363809822523491,0.6597264743454353
task08-init05,arm_actuator_gain_0p5,8,5,pre,36,46,0.06297260522842407,0.7571492195129395,0.6941766142845154,0.8643485903739929,0.09878085553646088,14.500688552856445,1.1097911912298042,0.7887387467391828,1.3255967475513764,1.169094995076393,1.2656464055816525,0.13795740175162516
task08-init05,arm_actuator_gain_0p5,8,5,pre,37,47,0.028614819049835205,0.7272693514823914,0.6986545324325562,1.1378767490386963,0.0998644083738327,15.579259872436523,0.6956262689257959,1.0205498089360745,1.2949567934380726,0.04481867713419094,1.1858033274690731,0.778562783668741
task08-init05,arm_actuator_gain_0p5,8,5,pre,38,48,0.00767141580581665,0.8924314975738525,0.8847600817680359,1.505523443222046,0.1005609929561615,16.686071395874023,0.443164630907164,0.2607949574142047,0.021537918114234243,1.4663108301819305,1.1344745363841846,1.4359411190745
task08-init05,arm_actuator_gain_0p5,8,5,pre,39,49,0.04928326606750488,0.9283012747764587,0.8790180087089539,1.6153415441513062,0.10069999098777771,17.868072509765625,0.9447734552061564,0.5390763455917238,0.060827795514625964,1.9176935717573635,1.124232275635049,2.1379774714649806
task08-init05,arm_actuator_gain_0p5,8,5,pre,40,50,-0.09659790992736816,0.9314407110214233,1.0280386209487915,1.6565885543823242,0.10000180453062057,18.756319046020508,0.8137468873875657,0.5634324120208202,0.9588390608263759,2.0872301818637413,1.1756791030654061,2.6655415752607783
task08-init05,arm_actuator_gain_0p5,8,5,fault_influenced,41,51,-0.12183189392089844,1.0146796703338623,1.1365115642547607,1.7135696411132812,0.10079160332679749,19.265132904052734,1.1179292047748817,1.209208743919378,1.7010603108695632,2.3214381942854345,1.1174816946867552,2.96774588009651
task08-init05,arm_actuator_gain_0p5,8,5,fault_influenced,42,52,-0.169141948223114,0.9602462649345398,1.1293882131576538,1.65860116481781,0.09954468160867691,19.80268096923828,1.6882268619762713,0.7869088357768614,1.652319100438148,2.0955025669114313,1.2093628330183683,3.287016546157854
task08-init05,arm_actuator_gain_0p5,8,5,fault_influenced,43,53,-0.14130401611328125,1.0029596090316772,1.1442636251449585,1.6018470525741577,0.09078450500965118,20.181434631347656,1.3526553286579197,1.1182833135695984,1.754103439865371,1.8622274823539098,1.8548684699862,3.511973051085638
task08-init05,arm_actuator_gain_0p5,8,5,fault_influenced,44,54,-0.018970727920532227,1.0671989917755127,1.086169719696045,1.5205758810043335,0.08091583102941513,20.554250717163086,0.12200769346420866,1.616658993592574,1.3565984970838418,1.528180509006,2.582055258018375,3.733402998927771
task08-init05,arm_actuator_gain_0p5,8,5,fault_influenced,45,55,0.031327128410339355,1.0556554794311523,1.024328351020813,1.492602825164795,0.07041966915130615,20.824888229370117,0.7283217222858754,1.5271032480553663,0.9334517052332479,1.4132035195274895,3.355479353098802,3.894145124850406
task08-init05,arm_actuator_gain_0p5,8,5,fault_influenced,46,56,0.0699155330657959,0.9179338812828064,0.8480183482170105,1.314862608909607,0.05984565243124962,20.926626205444336,1.1934845105077327,0.4586450499943111,0.2729415822341797,0.6826421145988354,4.134640289072138,3.9545712587882837
task08-init05,arm_actuator_gain_0p5,8,5,fault_influenced,47,57,0.09368473291397095,0.892103374004364,0.7984186410903931,1.0305485725402832,0.049695029854774475,20.91143035888672,1.4800096305250023,0.25824934131251354,0.612325353922323,0.4859671412416916,4.882602846422449,3.945545855543382
task08-init05,arm_actuator_gain_0p5,8,5,fault_influenced,48,58,0.1170763373374939,0.7999860048294067,0.6829096674919128,0.9560689330101013,0.03980911895632744,20.274192810058594,1.7619830376088341,0.4564065993830304,1.4026903257074264,0.7920990411580742,5.611059760432493,3.567065734731436
task08-init05,arm_actuator_gain_0p5,8,5,fault_influenced,49,59,0.07102608680725098,0.7660889625549316,0.6950628757476807,0.760271430015564,0.03131243586540222,18.867956161499023,1.206871647899338,0.7193833088834063,1.3195325432345433,1.5968808844739442,6.237149516583239,2.731847192422083
task08-init05,arm_actuator_gain_0p5,8,5,fault_influenced,50,60,0.1308201551437378,0.6853694915771484,0.5545493364334106,0.48969969153404236,0.023729108273983,16.883533477783203,1.9276574848591848,1.345613193439823,2.280990134586643,2.7090054984962877,6.795937419075891,1.553221515928393
task08-init16,nominal,8,16,pre,10,20,-0.0037586092948913574,0.7373151779174805,0.7410737872123718,1.3525772094726562,0.11897191405296326,17.65839195251465,0.0444030967339394,0.05928106285869521,0.047475883735979975,1.8945886880923304,1.0439116510406932,3.0140164234384197
task08-init16,nominal,8,16,pre,11,21,0.014007270336151123,0.6530672311782837,0.6390599608421326,1.2384402751922607,0.11910553276538849,16.706777572631836,0.23488629957029566,0.7235498097881775,1.07926497698768,1.238803850162731,1.0600520274394865,2.2191798883520577
task08-init16,nominal,8,16,pre,12,22,0.029904663562774658,0.6385342478752136,0.608629584312439,1.1119630336761475,0.11916407942771912,15.841835021972656,0.4848020622166167,0.8381378440552009,1.3870441450087723,0.5121165788394336,1.067124129465901,1.4967360554842069
task08-init16,nominal,8,16,pre,13,23,-0.0013533234596252441,0.5576147437095642,0.5589680671691895,1.038550853729248,0.11904803663492203,15.17558765411377,0.0065906808658948235,1.476162860862672,1.8893310757702049,0.09031977106583347,1.0531068236550831,0.940252504400648
task08-init16,nominal,8,16,pre,14,24,-0.0017752647399902344,0.5976449847221375,0.5994202494621277,1.038161039352417,0.11891210824251175,14.721596717834473,0.013223829796109612,1.1605369130989425,1.4801892763380096,0.08808005471507908,1.0366874511213715,0.561056277040899
task08-init16,nominal,8,16,pre,15,25,0.007429838180541992,0.6645218133926392,0.6570919752120972,1.1276229619979858,0.11879880726337433,14.324119567871094,0.13148544950699123,0.6332340066305612,0.8968854268984272,0.6020922174990209,1.0230013407223275,0.22906322677635826
task08-init16,nominal,8,16,pre,16,26,0.019951939582824707,0.7394939661026001,0.7195420265197754,1.1848118305206299,0.11869710683822632,14.059576034545898,0.32833976878275106,0.042101998518592865,0.26525259726201894,0.9306764142969282,1.0107165109105996,0.008103067017532972
task08-init16,nominal,8,16,pre,17,27,-0.03477466106414795,0.7547587156295776,0.7895333766937256,1.1712079048156738,0.1185692548751831,13.964776992797852,0.5319924846098197,0.07825578387184895,0.44265450024599234,0.8525137382983381,0.9952727248615699,0.07107789479370401
task08-init16,nominal,8,16,pre,18,28,-0.019378185272216797,0.8193275332450867,0.8387057185173035,1.154036045074463,0.11835360527038574,13.999086380004883,0.28995141946449116,0.5873607440312779,0.939993809910523,0.7538511508691429,0.9692234857355145,0.042420956620983975
task08-init16,nominal,8,16,pre,19,29,-0.10698968172073364,0.7622784376144409,0.8692681193351746,1.1796538829803467,0.11813286691904068,14.089452743530273,1.667252316497592,0.13754644309238054,1.2491082990879008,0.9010409258980165,0.9425595551251067,0.03305760779680173
task08-init16,nominal,8,16,pre,20,30,-0.11514604091644287,0.7792172431945801,0.894363284111023,1.1929301023483276,0.11791859567165375,14.197385787963867,1.7954747677985556,0.27110363460511033,1.50292602390396,0.9773207333191681,0.9166768136924703,0.12320875396746445
task08-init16,nominal,8,16,pre,21,31,-0.046434879302978516,0.6990768313407898,0.7455117106437683,1.1576511859893799,0.11724849045276642,14.271553039550781,0.7152975266527917,0.36077848265677137,0.002589801563329546,0.7746222940046101,0.8357319350648644,0.1851569995115059
task08-init16,nominal,8,16,pre,22,32,-0.10040408372879028,0.5899607539176941,0.6903648376464844,1.1416001319885254,0.1162719875574112,14.289966583251953,1.5637230949971581,1.221124672980925,0.5603567642398106,0.6823994047802445,0.7177759691715073,0.20053692396777895
task08-init16,nominal,8,16,pre,23,33,-0.049310386180877686,0.6215610504150391,0.6708714365959167,1.0236027240753174,0.11518100649118423,14.292070388793945,0.7605020758603566,0.9719662048004152,0.757517083678868,0.00443384076415278,0.5859916948490512,0.20229412892689114
task08-init16,nominal,8,16,pre,24,34,-0.007878661155700684,0.5932102203369141,0.6010888814926147,0.9918005466461182,0.11390353739261627,14.31935977935791,0.10917257738138066,1.195503645169212,1.4633123843424236,0.178288657458738,0.4316807326007671,0.2250876102981493
task08-init16,nominal,8,16,pre,25,35,-0.04173457622528076,0.6444247364997864,0.6861593127250671,0.9806286692619324,0.11243239790201187,14.20737075805664,0.6414061778268448,0.7916931810231127,0.6028923194651208,0.24247776369282784,0.253975494445812,0.1315487067879108
task08-init16,nominal,8,16,pre,26,36,-0.014834582805633545,0.7307271361351013,0.7455617189407349,0.9534287452697754,0.11098471283912659,14.0423583984375,0.21852349040652488,0.11122571467374068,0.0020840072291878555,0.3987575679415904,0.0791034170415763,0.006277974837322691
task08-init16,nominal,8,16,pre,27,37,0.04368704557418823,0.9502019286155701,0.9065148830413818,0.9707540273666382,0.10959530621767044,13.769350051879883,0.7014686856286192,1.6192644756086,1.6258298271238245,0.2992134774715937,0.08872895788739665,0.23430837540171456
task08-init16,nominal,8,16,pre,28,38,0.020618915557861328,0.9162139892578125,0.8955950736999512,1.0413907766342163,0.1081971749663353,13.393044471740723,0.3388249978446388,1.3512801892047543,1.5153846004347968,0.1066368238560542,0.25761521821633543,0.5486178580813547
task08-init16,nominal,8,16,pre,29,39,0.0853276252746582,0.9544069766998291,0.8690793514251709,1.0617523193359375,0.10668957978487015,12.930910110473633,1.3560814944411834,1.652419966392916,1.24719906111862,0.2236260444342204,0.43972409536534074,0.934615886504503
task08-init16,nominal,8,16,pre,30,40,0.05838608741760254,0.8598006963729858,0.8014146089553833,0.9016298055648804,0.10495349764823914,12.62419605255127,0.9325457056217451,0.9064789943367623,0.562823758650998,0.6963734053868955,0.6494328901580284,1.1907990045983157
task08-init16,nominal,8,16,pre,31,41,0.05204200744628906,0.8071364164352417,0.7550944089889526,0.8702635765075684,0.10315844416618347,12.546029090881348,0.8328132802034175,0.4912375956296214,0.09433160593880839,0.8765911199110986,0.8662650862664544,1.2560880106131262
task08-init16,nominal,8,16,pre,32,42,0.012211740016937256,0.780533492565155,0.7683217525482178,0.8517621755599976,0.10134963691234589,12.664758682250977,0.2066595756864434,0.2814818497887422,0.22811571445377343,0.9828927154320258,1.0847586593589427,1.1569190415312627
task08-init16,nominal,8,16,pre,33,43,0.03926008939743042,0.7362644076347351,0.6970043182373047,0.7786325216293335,0.09970347583293915,12.718262672424316,0.6318745003842468,0.06756605835171005,0.49320367428902256,1.4030662425477398,1.283605504627986,1.1122297986386644
task08-init16,nominal,8,16,pre,34,44,-0.03266185522079468,0.7165625095367432,0.7492243647575378,0.67767733335495,0.09853020310401917,12.634710311889648,0.498778015033704,0.22290937137273234,0.03496075562977846,1.9831140789301853,1.4253301412413237,1.1820169625882468
task08-init16,nominal,8,16,pre,35,45,-0.011281728744506836,0.662987470626831,0.6742691993713379,0.6555165648460388,0.09814764559268951,12.562736511230469,0.1626706710417399,0.6453318201186312,0.7231514030856058,2.110440926077751,1.471540901059125,1.2421331268059248
task08-init16,nominal,8,16,pre,36,46,-0.07484537363052368,0.6236552000045776,0.6985005736351013,0.7236618995666504,0.09823859483003616,12.879805564880371,1.1619261188886936,0.9554544893513492,0.47807023546904776,1.7189052889313237,1.4605547532560654,0.9773009917374792
task08-init16,nominal,8,16,pre,37,47,-0.05573028326034546,0.7059857249259949,0.7617160081863403,0.7985706329345703,0.09854218363761902,13.298187255859375,0.8614263879066306,0.30630401458788853,0.1613038397510476,1.28850988817076,1.4238829612898762,0.6278474098755952
task08-init16,nominal,8,16,pre,38,48,-0.00801706314086914,0.7609394788742065,0.7689565420150757,0.9825279712677002,0.0992189571261406,13.75278091430664,0.11134833268805656,0.12698917162178747,0.23453610737225855,0.23156513960769196,1.342132593821135,0.24814775842964534
task08-init16,nominal,8,16,pre,39,49,0.1540442705154419,1.096062183380127,0.9420179128646851,1.194209098815918,0.10036840289831161,14.307445526123047,2.43634494122356,2.7693270279839983,1.984914867382257,0.9846693317067045,1.2032861173351164,0.2151362224676014
task08-init16,nominal,8,16,pre,40,50,0.16048115491867065,0.9363588690757751,0.7758777141571045,1.1607460975646973,0.10183827579021454,15.302632331848145,2.537536303339775,1.510116274731539,0.30453828435898656,0.7924044089582142,1.0257338770606004,1.0463666548236263
task08-init16,nominal,8,16,fault_influenced,41,51,0.09996497631072998,0.9281105995178223,0.8281456232070923,1.3171720504760742,0.10369887202978134,16.224069595336914,1.586188701022419,1.4450812454440087,0.8331868058753034,1.6911649094458308,0.8009844906332168,1.8159977336447175
task08-init16,nominal,8,16,fault_influenced,42,52,-0.05281996726989746,1.0288922786712646,1.081712245941162,2.237028121948242,0.10612359642982483,19.171302795410156,0.8156746203101344,2.2397133084894016,3.3978124557372813,6.976287280675892,0.5080916482333203,4.277676197484434
task08-init16,nominal,8,16,fault_influenced,43,53,-0.14522802829742432,1.0209404230117798,1.166168451309204,2.3618690967559814,0.10565661638975143,20.6669921875,2.2683801498988467,2.177015410212522,4.252020112255431,7.693573222754402,0.5645001667761539,5.5269517434471975
task08-init16,nominal,8,16,fault_influenced,44,54,-0.2404336929321289,0.9909405708312988,1.2313742637634277,2.137868881225586,0.09778149425983429,20.774141311645508,3.7650655464445535,1.9404759456047014,4.911525284257401,6.406558235327786,1.515769888331474,5.6164481196829605
task08-init16,nominal,8,16,fault_influenced,45,55,-0.017326414585113525,0.9679431319236755,0.9852695465087891,2.0985476970672607,0.08856970816850662,21.212844848632812,0.25769645610458386,1.7591483225939581,2.422370901011869,6.180634553891598,2.6285009730767763,5.982875536755054
task08-init16,nominal,8,16,fault_influenced,46,56,-0.020105600357055664,0.9595436453819275,0.9796492457389832,2.005127429962158,0.07869517058134079,21.36724853515625,0.30138678456469475,1.69292099461871,2.3655260081045717,5.643879338683559,3.8212886487556057,6.111841317217475
task08-init16,nominal,8,16,fault_influenced,47,57,-0.09081137180328369,0.8706865310668945,0.9614979028701782,1.8383209705352783,0.06927939504384995,20.863975524902344,1.4129203890104598,0.9923104009322169,2.1819395447174026,4.685476630125303,4.9586604921393915,5.691482205239828
task08-init16,nominal,8,16,fault_influenced,48,58,-0.2342015504837036,0.9072973728179932,1.1414989233016968,1.6995713710784912,0.06042824685573578,20.807104110717773,3.6670928404344676,1.280975453498075,4.002507366390629,3.888277334680457,6.027828580386021,5.643980319232712
task08-init16,nominal,8,16,fault_influenced,49,59,-0.20474165678024292,0.9545246958732605,1.1592663526535034,1.4639590978622437,0.051907896995544434,20.838220596313477,3.2039671130007465,1.653348145308266,4.182210848483154,2.5345441423576225,7.057038122199617,5.669970384239926
task08-init16,nominal,8,16,fault_influenced,50,60,-0.049943506717681885,0.7730006575584412,0.822944164276123,1.1590385437011719,0.04399597644805908,20.765727996826172,0.7704550788179412,0.22208779848650076,0.7805781665866159,0.7825934924419433,8.012752882175459,5.609420892960708
task08-init16,arm_actuator_gain_0p5,8,16,pre,10,20,-0.0037586092948913574,0.7373151779174805,0.7410737872123718,1.3525772094726562,0.11897191405296326,17.65839195251465,0.0444030967339394,0.05928106285869521,0.047475883735979975,1.8945886880923304,1.0439116510406932,3.0140164234384197
task08-init16,arm_actuator_gain_0p5,8,16,pre,11,21,0.014007270336151123,0.6530672311782837,0.6390599608421326,1.2384402751922607,0.11910553276538849,16.706777572631836,0.23488629957029566,0.7235498097881775,1.07926497698768,1.238803850162731,1.0600520274394865,2.2191798883520577
task08-init16,arm_actuator_gain_0p5,8,16,pre,12,22,0.029904663562774658,0.6385342478752136,0.608629584312439,1.1119630336761475,0.11916407942771912,15.841835021972656,0.4848020622166167,0.8381378440552009,1.3870441450087723,0.5121165788394336,1.067124129465901,1.4967360554842069
task08-init16,arm_actuator_gain_0p5,8,16,pre,13,23,-0.0013533234596252441,0.5576147437095642,0.5589680671691895,1.038550853729248,0.11904803663492203,15.17558765411377,0.0065906808658948235,1.476162860862672,1.8893310757702049,0.09031977106583347,1.0531068236550831,0.940252504400648
task08-init16,arm_actuator_gain_0p5,8,16,pre,14,24,-0.0017752647399902344,0.5976449847221375,0.5994202494621277,1.038161039352417,0.11891210824251175,14.721596717834473,0.013223829796109612,1.1605369130989425,1.4801892763380096,0.08808005471507908,1.0366874511213715,0.561056277040899
task08-init16,arm_actuator_gain_0p5,8,16,pre,15,25,0.007429838180541992,0.6645218133926392,0.6570919752120972,1.1276229619979858,0.11879880726337433,14.324119567871094,0.13148544950699123,0.6332340066305612,0.8968854268984272,0.6020922174990209,1.0230013407223275,0.22906322677635826
task08-init16,arm_actuator_gain_0p5,8,16,pre,16,26,0.019951939582824707,0.7394939661026001,0.7195420265197754,1.1848118305206299,0.11869710683822632,14.059576034545898,0.32833976878275106,0.042101998518592865,0.26525259726201894,0.9306764142969282,1.0107165109105996,0.008103067017532972
task08-init16,arm_actuator_gain_0p5,8,16,pre,17,27,-0.03477466106414795,0.7547587156295776,0.7895333766937256,1.1712079048156738,0.1185692548751831,13.964776992797852,0.5319924846098197,0.07825578387184895,0.44265450024599234,0.8525137382983381,0.9952727248615699,0.07107789479370401
task08-init16,arm_actuator_gain_0p5,8,16,pre,18,28,-0.019378185272216797,0.8193275332450867,0.8387057185173035,1.154036045074463,0.11835360527038574,13.999086380004883,0.28995141946449116,0.5873607440312779,0.939993809910523,0.7538511508691429,0.9692234857355145,0.042420956620983975
task08-init16,arm_actuator_gain_0p5,8,16,pre,19,29,-0.10698968172073364,0.7622784376144409,0.8692681193351746,1.1796538829803467,0.11813286691904068,14.089452743530273,1.667252316497592,0.13754644309238054,1.2491082990879008,0.9010409258980165,0.9425595551251067,0.03305760779680173
task08-init16,arm_actuator_gain_0p5,8,16,pre,20,30,-0.11514604091644287,0.7792172431945801,0.894363284111023,1.1929301023483276,0.11791859567165375,14.197385787963867,1.7954747677985556,0.27110363460511033,1.50292602390396,0.9773207333191681,0.9166768136924703,0.12320875396746445
task08-init16,arm_actuator_gain_0p5,8,16,pre,21,31,-0.046434879302978516,0.6990768313407898,0.7455117106437683,1.1576511859893799,0.11724849045276642,14.271553039550781,0.7152975266527917,0.36077848265677137,0.002589801563329546,0.7746222940046101,0.8357319350648644,0.1851569995115059
task08-init16,arm_actuator_gain_0p5,8,16,pre,22,32,-0.10040408372879028,0.5899607539176941,0.6903648376464844,1.1416001319885254,0.1162719875574112,14.289966583251953,1.5637230949971581,1.221124672980925,0.5603567642398106,0.6823994047802445,0.7177759691715073,0.20053692396777895
task08-init16,arm_actuator_gain_0p5,8,16,pre,23,33,-0.049310386180877686,0.6215610504150391,0.6708714365959167,1.0236027240753174,0.11518100649118423,14.292070388793945,0.7605020758603566,0.9719662048004152,0.757517083678868,0.00443384076415278,0.5859916948490512,0.20229412892689114
task08-init16,arm_actuator_gain_0p5,8,16,pre,24,34,-0.007878661155700684,0.5932102203369141,0.6010888814926147,0.9918005466461182,0.11390353739261627,14.31935977935791,0.10917257738138066,1.195503645169212,1.4633123843424236,0.178288657458738,0.4316807326007671,0.2250876102981493
task08-init16,arm_actuator_gain_0p5,8,16,pre,25,35,-0.04173457622528076,0.6444247364997864,0.6861593127250671,0.9806286692619324,0.11243239790201187,14.20737075805664,0.6414061778268448,0.7916931810231127,0.6028923194651208,0.24247776369282784,0.253975494445812,0.1315487067879108
task08-init16,arm_actuator_gain_0p5,8,16,pre,26,36,-0.014834582805633545,0.7307271361351013,0.7455617189407349,0.9534287452697754,0.11098471283912659,14.0423583984375,0.21852349040652488,0.11122571467374068,0.0020840072291878555,0.3987575679415904,0.0791034170415763,0.006277974837322691
task08-init16,arm_actuator_gain_0p5,8,16,pre,27,37,0.04368704557418823,0.9502019286155701,0.9065148830413818,0.9707540273666382,0.10959530621767044,13.769350051879883,0.7014686856286192,1.6192644756086,1.6258298271238245,0.2992134774715937,0.08872895788739665,0.23430837540171456
task08-init16,arm_actuator_gain_0p5,8,16,pre,28,38,0.020618915557861328,0.9162139892578125,0.8955950736999512,1.0413907766342163,0.1081971749663353,13.393044471740723,0.3388249978446388,1.3512801892047543,1.5153846004347968,0.1066368238560542,0.25761521821633543,0.5486178580813547
task08-init16,arm_actuator_gain_0p5,8,16,pre,29,39,0.0853276252746582,0.9544069766998291,0.8690793514251709,1.0617523193359375,0.10668957978487015,12.930910110473633,1.3560814944411834,1.652419966392916,1.24719906111862,0.2236260444342204,0.43972409536534074,0.934615886504503
task08-init16,arm_actuator_gain_0p5,8,16,pre,30,40,0.05838608741760254,0.8598006963729858,0.8014146089553833,0.9016298055648804,0.10495349764823914,12.62419605255127,0.9325457056217451,0.9064789943367623,0.562823758650998,0.6963734053868955,0.6494328901580284,1.1907990045983157
task08-init16,arm_actuator_gain_0p5,8,16,pre,31,41,0.05204200744628906,0.8071364164352417,0.7550944089889526,0.8702635765075684,0.10315844416618347,12.546029090881348,0.8328132802034175,0.4912375956296214,0.09433160593880839,0.8765911199110986,0.8662650862664544,1.2560880106131262
task08-init16,arm_actuator_gain_0p5,8,16,pre,32,42,0.012211740016937256,0.780533492565155,0.7683217525482178,0.8517621755599976,0.10134963691234589,12.664758682250977,0.2066595756864434,0.2814818497887422,0.22811571445377343,0.9828927154320258,1.0847586593589427,1.1569190415312627
task08-init16,arm_actuator_gain_0p5,8,16,pre,33,43,0.03926008939743042,0.7362644076347351,0.6970043182373047,0.7786325216293335,0.09970347583293915,12.718262672424316,0.6318745003842468,0.06756605835171005,0.49320367428902256,1.4030662425477398,1.283605504627986,1.1122297986386644
task08-init16,arm_actuator_gain_0p5,8,16,pre,34,44,-0.03266185522079468,0.7165625095367432,0.7492243647575378,0.67767733335495,0.09853020310401917,12.634710311889648,0.498778015033704,0.22290937137273234,0.03496075562977846,1.9831140789301853,1.4253301412413237,1.1820169625882468
task08-init16,arm_actuator_gain_0p5,8,16,pre,35,45,-0.011281728744506836,0.662987470626831,0.6742691993713379,0.6555165648460388,0.09814764559268951,12.562736511230469,0.1626706710417399,0.6453318201186312,0.7231514030856058,2.110440926077751,1.471540901059125,1.2421331268059248
task08-init16,arm_actuator_gain_0p5,8,16,pre,36,46,-0.07484537363052368,0.6236552000045776,0.6985005736351013,0.7236618995666504,0.09823859483003616,12.879805564880371,1.1619261188886936,0.9554544893513492,0.47807023546904776,1.7189052889313237,1.4605547532560654,0.9773009917374792
task08-init16,arm_actuator_gain_0p5,8,16,pre,37,47,-0.05573028326034546,0.7059857249259949,0.7617160081863403,0.7985706329345703,0.09854218363761902,13.298187255859375,0.8614263879066306,0.30630401458788853,0.1613038397510476,1.28850988817076,1.4238829612898762,0.6278474098755952
task08-init16,arm_actuator_gain_0p5,8,16,pre,38,48,-0.00801706314086914,0.7609394788742065,0.7689565420150757,0.9825279712677002,0.0992189571261406,13.75278091430664,0.11134833268805656,0.12698917162178747,0.23453610737225855,0.23156513960769196,1.342132593821135,0.24814775842964534
task08-init16,arm_actuator_gain_0p5,8,16,pre,39,49,0.1540442705154419,1.096062183380127,0.9420179128646851,1.194209098815918,0.10036840289831161,14.307445526123047,2.43634494122356,2.7693270279839983,1.984914867382257,0.9846693317067045,1.2032861173351164,0.2151362224676014
task08-init16,arm_actuator_gain_0p5,8,16,pre,40,50,0.16048115491867065,0.9363588690757751,0.7758777141571045,1.1607460975646973,0.10183827579021454,15.302632331848145,2.537536303339775,1.510116274731539,0.30453828435898656,0.7924044089582142,1.0257338770606004,1.0463666548236263
task08-init16,arm_actuator_gain_0p5,8,16,fault_influenced,41,51,0.10099083185195923,0.8852455615997314,0.7842547297477722,1.293175458908081,0.10586726665496826,16.387611389160156,1.602315714193478,1.1071038094706367,0.38926516529256894,1.553290162664743,0.539054819284067,1.952596124224189
task08-init16,arm_actuator_gain_0p5,8,16,fault_influenced,42,52,-0.10464990139007568,1.1108825206756592,1.2155324220657349,2.3721930980682373,0.11298777908086777,20.314655303955078,1.630469683179951,2.886180758732491,4.751297596871409,7.752890774693465,0.3210623650557631,5.2326621303221215
task08-init16,arm_actuator_gain_0p5,8,16,fault_influenced,43,53,-0.13841915130615234,1.0621910095214844,1.2006101608276367,2.390902042388916,0.10779330879449844,20.40081024169922,2.161340859759822,2.502263401071378,4.600370737837192,7.860384830815818,0.30639994237564167,5.3046230985932885
task08-init16,arm_actuator_gain_0p5,8,16,fault_influenced,44,54,-0.2398463487625122,0.9945510625839233,1.2343974113464355,2.1479403972625732,0.09941495954990387,20.996780395507812,3.755832173149125,1.9689435454114903,4.942102028748065,6.464425108602965,1.3184566218169498,5.802407560537257
task08-init16,arm_actuator_gain_0p5,8,16,fault_influenced,45,55,-0.024081945419311523,1.0034880638122559,1.0275700092315674,2.17706298828125,0.08978083729743958,21.501436233520508,0.3638971153222154,2.0394090088088275,2.8502065937782715,6.6317517829321995,2.482203499813373,6.223921680307611
task08-init16,arm_actuator_gain_0p5,8,16,fault_influenced,46,56,-0.028535068035125732,0.9916984438896179,1.0202335119247437,2.0676069259643555,0.07951505482196808,21.94904899597168,0.4339026513760757,1.946451537963524,2.776003731546848,6.002861349353891,3.72225132077231,6.597790533793134
task08-init16,arm_actuator_gain_0p5,8,16,fault_influenced,47,57,-0.09827989339828491,0.9797562956809998,1.0780361890792847,2.0182745456695557,0.06902455538511276,22.25455093383789,1.5303296550232925,1.8522914292223318,3.3606320507744036,5.719417368487625,4.98944366568374,6.852961227814856
task08-init16,arm_actuator_gain_0p5,8,16,fault_influenced,48,58,-0.24226164817810059,1.0567941665649414,1.299055814743042,1.8716434240341187,0.05841154232621193,22.215328216552734,3.793802008005766,2.4597109799516588,5.596070591495259,4.876934022116136,6.271434955577525,6.8202004274710815
task08-init16,arm_actuator_gain_0p5,8,16,fault_influenced,49,59,-0.19728213548660278,0.9070178866386414,1.1043000221252441,1.4098994731903076,0.04779928922653198,20.647541046142578,3.086699336674093,1.2787717922656316,3.6262699299522216,2.2239393199350372,7.553334446743046,5.510705164867845
task08-init16,arm_actuator_gain_0p5,8,16,fault_influenced,50,60,-0.052458763122558594,0.8377057909965515,0.8901645541191101,1.2278273105621338,0.03716867417097092,19.79107093811035,0.8099962925071817,0.7322675663317045,1.4604591940112983,1.1778260314242106,8.837451957181168,4.7953379452623475
