rollout_id,pair_id,condition,benchmark_task_id,init_state_index,period,start_index,target_index,commanded_h10_raw_mse,executed_h10_raw_mse,no_action_h10_raw_mse,persistence_h10_raw_mse
task04-init07-nominal,task04-init07,nominal,4,7,pre,10,20,0.8788227438926697,0.8788227438926697,0.8797546625137329,1.467050552368164
task04-init07-nominal,task04-init07,nominal,4,7,pre,11,21,0.864841878414154,0.864841878414154,0.8463115096092224,1.4645957946777344
task04-init07-nominal,task04-init07,nominal,4,7,pre,12,22,0.7702193260192871,0.7702193260192871,0.7433762550354004,1.3448150157928467
task04-init07-nominal,task04-init07,nominal,4,7,pre,13,23,0.7775367498397827,0.7775367498397827,0.785348117351532,1.3161966800689697
task04-init07-nominal,task04-init07,nominal,4,7,pre,14,24,0.8939568400382996,0.8939568400382996,0.870529055595398,1.3496809005737305
task04-init07-nominal,task04-init07,nominal,4,7,pre,15,25,0.8446337580680847,0.8446337580680847,0.8564049005508423,1.3779305219650269
task04-init07-nominal,task04-init07,nominal,4,7,pre,16,26,0.8097314834594727,0.8097314834594727,0.8129396438598633,1.3602250814437866
task04-init07-nominal,task04-init07,nominal,4,7,pre,17,27,0.8451875448226929,0.8451875448226929,0.834563136100769,1.4365686178207397
task04-init07-nominal,task04-init07,nominal,4,7,pre,18,28,0.8418099284172058,0.8418099284172058,0.8558590412139893,1.441319227218628
task04-init07-nominal,task04-init07,nominal,4,7,pre,19,29,0.8641995191574097,0.8641995191574097,0.8836302757263184,1.4843790531158447
task04-init07-nominal,task04-init07,nominal,4,7,pre,20,30,0.882468581199646,0.882468581199646,0.899817168712616,1.3890571594238281
task04-init07-nominal,task04-init07,nominal,4,7,pre,21,31,0.9486075639724731,0.9486075639724731,0.9939786791801453,1.462754249572754
task04-init07-nominal,task04-init07,nominal,4,7,pre,22,32,0.9073283076286316,0.9073283076286316,0.9863373637199402,1.4442094564437866
task04-init07-nominal,task04-init07,nominal,4,7,pre,23,33,0.9292165637016296,0.9292165637016296,1.0636581182479858,1.5571599006652832
task04-init07-nominal,task04-init07,nominal,4,7,pre,24,34,0.9440557360649109,0.9440557360649109,1.0638481378555298,1.4748401641845703
task04-init07-nominal,task04-init07,nominal,4,7,pre,25,35,0.8262879252433777,0.8262879252433777,0.9277107119560242,1.3265199661254883
task04-init07-nominal,task04-init07,nominal,4,7,pre,26,36,0.7753499746322632,0.7753499746322632,0.8157525062561035,1.1462411880493164
task04-init07-nominal,task04-init07,nominal,4,7,pre,27,37,0.7742496728897095,0.7742496728897095,0.7993698120117188,0.9903962016105652
task04-init07-nominal,task04-init07,nominal,4,7,pre,28,38,0.7718545794487,0.7718545794487,0.7564167976379395,1.045247197151184
task04-init07-nominal,task04-init07,nominal,4,7,pre,29,39,0.7768118381500244,0.7768118381500244,0.8009968996047974,0.932127833366394
task04-init07-nominal,task04-init07,nominal,4,7,pre,30,40,0.772996187210083,0.772996187210083,0.8375973701477051,1.1040537357330322
task04-init07-nominal,task04-init07,nominal,4,7,pre,31,41,0.9775307178497314,0.9775307178497314,1.0121525526046753,1.2570886611938477
task04-init07-nominal,task04-init07,nominal,4,7,pre,32,42,1.027567982673645,1.027567982673645,1.0410723686218262,1.3430039882659912
task04-init07-nominal,task04-init07,nominal,4,7,pre,33,43,1.145752191543579,1.145752191543579,1.2019593715667725,1.4480705261230469
task04-init07-nominal,task04-init07,nominal,4,7,pre,34,44,1.0531433820724487,1.0531433820724487,1.1237971782684326,1.4271323680877686
task04-init07-nominal,task04-init07,nominal,4,7,pre,35,45,1.0156707763671875,1.0156707763671875,1.065455675125122,1.3710483312606812
task04-init07-nominal,task04-init07,nominal,4,7,pre,36,46,1.0976117849349976,1.0976117849349976,1.1324777603149414,1.4406425952911377
task04-init07-nominal,task04-init07,nominal,4,7,pre,37,47,1.0784990787506104,1.0784990787506104,1.095430612564087,1.2371456623077393
task04-init07-nominal,task04-init07,nominal,4,7,pre,38,48,1.0429387092590332,1.0429387092590332,1.0588328838348389,1.2798994779586792
task04-init07-nominal,task04-init07,nominal,4,7,pre,39,49,0.8830634355545044,0.8830634355545044,0.8997374773025513,1.0745257139205933
task04-init07-nominal,task04-init07,nominal,4,7,post,50,60,1.0425560474395752,1.0425560474395752,1.0013236999511719,1.320961833000183
task04-init07-nominal,task04-init07,nominal,4,7,post,51,61,1.0656929016113281,1.0656929016113281,0.9773629903793335,1.2766697406768799
task04-init07-nominal,task04-init07,nominal,4,7,post,52,62,1.0837475061416626,1.0837475061416626,0.9781183004379272,1.274425745010376
task04-init07-nominal,task04-init07,nominal,4,7,post,53,63,1.012811303138733,1.012811303138733,0.9076863527297974,1.3598445653915405
task04-init07-nominal,task04-init07,nominal,4,7,post,54,64,1.0542867183685303,1.0542867183685303,0.9297199249267578,1.4618709087371826
task04-init07-nominal,task04-init07,nominal,4,7,post,55,65,1.0636690855026245,1.0636690855026245,0.9814469218254089,1.4963505268096924
task04-init07-nominal,task04-init07,nominal,4,7,post,56,66,1.0301917791366577,1.0301917791366577,0.9305406808853149,1.452559471130371
task04-init07-nominal,task04-init07,nominal,4,7,post,57,67,1.0161328315734863,1.0161328315734863,0.9248561859130859,1.5084972381591797
task04-init07-nominal,task04-init07,nominal,4,7,post,58,68,0.8980681300163269,0.8980681300163269,0.8971760272979736,1.3163533210754395
task04-init07-nominal,task04-init07,nominal,4,7,post,59,69,0.8631460666656494,0.8631460666656494,0.8249675631523132,1.2646300792694092
task04-init07-nominal,task04-init07,nominal,4,7,post,60,70,0.7659968137741089,0.7659968137741089,0.8033584356307983,1.191772222518921
task04-init07-nominal,task04-init07,nominal,4,7,post,61,71,0.7028953433036804,0.7028953433036804,0.6730685234069824,1.179098129272461
task04-init07-nominal,task04-init07,nominal,4,7,post,62,72,0.6834856271743774,0.6834856271743774,0.6362027525901794,1.1189477443695068
task04-init07-nominal,task04-init07,nominal,4,7,post,63,73,0.667571485042572,0.667571485042572,0.6779978275299072,1.0265988111495972
task04-init07-nominal,task04-init07,nominal,4,7,post,64,74,0.7535750269889832,0.7535750269889832,0.7309625148773193,1.0540648698806763
task04-init07-nominal,task04-init07,nominal,4,7,post,65,75,0.7106187343597412,0.7106187343597412,0.7161116600036621,0.9752800464630127
task04-init07-nominal,task04-init07,nominal,4,7,post,66,76,0.7955421805381775,0.7955421805381775,0.8003038763999939,1.0235264301300049
task04-init07-nominal,task04-init07,nominal,4,7,post,67,77,0.9695975184440613,0.9695975184440613,0.9580516815185547,1.1431806087493896
task04-init07-nominal,task04-init07,nominal,4,7,post,68,78,0.903712272644043,0.903712272644043,0.9046751856803894,1.1301944255828857
task04-init07-nominal,task04-init07,nominal,4,7,post,69,79,0.8494281768798828,0.8494281768798828,0.8473440408706665,1.2443783283233643
task04-init07-nominal,task04-init07,nominal,4,7,post,70,80,0.8061665296554565,0.8061665296554565,0.7678839564323425,1.171505331993103
task04-init07-nominal,task04-init07,nominal,4,7,post,71,81,0.7273489832878113,0.7273489832878113,0.7062903642654419,1.0694321393966675
task04-init07-nominal,task04-init07,nominal,4,7,post,72,82,0.7534730434417725,0.7534730434417725,0.7495197653770447,1.094862699508667
task04-init07-nominal,task04-init07,nominal,4,7,post,73,83,0.6996469497680664,0.6996469497680664,0.7165963053703308,0.9909979701042175
task04-init07-nominal,task04-init07,nominal,4,7,post,74,84,0.753929078578949,0.753929078578949,0.781348466873169,1.0759761333465576
task04-init07-nominal,task04-init07,nominal,4,7,post,75,85,0.7320278882980347,0.7320278882980347,0.7555469274520874,1.039570689201355
task04-init07-nominal,task04-init07,nominal,4,7,post,76,86,0.7145923376083374,0.7145923376083374,0.7386155128479004,0.9331232905387878
task04-init07-nominal,task04-init07,nominal,4,7,post,77,87,0.7457022666931152,0.7457022666931152,0.769789457321167,0.9213833808898926
task04-init07-nominal,task04-init07,nominal,4,7,post,78,88,0.6758722066879272,0.6758722066879272,0.7232925295829773,0.8941227197647095
task04-init07-nominal,task04-init07,nominal,4,7,post,79,89,0.6855963468551636,0.6855963468551636,0.7314081192016602,0.910158634185791
task04-init07-motion_attenuation_0p5,task04-init07,motion_attenuation_0p5,4,7,pre,10,20,0.8788227438926697,0.8788227438926697,0.8797546625137329,1.467050552368164
task04-init07-motion_attenuation_0p5,task04-init07,motion_attenuation_0p5,4,7,pre,11,21,0.864841878414154,0.864841878414154,0.8463115096092224,1.4645957946777344
task04-init07-motion_attenuation_0p5,task04-init07,motion_attenuation_0p5,4,7,pre,12,22,0.7702193260192871,0.7702193260192871,0.7433762550354004,1.3448150157928467
task04-init07-motion_attenuation_0p5,task04-init07,motion_attenuation_0p5,4,7,pre,13,23,0.7775367498397827,0.7775367498397827,0.785348117351532,1.3161966800689697
task04-init07-motion_attenuation_0p5,task04-init07,motion_attenuation_0p5,4,7,pre,14,24,0.8939568400382996,0.8939568400382996,0.870529055595398,1.3496809005737305
task04-init07-motion_attenuation_0p5,task04-init07,motion_attenuation_0p5,4,7,pre,15,25,0.8446337580680847,0.8446337580680847,0.8564049005508423,1.3779305219650269
task04-init07-motion_attenuation_0p5,task04-init07,motion_attenuation_0p5,4,7,pre,16,26,0.8097314834594727,0.8097314834594727,0.8129396438598633,1.3602250814437866
task04-init07-motion_attenuation_0p5,task04-init07,motion_attenuation_0p5,4,7,pre,17,27,0.8451875448226929,0.8451875448226929,0.834563136100769,1.4365686178207397
task04-init07-motion_attenuation_0p5,task04-init07,motion_attenuation_0p5,4,7,pre,18,28,0.8418099284172058,0.8418099284172058,0.8558590412139893,1.441319227218628
task04-init07-motion_attenuation_0p5,task04-init07,motion_attenuation_0p5,4,7,pre,19,29,0.8641995191574097,0.8641995191574097,0.8836302757263184,1.4843790531158447
task04-init07-motion_attenuation_0p5,task04-init07,motion_attenuation_0p5,4,7,pre,20,30,0.882468581199646,0.882468581199646,0.899817168712616,1.3890571594238281
task04-init07-motion_attenuation_0p5,task04-init07,motion_attenuation_0p5,4,7,pre,21,31,0.9486075639724731,0.9486075639724731,0.9939786791801453,1.462754249572754
task04-init07-motion_attenuation_0p5,task04-init07,motion_attenuation_0p5,4,7,pre,22,32,0.9073283076286316,0.9073283076286316,0.9863373637199402,1.4442094564437866
task04-init07-motion_attenuation_0p5,task04-init07,motion_attenuation_0p5,4,7,pre,23,33,0.9292165637016296,0.9292165637016296,1.0636581182479858,1.5571599006652832
task04-init07-motion_attenuation_0p5,task04-init07,motion_attenuation_0p5,4,7,pre,24,34,0.9440557360649109,0.9440557360649109,1.0638481378555298,1.4748401641845703
task04-init07-motion_attenuation_0p5,task04-init07,motion_attenuation_0p5,4,7,pre,25,35,0.8262879252433777,0.8262879252433777,0.9277107119560242,1.3265199661254883
task04-init07-motion_attenuation_0p5,task04-init07,motion_attenuation_0p5,4,7,pre,26,36,0.7753499746322632,0.7753499746322632,0.8157525062561035,1.1462411880493164
task04-init07-motion_attenuation_0p5,task04-init07,motion_attenuation_0p5,4,7,pre,27,37,0.7742496728897095,0.7742496728897095,0.7993698120117188,0.9903962016105652
task04-init07-motion_attenuation_0p5,task04-init07,motion_attenuation_0p5,4,7,pre,28,38,0.7718545794487,0.7718545794487,0.7564167976379395,1.045247197151184
task04-init07-motion_attenuation_0p5,task04-init07,motion_attenuation_0p5,4,7,pre,29,39,0.7768118381500244,0.7768118381500244,0.8009968996047974,0.932127833366394
task04-init07-motion_attenuation_0p5,task04-init07,motion_attenuation_0p5,4,7,pre,30,40,0.772996187210083,0.772996187210083,0.8375973701477051,1.1040537357330322
task04-init07-motion_attenuation_0p5,task04-init07,motion_attenuation_0p5,4,7,pre,31,41,0.9775307178497314,0.9775307178497314,1.0121525526046753,1.2570886611938477
task04-init07-motion_attenuation_0p5,task04-init07,motion_attenuation_0p5,4,7,pre,32,42,1.027567982673645,1.027567982673645,1.0410723686218262,1.3430039882659912
task04-init07-motion_attenuation_0p5,task04-init07,motion_attenuation_0p5,4,7,pre,33,43,1.145752191543579,1.145752191543579,1.2019593715667725,1.4480705261230469
task04-init07-motion_attenuation_0p5,task04-init07,motion_attenuation_0p5,4,7,pre,34,44,1.0531433820724487,1.0531433820724487,1.1237971782684326,1.4271323680877686
task04-init07-motion_attenuation_0p5,task04-init07,motion_attenuation_0p5,4,7,pre,35,45,1.0156707763671875,1.0156707763671875,1.065455675125122,1.3710483312606812
task04-init07-motion_attenuation_0p5,task04-init07,motion_attenuation_0p5,4,7,pre,36,46,1.0976117849349976,1.0976117849349976,1.1324777603149414,1.4406425952911377
task04-init07-motion_attenuation_0p5,task04-init07,motion_attenuation_0p5,4,7,pre,37,47,1.0784990787506104,1.0784990787506104,1.095430612564087,1.2371456623077393
task04-init07-motion_attenuation_0p5,task04-init07,motion_attenuation_0p5,4,7,pre,38,48,1.0429387092590332,1.0429387092590332,1.0588328838348389,1.2798994779586792
task04-init07-motion_attenuation_0p5,task04-init07,motion_attenuation_0p5,4,7,pre,39,49,0.8830634355545044,0.8830634355545044,0.8997374773025513,1.0745257139205933
task04-init07-motion_attenuation_0p5,task04-init07,motion_attenuation_0p5,4,7,post,50,60,0.9314720034599304,0.8541402816772461,0.8622162342071533,0.9579979181289673
task04-init07-motion_attenuation_0p5,task04-init07,motion_attenuation_0p5,4,7,post,51,61,0.9436763525009155,0.8591299057006836,0.8402771949768066,0.9796478748321533
task04-init07-motion_attenuation_0p5,task04-init07,motion_attenuation_0p5,4,7,post,52,62,1.0746897459030151,1.024644374847412,0.9375554323196411,1.11946439743042
task04-init07-motion_attenuation_0p5,task04-init07,motion_attenuation_0p5,4,7,post,53,63,1.1829495429992676,1.08782958984375,1.0488756895065308,1.237583041191101
task04-init07-motion_attenuation_0p5,task04-init07,motion_attenuation_0p5,4,7,post,54,64,1.2124526500701904,1.0992217063903809,0.9534599184989929,1.298530101776123
task04-init07-motion_attenuation_0p5,task04-init07,motion_attenuation_0p5,4,7,post,55,65,1.1986141204833984,1.0799152851104736,0.9816945791244507,1.2423670291900635
task04-init07-motion_attenuation_0p5,task04-init07,motion_attenuation_0p5,4,7,post,56,66,1.1652841567993164,1.0598671436309814,0.9547449946403503,1.167330026626587
task04-init07-motion_attenuation_0p5,task04-init07,motion_attenuation_0p5,4,7,post,57,67,1.2195963859558105,1.1129645109176636,0.9910456538200378,1.1450092792510986
task04-init07-motion_attenuation_0p5,task04-init07,motion_attenuation_0p5,4,7,post,58,68,1.240602731704712,1.1072114706039429,0.9721872210502625,1.010571837425232
task04-init07-motion_attenuation_0p5,task04-init07,motion_attenuation_0p5,4,7,post,59,69,0.9449109435081482,0.8389347791671753,0.8077234029769897,0.8950064182281494
task04-init07-motion_attenuation_0p5,task04-init07,motion_attenuation_0p5,4,7,post,60,70,0.9473739862442017,0.86863774061203,0.8083199858665466,0.9234673380851746
task04-init07-motion_attenuation_0p5,task04-init07,motion_attenuation_0p5,4,7,post,61,71,0.9188071489334106,0.858749270439148,0.8091930150985718,0.8830770254135132
task04-init07-motion_attenuation_0p5,task04-init07,motion_attenuation_0p5,4,7,post,62,72,0.8393120169639587,0.8427135348320007,0.7846819162368774,0.9114331007003784
task04-init07-motion_attenuation_0p5,task04-init07,motion_attenuation_0p5,4,7,post,63,73,0.8134745359420776,0.8115643858909607,0.7682318687438965,0.8974570631980896
task04-init07-motion_attenuation_0p5,task04-init07,motion_attenuation_0p5,4,7,post,64,74,0.7132431864738464,0.7279185056686401,0.7155202627182007,0.9501253962516785
task04-init07-motion_attenuation_0p5,task04-init07,motion_attenuation_0p5,4,7,post,65,75,0.666742205619812,0.6580523252487183,0.6446743011474609,0.9493944048881531
task04-init07-motion_attenuation_0p5,task04-init07,motion_attenuation_0p5,4,7,post,66,76,0.6298500895500183,0.6234815120697021,0.6155568957328796,0.9444601535797119
task04-init07-motion_attenuation_0p5,task04-init07,motion_attenuation_0p5,4,7,post,67,77,0.649233877658844,0.6498920917510986,0.6484206914901733,1.0459463596343994
task04-init07-motion_attenuation_0p5,task04-init07,motion_attenuation_0p5,4,7,post,68,78,0.7258892059326172,0.6944858431816101,0.692563533782959,0.8820440173149109
task04-init07-motion_attenuation_0p5,task04-init07,motion_attenuation_0p5,4,7,post,69,79,0.5648193359375,0.5339858531951904,0.5468933582305908,0.7193211317062378
task04-init07-motion_attenuation_0p5,task04-init07,motion_attenuation_0p5,4,7,post,70,80,0.5585426688194275,0.5275753736495972,0.5469714403152466,0.631086528301239
task04-init07-motion_attenuation_0p5,task04-init07,motion_attenuation_0p5,4,7,post,71,81,0.4925791919231415,0.4801003336906433,0.49971744418144226,0.5939574837684631
task04-init07-motion_attenuation_0p5,task04-init07,motion_attenuation_0p5,4,7,post,72,82,0.48892807960510254,0.47389206290245056,0.5119127631187439,0.5707118511199951
task04-init07-motion_attenuation_0p5,task04-init07,motion_attenuation_0p5,4,7,post,73,83,0.48226070404052734,0.479769229888916,0.5097450613975525,0.5773192644119263
task04-init07-motion_attenuation_0p5,task04-init07,motion_attenuation_0p5,4,7,post,74,84,0.540368378162384,0.5479521155357361,0.5641757249832153,0.6435425281524658
task04-init07-motion_attenuation_0p5,task04-init07,motion_attenuation_0p5,4,7,post,75,85,0.576259970664978,0.5784460306167603,0.5845651626586914,0.6349588632583618
task04-init07-motion_attenuation_0p5,task04-init07,motion_attenuation_0p5,4,7,post,76,86,0.5928592681884766,0.6119092106819153,0.5933957695960999,0.6249877214431763
task04-init07-motion_attenuation_0p5,task04-init07,motion_attenuation_0p5,4,7,post,77,87,0.5511735677719116,0.5565695762634277,0.5696675777435303,0.5913113355636597
task04-init07-motion_attenuation_0p5,task04-init07,motion_attenuation_0p5,4,7,post,78,88,0.5509936213493347,0.549694299697876,0.5612366795539856,0.6223267912864685
task04-init07-motion_attenuation_0p5,task04-init07,motion_attenuation_0p5,4,7,post,79,89,0.5562570691108704,0.5684358477592468,0.561748743057251,0.5391398668289185
task04-init07-action_delay_3,task04-init07,action_delay_3,4,7,pre,10,20,0.8788227438926697,0.8788227438926697,0.8797546625137329,1.467050552368164
task04-init07-action_delay_3,task04-init07,action_delay_3,4,7,pre,11,21,0.864841878414154,0.864841878414154,0.8463115096092224,1.4645957946777344
task04-init07-action_delay_3,task04-init07,action_delay_3,4,7,pre,12,22,0.7702193260192871,0.7702193260192871,0.7433762550354004,1.3448150157928467
task04-init07-action_delay_3,task04-init07,action_delay_3,4,7,pre,13,23,0.7775367498397827,0.7775367498397827,0.785348117351532,1.3161966800689697
task04-init07-action_delay_3,task04-init07,action_delay_3,4,7,pre,14,24,0.8939568400382996,0.8939568400382996,0.870529055595398,1.3496809005737305
task04-init07-action_delay_3,task04-init07,action_delay_3,4,7,pre,15,25,0.8446337580680847,0.8446337580680847,0.8564049005508423,1.3779305219650269
task04-init07-action_delay_3,task04-init07,action_delay_3,4,7,pre,16,26,0.8097314834594727,0.8097314834594727,0.8129396438598633,1.3602250814437866
task04-init07-action_delay_3,task04-init07,action_delay_3,4,7,pre,17,27,0.8451875448226929,0.8451875448226929,0.834563136100769,1.4365686178207397
task04-init07-action_delay_3,task04-init07,action_delay_3,4,7,pre,18,28,0.8418099284172058,0.8418099284172058,0.8558590412139893,1.441319227218628
task04-init07-action_delay_3,task04-init07,action_delay_3,4,7,pre,19,29,0.8641995191574097,0.8641995191574097,0.8836302757263184,1.4843790531158447
task04-init07-action_delay_3,task04-init07,action_delay_3,4,7,pre,20,30,0.882468581199646,0.882468581199646,0.899817168712616,1.3890571594238281
task04-init07-action_delay_3,task04-init07,action_delay_3,4,7,pre,21,31,0.9486075639724731,0.9486075639724731,0.9939786791801453,1.462754249572754
task04-init07-action_delay_3,task04-init07,action_delay_3,4,7,pre,22,32,0.9073283076286316,0.9073283076286316,0.9863373637199402,1.4442094564437866
task04-init07-action_delay_3,task04-init07,action_delay_3,4,7,pre,23,33,0.9292165637016296,0.9292165637016296,1.0636581182479858,1.5571599006652832
task04-init07-action_delay_3,task04-init07,action_delay_3,4,7,pre,24,34,0.9440557360649109,0.9440557360649109,1.0638481378555298,1.4748401641845703
task04-init07-action_delay_3,task04-init07,action_delay_3,4,7,pre,25,35,0.8262879252433777,0.8262879252433777,0.9277107119560242,1.3265199661254883
task04-init07-action_delay_3,task04-init07,action_delay_3,4,7,pre,26,36,0.7753499746322632,0.7753499746322632,0.8157525062561035,1.1462411880493164
task04-init07-action_delay_3,task04-init07,action_delay_3,4,7,pre,27,37,0.7742496728897095,0.7742496728897095,0.7993698120117188,0.9903962016105652
task04-init07-action_delay_3,task04-init07,action_delay_3,4,7,pre,28,38,0.7718545794487,0.7718545794487,0.7564167976379395,1.045247197151184
task04-init07-action_delay_3,task04-init07,action_delay_3,4,7,pre,29,39,0.7768118381500244,0.7768118381500244,0.8009968996047974,0.932127833366394
task04-init07-action_delay_3,task04-init07,action_delay_3,4,7,pre,30,40,0.772996187210083,0.772996187210083,0.8375973701477051,1.1040537357330322
task04-init07-action_delay_3,task04-init07,action_delay_3,4,7,pre,31,41,0.9775307178497314,0.9775307178497314,1.0121525526046753,1.2570886611938477
task04-init07-action_delay_3,task04-init07,action_delay_3,4,7,pre,32,42,1.027567982673645,1.027567982673645,1.0410723686218262,1.3430039882659912
task04-init07-action_delay_3,task04-init07,action_delay_3,4,7,pre,33,43,1.145752191543579,1.145752191543579,1.2019593715667725,1.4480705261230469
task04-init07-action_delay_3,task04-init07,action_delay_3,4,7,pre,34,44,1.0531433820724487,1.0531433820724487,1.1237971782684326,1.4271323680877686
task04-init07-action_delay_3,task04-init07,action_delay_3,4,7,pre,35,45,1.0156707763671875,1.0156707763671875,1.065455675125122,1.3710483312606812
task04-init07-action_delay_3,task04-init07,action_delay_3,4,7,pre,36,46,1.0976117849349976,1.0976117849349976,1.1324777603149414,1.4406425952911377
task04-init07-action_delay_3,task04-init07,action_delay_3,4,7,pre,37,47,1.0784990787506104,1.0784990787506104,1.095430612564087,1.2371456623077393
task04-init07-action_delay_3,task04-init07,action_delay_3,4,7,pre,38,48,1.0429387092590332,1.0429387092590332,1.0588328838348389,1.2798994779586792
task04-init07-action_delay_3,task04-init07,action_delay_3,4,7,pre,39,49,0.8830634355545044,0.8830634355545044,0.8997374773025513,1.0745257139205933
task04-init07-action_delay_3,task04-init07,action_delay_3,4,7,post,50,60,0.9937494993209839,0.9474033117294312,0.9387234449386597,1.091660499572754
task04-init07-action_delay_3,task04-init07,action_delay_3,4,7,post,51,61,0.9727837443351746,0.9540292620658875,0.9113339185714722,1.1483145952224731
task04-init07-action_delay_3,task04-init07,action_delay_3,4,7,post,52,62,1.1112422943115234,1.084960699081421,0.9566119909286499,1.2423293590545654
task04-init07-action_delay_3,task04-init07,action_delay_3,4,7,post,53,63,1.0734758377075195,1.026954174041748,0.9442434310913086,1.2946856021881104
task04-init07-action_delay_3,task04-init07,action_delay_3,4,7,post,54,64,1.0718441009521484,1.0649670362472534,0.9437650442123413,1.3390936851501465
task04-init07-action_delay_3,task04-init07,action_delay_3,4,7,post,55,65,1.2191057205200195,1.126178503036499,0.9682997465133667,1.2553315162658691
task04-init07-action_delay_3,task04-init07,action_delay_3,4,7,post,56,66,0.9294948577880859,0.884404182434082,0.8937346339225769,1.2239594459533691
task04-init07-action_delay_3,task04-init07,action_delay_3,4,7,post,57,67,0.9582425355911255,0.9051403403282166,0.90483558177948,1.3431541919708252
task04-init07-action_delay_3,task04-init07,action_delay_3,4,7,post,58,68,1.055691123008728,1.008744716644287,0.9526013731956482,1.2955594062805176
task04-init07-action_delay_3,task04-init07,action_delay_3,4,7,post,59,69,1.1064313650131226,1.0573585033416748,1.017494559288025,1.2466342449188232
task04-init07-action_delay_3,task04-init07,action_delay_3,4,7,post,60,70,0.9871053695678711,0.9789385795593262,0.9017127752304077,1.198362112045288
task04-init07-action_delay_3,task04-init07,action_delay_3,4,7,post,61,71,0.9182814955711365,0.9130743741989136,0.8777169585227966,1.2135357856750488
task04-init07-action_delay_3,task04-init07,action_delay_3,4,7,post,62,72,0.7365567088127136,0.740475058555603,0.739747941493988,1.0998581647872925
task04-init07-action_delay_3,task04-init07,action_delay_3,4,7,post,63,73,0.7882968783378601,0.809065580368042,0.7714797258377075,1.103623867034912
task04-init07-action_delay_3,task04-init07,action_delay_3,4,7,post,64,74,0.7882487773895264,0.7812479734420776,0.7376092672348022,1.153272271156311
task04-init07-action_delay_3,task04-init07,action_delay_3,4,7,post,65,75,0.7388327121734619,0.7376366853713989,0.7158107161521912,1.1642926931381226
task04-init07-action_delay_3,task04-init07,action_delay_3,4,7,post,66,76,0.7551635503768921,0.7596189975738525,0.7223266363143921,1.0127527713775635
task04-init07-action_delay_3,task04-init07,action_delay_3,4,7,post,67,77,0.6889525651931763,0.6930166482925415,0.6880267858505249,0.8958244323730469
task04-init07-action_delay_3,task04-init07,action_delay_3,4,7,post,68,78,0.7307183742523193,0.7341737151145935,0.7362181544303894,0.8579422831535339
task04-init07-action_delay_3,task04-init07,action_delay_3,4,7,post,69,79,0.7219716906547546,0.7242827415466309,0.7171485424041748,0.851653516292572
task04-init07-action_delay_3,task04-init07,action_delay_3,4,7,post,70,80,0.719113826751709,0.7237147688865662,0.7353037595748901,0.8261662721633911
task04-init07-action_delay_3,task04-init07,action_delay_3,4,7,post,71,81,0.7173222303390503,0.7268549799919128,0.7235455513000488,0.8701812624931335
task04-init07-action_delay_3,task04-init07,action_delay_3,4,7,post,72,82,0.7484733462333679,0.7545498609542847,0.7553668022155762,0.8723931312561035
task04-init07-action_delay_3,task04-init07,action_delay_3,4,7,post,73,83,0.8117836713790894,0.8183791041374207,0.7907160520553589,1.0696085691452026
task04-init07-action_delay_3,task04-init07,action_delay_3,4,7,post,74,84,0.7919694781303406,0.7955417633056641,0.7921596765518188,1.0363423824310303
task04-init07-action_delay_3,task04-init07,action_delay_3,4,7,post,75,85,0.7587360143661499,0.7842206954956055,0.7461406588554382,1.1017764806747437
task04-init07-action_delay_3,task04-init07,action_delay_3,4,7,post,76,86,0.715021014213562,0.7132394313812256,0.700789213180542,0.9689174890518188
task04-init07-action_delay_3,task04-init07,action_delay_3,4,7,post,77,87,0.7097999453544617,0.7057496905326843,0.7018159627914429,0.9376541376113892
task04-init07-action_delay_3,task04-init07,action_delay_3,4,7,post,78,88,0.7427921295166016,0.7415181994438171,0.7324385643005371,0.9696504473686218
task04-init07-action_delay_3,task04-init07,action_delay_3,4,7,post,79,89,0.7293381690979004,0.7287106513977051,0.7349865436553955,1.0158487558364868
task04-init12-nominal,task04-init12,nominal,4,12,pre,10,20,0.7102541327476501,0.7102541327476501,0.6810891032218933,1.2313698530197144
task04-init12-nominal,task04-init12,nominal,4,12,pre,11,21,0.7434978485107422,0.7434978485107422,0.7140246629714966,1.1944739818572998
task04-init12-nominal,task04-init12,nominal,4,12,pre,12,22,0.7936090230941772,0.7936090230941772,0.8127926588058472,1.2114697694778442
task04-init12-nominal,task04-init12,nominal,4,12,pre,13,23,0.7478730082511902,0.7478730082511902,0.8216752409934998,1.262298822402954
task04-init12-nominal,task04-init12,nominal,4,12,pre,14,24,0.8082853555679321,0.8082853555679321,0.8283815383911133,1.326931118965149
task04-init12-nominal,task04-init12,nominal,4,12,pre,15,25,0.8514443635940552,0.8514443635940552,0.8679377436637878,1.2827504873275757
task04-init12-nominal,task04-init12,nominal,4,12,pre,16,26,0.7817622423171997,0.7817622423171997,0.7940773963928223,1.3071058988571167
task04-init12-nominal,task04-init12,nominal,4,12,pre,17,27,0.7456711530685425,0.7456711530685425,0.7380215525627136,1.2873797416687012
task04-init12-nominal,task04-init12,nominal,4,12,pre,18,28,0.7895673513412476,0.7895673513412476,0.8513790369033813,1.3074514865875244
task04-init12-nominal,task04-init12,nominal,4,12,pre,19,29,0.7114194631576538,0.7114194631576538,0.7786951065063477,1.2681336402893066
task04-init12-nominal,task04-init12,nominal,4,12,pre,20,30,0.7584099173545837,0.7584099173545837,0.7923083305358887,1.2871818542480469
task04-init12-nominal,task04-init12,nominal,4,12,pre,21,31,0.7597222328186035,0.7597222328186035,0.786920428276062,1.3266093730926514
task04-init12-nominal,task04-init12,nominal,4,12,pre,22,32,0.7727208137512207,0.7727208137512207,0.8415660262107849,1.391166090965271
task04-init12-nominal,task04-init12,nominal,4,12,pre,23,33,0.7640294432640076,0.7640294432640076,0.8205235004425049,1.289517879486084
task04-init12-nominal,task04-init12,nominal,4,12,pre,24,34,0.7634133100509644,0.7634133100509644,0.810727059841156,1.2773211002349854
task04-init12-nominal,task04-init12,nominal,4,12,pre,25,35,0.8210654258728027,0.8210654258728027,0.8493840098381042,1.2338743209838867
task04-init12-nominal,task04-init12,nominal,4,12,pre,26,36,0.7823575735092163,0.7823575735092163,0.857320249080658,1.1524938344955444
task04-init12-nominal,task04-init12,nominal,4,12,pre,27,37,0.8315542936325073,0.8315542936325073,0.9222111701965332,1.196120262145996
task04-init12-nominal,task04-init12,nominal,4,12,pre,28,38,0.8036723136901855,0.8036723136901855,0.847004771232605,1.1021575927734375
task04-init12-nominal,task04-init12,nominal,4,12,pre,29,39,0.7566656470298767,0.7566656470298767,0.7828900218009949,0.8925063014030457
task04-init12-nominal,task04-init12,nominal,4,12,pre,30,40,0.6841883659362793,0.6841883659362793,0.7133423686027527,0.7513052821159363
task04-init12-nominal,task04-init12,nominal,4,12,pre,31,41,0.6638981699943542,0.6638981699943542,0.6659168004989624,0.7211650609970093
task04-init12-nominal,task04-init12,nominal,4,12,pre,32,42,0.6324272155761719,0.6324272155761719,0.6713952422142029,0.6752674579620361
task04-init12-nominal,task04-init12,nominal,4,12,pre,33,43,0.643606960773468,0.643606960773468,0.6575393676757812,0.6696754693984985
task04-init12-nominal,task04-init12,nominal,4,12,pre,34,44,0.6115080714225769,0.6115080714225769,0.6289035677909851,0.7460330724716187
task04-init12-nominal,task04-init12,nominal,4,12,pre,35,45,0.6667180061340332,0.6667180061340332,0.6562570929527283,0.7954275608062744
task04-init12-nominal,task04-init12,nominal,4,12,pre,36,46,0.7678133845329285,0.7678133845329285,0.7282041907310486,0.9444233775138855
task04-init12-nominal,task04-init12,nominal,4,12,pre,37,47,0.7374681234359741,0.7374681234359741,0.6996811628341675,1.0204811096191406
task04-init12-nominal,task04-init12,nominal,4,12,pre,38,48,0.7991666197776794,0.7991666197776794,0.7797001600265503,1.080552101135254
task04-init12-nominal,task04-init12,nominal,4,12,pre,39,49,0.8325905799865723,0.8325905799865723,0.8073806762695312,1.1697120666503906
task04-init12-nominal,task04-init12,nominal,4,12,post,50,60,0.7393099665641785,0.7393099665641785,0.749674916267395,0.6189128756523132
task04-init12-nominal,task04-init12,nominal,4,12,post,51,61,0.7897453308105469,0.7897453308105469,0.7837318181991577,0.9701387286186218
task04-init12-nominal,task04-init12,nominal,4,12,post,52,62,0.8184172511100769,0.8184172511100769,0.8034531474113464,0.8324899673461914
task04-init12-nominal,task04-init12,nominal,4,12,post,53,63,0.8382939100265503,0.8382939100265503,0.8614416122436523,1.0091218948364258
task04-init12-nominal,task04-init12,nominal,4,12,post,54,64,0.861935555934906,0.861935555934906,0.831826388835907,0.9393134117126465
task04-init12-nominal,task04-init12,nominal,4,12,post,55,65,0.7795958518981934,0.7795958518981934,0.7498793601989746,0.8356597423553467
task04-init12-nominal,task04-init12,nominal,4,12,post,56,66,0.8133531808853149,0.8133531808853149,0.7784556746482849,0.8637701272964478
task04-init12-nominal,task04-init12,nominal,4,12,post,57,67,0.833376407623291,0.833376407623291,0.8051378726959229,0.9414209127426147
task04-init12-nominal,task04-init12,nominal,4,12,post,58,68,0.8057620525360107,0.8057620525360107,0.799301266670227,0.9974703788757324
task04-init12-nominal,task04-init12,nominal,4,12,post,59,69,0.7215742468833923,0.7215742468833923,0.6874122619628906,0.977264404296875
task04-init12-nominal,task04-init12,nominal,4,12,post,60,70,0.6455799341201782,0.6455799341201782,0.6424950361251831,1.08817458152771
task04-init12-nominal,task04-init12,nominal,4,12,post,61,71,0.605931282043457,0.605931282043457,0.5858834981918335,1.1043586730957031
task04-init12-nominal,task04-init12,nominal,4,12,post,62,72,0.6585043668746948,0.6585043668746948,0.617397665977478,1.157945990562439
task04-init12-nominal,task04-init12,nominal,4,12,post,63,73,0.6667816042900085,0.6667816042900085,0.6222020983695984,1.1700704097747803
task04-init12-nominal,task04-init12,nominal,4,12,post,64,74,0.6382064819335938,0.6382064819335938,0.6239849925041199,1.1311819553375244
task04-init12-nominal,task04-init12,nominal,4,12,post,65,75,0.6709262728691101,0.6709262728691101,0.6558150053024292,0.958073079586029
task04-init12-nominal,task04-init12,nominal,4,12,post,66,76,0.7045023441314697,0.7045023441314697,0.6915102005004883,0.9433736801147461
task04-init12-nominal,task04-init12,nominal,4,12,post,67,77,0.7252776026725769,0.7252776026725769,0.7027078866958618,0.9906689524650574
task04-init12-nominal,task04-init12,nominal,4,12,post,68,78,0.7287632822990417,0.7287632822990417,0.7522088885307312,1.055108904838562
task04-init12-nominal,task04-init12,nominal,4,12,post,69,79,0.8027548789978027,0.8027548789978027,0.832548975944519,1.1443203687667847
task04-init12-nominal,task04-init12,nominal,4,12,post,70,80,0.8493432998657227,0.8493432998657227,0.8919534683227539,1.1433990001678467
task04-init12-nominal,task04-init12,nominal,4,12,post,71,81,0.9283444881439209,0.9283444881439209,0.9428058862686157,1.2094143629074097
task04-init12-nominal,task04-init12,nominal,4,12,post,72,82,0.8844743967056274,0.8844743967056274,0.8720215559005737,1.1785086393356323
task04-init12-nominal,task04-init12,nominal,4,12,post,73,83,0.7814412117004395,0.7814412117004395,0.7843443751335144,1.0341660976409912
task04-init12-nominal,task04-init12,nominal,4,12,post,74,84,0.8127266764640808,0.8127266764640808,0.8293194770812988,1.2048285007476807
task04-init12-nominal,task04-init12,nominal,4,12,post,75,85,0.8474670648574829,0.8474670648574829,0.8307291865348816,1.1171467304229736
task04-init12-nominal,task04-init12,nominal,4,12,post,76,86,0.8112074136734009,0.8112074136734009,0.7941293716430664,1.0709011554718018
task04-init12-nominal,task04-init12,nominal,4,12,post,77,87,0.7472113370895386,0.7472113370895386,0.7271612882614136,0.8687261343002319
task04-init12-nominal,task04-init12,nominal,4,12,post,78,88,0.7360877394676208,0.7360877394676208,0.7400581240653992,0.8158403635025024
task04-init12-nominal,task04-init12,nominal,4,12,post,79,89,0.7455242872238159,0.7455242872238159,0.7576460838317871,0.8300792574882507
task04-init12-motion_attenuation_0p5,task04-init12,motion_attenuation_0p5,4,12,pre,10,20,0.7102541327476501,0.7102541327476501,0.6810891032218933,1.2313698530197144
task04-init12-motion_attenuation_0p5,task04-init12,motion_attenuation_0p5,4,12,pre,11,21,0.7434978485107422,0.7434978485107422,0.7140246629714966,1.1944739818572998
task04-init12-motion_attenuation_0p5,task04-init12,motion_attenuation_0p5,4,12,pre,12,22,0.7936090230941772,0.7936090230941772,0.8127926588058472,1.2114697694778442
task04-init12-motion_attenuation_0p5,task04-init12,motion_attenuation_0p5,4,12,pre,13,23,0.7478730082511902,0.7478730082511902,0.8216752409934998,1.262298822402954
task04-init12-motion_attenuation_0p5,task04-init12,motion_attenuation_0p5,4,12,pre,14,24,0.8082853555679321,0.8082853555679321,0.8283815383911133,1.326931118965149
task04-init12-motion_attenuation_0p5,task04-init12,motion_attenuation_0p5,4,12,pre,15,25,0.8514443635940552,0.8514443635940552,0.8679377436637878,1.2827504873275757
task04-init12-motion_attenuation_0p5,task04-init12,motion_attenuation_0p5,4,12,pre,16,26,0.7817622423171997,0.7817622423171997,0.7940773963928223,1.3071058988571167
task04-init12-motion_attenuation_0p5,task04-init12,motion_attenuation_0p5,4,12,pre,17,27,0.7456711530685425,0.7456711530685425,0.7380215525627136,1.2873797416687012
task04-init12-motion_attenuation_0p5,task04-init12,motion_attenuation_0p5,4,12,pre,18,28,0.7895673513412476,0.7895673513412476,0.8513790369033813,1.3074514865875244
task04-init12-motion_attenuation_0p5,task04-init12,motion_attenuation_0p5,4,12,pre,19,29,0.7114194631576538,0.7114194631576538,0.7786951065063477,1.2681336402893066
task04-init12-motion_attenuation_0p5,task04-init12,motion_attenuation_0p5,4,12,pre,20,30,0.7584099173545837,0.7584099173545837,0.7923083305358887,1.2871818542480469
task04-init12-motion_attenuation_0p5,task04-init12,motion_attenuation_0p5,4,12,pre,21,31,0.7597222328186035,0.7597222328186035,0.786920428276062,1.3266093730926514
task04-init12-motion_attenuation_0p5,task04-init12,motion_attenuation_0p5,4,12,pre,22,32,0.7727208137512207,0.7727208137512207,0.8415660262107849,1.391166090965271
task04-init12-motion_attenuation_0p5,task04-init12,motion_attenuation_0p5,4,12,pre,23,33,0.7640294432640076,0.7640294432640076,0.8205235004425049,1.289517879486084
task04-init12-motion_attenuation_0p5,task04-init12,motion_attenuation_0p5,4,12,pre,24,34,0.7634133100509644,0.7634133100509644,0.810727059841156,1.2773211002349854
task04-init12-motion_attenuation_0p5,task04-init12,motion_attenuation_0p5,4,12,pre,25,35,0.8210654258728027,0.8210654258728027,0.8493840098381042,1.2338743209838867
task04-init12-motion_attenuation_0p5,task04-init12,motion_attenuation_0p5,4,12,pre,26,36,0.7823575735092163,0.7823575735092163,0.857320249080658,1.1524938344955444
task04-init12-motion_attenuation_0p5,task04-init12,motion_attenuation_0p5,4,12,pre,27,37,0.8315542936325073,0.8315542936325073,0.9222111701965332,1.196120262145996
task04-init12-motion_attenuation_0p5,task04-init12,motion_attenuation_0p5,4,12,pre,28,38,0.8036723136901855,0.8036723136901855,0.847004771232605,1.1021575927734375
task04-init12-motion_attenuation_0p5,task04-init12,motion_attenuation_0p5,4,12,pre,29,39,0.7566656470298767,0.7566656470298767,0.7828900218009949,0.8925063014030457
task04-init12-motion_attenuation_0p5,task04-init12,motion_attenuation_0p5,4,12,pre,30,40,0.6841883659362793,0.6841883659362793,0.7133423686027527,0.7513052821159363
task04-init12-motion_attenuation_0p5,task04-init12,motion_attenuation_0p5,4,12,pre,31,41,0.6638981699943542,0.6638981699943542,0.6659168004989624,0.7211650609970093
task04-init12-motion_attenuation_0p5,task04-init12,motion_attenuation_0p5,4,12,pre,32,42,0.6324272155761719,0.6324272155761719,0.6713952422142029,0.6752674579620361
task04-init12-motion_attenuation_0p5,task04-init12,motion_attenuation_0p5,4,12,pre,33,43,0.643606960773468,0.643606960773468,0.6575393676757812,0.6696754693984985
task04-init12-motion_attenuation_0p5,task04-init12,motion_attenuation_0p5,4,12,pre,34,44,0.6115080714225769,0.6115080714225769,0.6289035677909851,0.7460330724716187
task04-init12-motion_attenuation_0p5,task04-init12,motion_attenuation_0p5,4,12,pre,35,45,0.6667180061340332,0.6667180061340332,0.6562570929527283,0.7954275608062744
task04-init12-motion_attenuation_0p5,task04-init12,motion_attenuation_0p5,4,12,pre,36,46,0.7678133845329285,0.7678133845329285,0.7282041907310486,0.9444233775138855
task04-init12-motion_attenuation_0p5,task04-init12,motion_attenuation_0p5,4,12,pre,37,47,0.7374681234359741,0.7374681234359741,0.6996811628341675,1.0204811096191406
task04-init12-motion_attenuation_0p5,task04-init12,motion_attenuation_0p5,4,12,pre,38,48,0.7991666197776794,0.7991666197776794,0.7797001600265503,1.080552101135254
task04-init12-motion_attenuation_0p5,task04-init12,motion_attenuation_0p5,4,12,pre,39,49,0.8325905799865723,0.8325905799865723,0.8073806762695312,1.1697120666503906
task04-init12-motion_attenuation_0p5,task04-init12,motion_attenuation_0p5,4,12,post,50,60,0.7027601003646851,0.7077783346176147,0.7099320292472839,0.4817636013031006
task04-init12-motion_attenuation_0p5,task04-init12,motion_attenuation_0p5,4,12,post,51,61,0.7829138040542603,0.7846802473068237,0.7822369337081909,0.7485389709472656
task04-init12-motion_attenuation_0p5,task04-init12,motion_attenuation_0p5,4,12,post,52,62,0.7666270136833191,0.7628619074821472,0.7537708282470703,0.7656514048576355
task04-init12-motion_attenuation_0p5,task04-init12,motion_attenuation_0p5,4,12,post,53,63,0.7138813734054565,0.7053297758102417,0.7112888097763062,0.609704852104187
task04-init12-motion_attenuation_0p5,task04-init12,motion_attenuation_0p5,4,12,post,54,64,0.7865419387817383,0.7746290564537048,0.7714856863021851,0.6738645434379578
task04-init12-motion_attenuation_0p5,task04-init12,motion_attenuation_0p5,4,12,post,55,65,0.8213343620300293,0.8010262250900269,0.7738102674484253,0.7315601110458374
task04-init12-motion_attenuation_0p5,task04-init12,motion_attenuation_0p5,4,12,post,56,66,0.8958298563957214,0.8614829778671265,0.8254594802856445,0.8009654879570007
task04-init12-motion_attenuation_0p5,task04-init12,motion_attenuation_0p5,4,12,post,57,67,0.8942945003509521,0.8355693817138672,0.8022052049636841,0.8402208685874939
task04-init12-motion_attenuation_0p5,task04-init12,motion_attenuation_0p5,4,12,post,58,68,0.8834792375564575,0.8385814428329468,0.8046590685844421,0.8164629340171814
task04-init12-motion_attenuation_0p5,task04-init12,motion_attenuation_0p5,4,12,post,59,69,0.9128500819206238,0.8785034418106079,0.8679736852645874,0.7906533479690552
task04-init12-motion_attenuation_0p5,task04-init12,motion_attenuation_0p5,4,12,post,60,70,0.8357944488525391,0.7760821580886841,0.7765558958053589,0.8442535400390625
task04-init12-motion_attenuation_0p5,task04-init12,motion_attenuation_0p5,4,12,post,61,71,0.8671379089355469,0.8087563514709473,0.7924126386642456,0.8638056516647339
task04-init12-motion_attenuation_0p5,task04-init12,motion_attenuation_0p5,4,12,post,62,72,0.8361538648605347,0.7691125869750977,0.7925938367843628,0.8894557952880859
task04-init12-motion_attenuation_0p5,task04-init12,motion_attenuation_0p5,4,12,post,63,73,0.788785457611084,0.7051318883895874,0.7116634249687195,0.9094033241271973
task04-init12-motion_attenuation_0p5,task04-init12,motion_attenuation_0p5,4,12,post,64,74,0.7806092500686646,0.6939316987991333,0.6938492655754089,0.7674736976623535
task04-init12-motion_attenuation_0p5,task04-init12,motion_attenuation_0p5,4,12,post,65,75,0.781369149684906,0.6611940860748291,0.6657540202140808,0.7471115589141846
task04-init12-motion_attenuation_0p5,task04-init12,motion_attenuation_0p5,4,12,post,66,76,0.6594383120536804,0.5895834565162659,0.6016275882720947,0.7562057971954346
task04-init12-motion_attenuation_0p5,task04-init12,motion_attenuation_0p5,4,12,post,67,77,0.6205655336380005,0.5961372256278992,0.6038094758987427,0.7943021655082703
task04-init12-motion_attenuation_0p5,task04-init12,motion_attenuation_0p5,4,12,post,68,78,0.6013259291648865,0.5673340559005737,0.5845022201538086,0.7242608070373535
task04-init12-motion_attenuation_0p5,task04-init12,motion_attenuation_0p5,4,12,post,69,79,0.6085032224655151,0.5856917500495911,0.6137639284133911,0.7469323873519897
task04-init12-motion_attenuation_0p5,task04-init12,motion_attenuation_0p5,4,12,post,70,80,0.5673967599868774,0.5462634563446045,0.5798996090888977,0.6372441053390503
task04-init12-motion_attenuation_0p5,task04-init12,motion_attenuation_0p5,4,12,post,71,81,0.557725191116333,0.5338147878646851,0.5615505576133728,0.6621224284172058
task04-init12-motion_attenuation_0p5,task04-init12,motion_attenuation_0p5,4,12,post,72,82,0.5783671736717224,0.5598465800285339,0.6055784225463867,0.6818007230758667
task04-init12-motion_attenuation_0p5,task04-init12,motion_attenuation_0p5,4,12,post,73,83,0.5599666833877563,0.5367704629898071,0.5649661421775818,0.62921541929245
task04-init12-motion_attenuation_0p5,task04-init12,motion_attenuation_0p5,4,12,post,74,84,0.5308615565299988,0.5503180027008057,0.5733330249786377,0.5578679442405701
task04-init12-motion_attenuation_0p5,task04-init12,motion_attenuation_0p5,4,12,post,75,85,0.5261811017990112,0.5425477623939514,0.5689359903335571,0.5756481885910034
task04-init12-motion_attenuation_0p5,task04-init12,motion_attenuation_0p5,4,12,post,76,86,0.5781348943710327,0.6054060459136963,0.6087884306907654,0.6263446807861328
task04-init12-motion_attenuation_0p5,task04-init12,motion_attenuation_0p5,4,12,post,77,87,0.5791193246841431,0.5891257524490356,0.6379187107086182,0.5622037649154663
task04-init12-motion_attenuation_0p5,task04-init12,motion_attenuation_0p5,4,12,post,78,88,0.6412124037742615,0.6589681506156921,0.6912266612052917,0.635977029800415
task04-init12-motion_attenuation_0p5,task04-init12,motion_attenuation_0p5,4,12,post,79,89,0.5801719427108765,0.5839481353759766,0.6404536366462708,0.5951032042503357
task04-init12-action_delay_3,task04-init12,action_delay_3,4,12,pre,10,20,0.7102541327476501,0.7102541327476501,0.6810891032218933,1.2313698530197144
task04-init12-action_delay_3,task04-init12,action_delay_3,4,12,pre,11,21,0.7434978485107422,0.7434978485107422,0.7140246629714966,1.1944739818572998
task04-init12-action_delay_3,task04-init12,action_delay_3,4,12,pre,12,22,0.7936090230941772,0.7936090230941772,0.8127926588058472,1.2114697694778442
task04-init12-action_delay_3,task04-init12,action_delay_3,4,12,pre,13,23,0.7478730082511902,0.7478730082511902,0.8216752409934998,1.262298822402954
task04-init12-action_delay_3,task04-init12,action_delay_3,4,12,pre,14,24,0.8082853555679321,0.8082853555679321,0.8283815383911133,1.326931118965149
task04-init12-action_delay_3,task04-init12,action_delay_3,4,12,pre,15,25,0.8514443635940552,0.8514443635940552,0.8679377436637878,1.2827504873275757
task04-init12-action_delay_3,task04-init12,action_delay_3,4,12,pre,16,26,0.7817622423171997,0.7817622423171997,0.7940773963928223,1.3071058988571167
task04-init12-action_delay_3,task04-init12,action_delay_3,4,12,pre,17,27,0.7456711530685425,0.7456711530685425,0.7380215525627136,1.2873797416687012
task04-init12-action_delay_3,task04-init12,action_delay_3,4,12,pre,18,28,0.7895673513412476,0.7895673513412476,0.8513790369033813,1.3074514865875244
task04-init12-action_delay_3,task04-init12,action_delay_3,4,12,pre,19,29,0.7114194631576538,0.7114194631576538,0.7786951065063477,1.2681336402893066
task04-init12-action_delay_3,task04-init12,action_delay_3,4,12,pre,20,30,0.7584099173545837,0.7584099173545837,0.7923083305358887,1.2871818542480469
task04-init12-action_delay_3,task04-init12,action_delay_3,4,12,pre,21,31,0.7597222328186035,0.7597222328186035,0.786920428276062,1.3266093730926514
task04-init12-action_delay_3,task04-init12,action_delay_3,4,12,pre,22,32,0.7727208137512207,0.7727208137512207,0.8415660262107849,1.391166090965271
task04-init12-action_delay_3,task04-init12,action_delay_3,4,12,pre,23,33,0.7640294432640076,0.7640294432640076,0.8205235004425049,1.289517879486084
task04-init12-action_delay_3,task04-init12,action_delay_3,4,12,pre,24,34,0.7634133100509644,0.7634133100509644,0.810727059841156,1.2773211002349854
task04-init12-action_delay_3,task04-init12,action_delay_3,4,12,pre,25,35,0.8210654258728027,0.8210654258728027,0.8493840098381042,1.2338743209838867
task04-init12-action_delay_3,task04-init12,action_delay_3,4,12,pre,26,36,0.7823575735092163,0.7823575735092163,0.857320249080658,1.1524938344955444
task04-init12-action_delay_3,task04-init12,action_delay_3,4,12,pre,27,37,0.8315542936325073,0.8315542936325073,0.9222111701965332,1.196120262145996
task04-init12-action_delay_3,task04-init12,action_delay_3,4,12,pre,28,38,0.8036723136901855,0.8036723136901855,0.847004771232605,1.1021575927734375
task04-init12-action_delay_3,task04-init12,action_delay_3,4,12,pre,29,39,0.7566656470298767,0.7566656470298767,0.7828900218009949,0.8925063014030457
task04-init12-action_delay_3,task04-init12,action_delay_3,4,12,pre,30,40,0.6841883659362793,0.6841883659362793,0.7133423686027527,0.7513052821159363
task04-init12-action_delay_3,task04-init12,action_delay_3,4,12,pre,31,41,0.6638981699943542,0.6638981699943542,0.6659168004989624,0.7211650609970093
task04-init12-action_delay_3,task04-init12,action_delay_3,4,12,pre,32,42,0.6324272155761719,0.6324272155761719,0.6713952422142029,0.6752674579620361
task04-init12-action_delay_3,task04-init12,action_delay_3,4,12,pre,33,43,0.643606960773468,0.643606960773468,0.6575393676757812,0.6696754693984985
task04-init12-action_delay_3,task04-init12,action_delay_3,4,12,pre,34,44,0.6115080714225769,0.6115080714225769,0.6289035677909851,0.7460330724716187
task04-init12-action_delay_3,task04-init12,action_delay_3,4,12,pre,35,45,0.6667180061340332,0.6667180061340332,0.6562570929527283,0.7954275608062744
task04-init12-action_delay_3,task04-init12,action_delay_3,4,12,pre,36,46,0.7678133845329285,0.7678133845329285,0.7282041907310486,0.9444233775138855
task04-init12-action_delay_3,task04-init12,action_delay_3,4,12,pre,37,47,0.7374681234359741,0.7374681234359741,0.6996811628341675,1.0204811096191406
task04-init12-action_delay_3,task04-init12,action_delay_3,4,12,pre,38,48,0.7991666197776794,0.7991666197776794,0.7797001600265503,1.080552101135254
task04-init12-action_delay_3,task04-init12,action_delay_3,4,12,pre,39,49,0.8325905799865723,0.8325905799865723,0.8073806762695312,1.1697120666503906
task04-init12-action_delay_3,task04-init12,action_delay_3,4,12,post,50,60,0.8580155372619629,0.9009796977043152,0.8394075632095337,0.8895572423934937
task04-init12-action_delay_3,task04-init12,action_delay_3,4,12,post,51,61,0.8952197432518005,0.9284355640411377,0.8725919723510742,1.164758563041687
task04-init12-action_delay_3,task04-init12,action_delay_3,4,12,post,52,62,0.8091780543327332,0.8298805952072144,0.8195263743400574,0.9916502237319946
task04-init12-action_delay_3,task04-init12,action_delay_3,4,12,post,53,63,0.7211076617240906,0.7248252630233765,0.7197098135948181,0.7807043790817261
task04-init12-action_delay_3,task04-init12,action_delay_3,4,12,post,54,64,0.6726334095001221,0.6516517400741577,0.7065649032592773,0.6840011477470398
task04-init12-action_delay_3,task04-init12,action_delay_3,4,12,post,55,65,0.6809453964233398,0.652726411819458,0.6862530708312988,0.6239153146743774
task04-init12-action_delay_3,task04-init12,action_delay_3,4,12,post,56,66,0.6452184915542603,0.6178354024887085,0.6370572447776794,0.6070220470428467
task04-init12-action_delay_3,task04-init12,action_delay_3,4,12,post,57,67,0.722356915473938,0.6661299467086792,0.6858559846878052,0.5878088474273682
task04-init12-action_delay_3,task04-init12,action_delay_3,4,12,post,58,68,0.7465752363204956,0.6868032217025757,0.701870322227478,0.5950843095779419
task04-init12-action_delay_3,task04-init12,action_delay_3,4,12,post,59,69,0.7601543664932251,0.7203854918479919,0.7148444056510925,0.7097651958465576
task04-init12-action_delay_3,task04-init12,action_delay_3,4,12,post,60,70,0.7103313207626343,0.681337833404541,0.6642966270446777,0.6205982565879822
task04-init12-action_delay_3,task04-init12,action_delay_3,4,12,post,61,71,0.6765403747558594,0.6554304361343384,0.627823531627655,0.7068173289299011
task04-init12-action_delay_3,task04-init12,action_delay_3,4,12,post,62,72,0.6725618243217468,0.6577945947647095,0.6337014436721802,0.6983755826950073
task04-init12-action_delay_3,task04-init12,action_delay_3,4,12,post,63,73,0.690055787563324,0.6703389883041382,0.6391867399215698,0.7500151991844177
task04-init12-action_delay_3,task04-init12,action_delay_3,4,12,post,64,74,0.6218165159225464,0.6086630821228027,0.5849488973617554,0.8311569094657898
task04-init12-action_delay_3,task04-init12,action_delay_3,4,12,post,65,75,0.614808201789856,0.6068228483200073,0.593185544013977,0.8933042287826538
task04-init12-action_delay_3,task04-init12,action_delay_3,4,12,post,66,76,0.5944379568099976,0.5916855931282043,0.571408212184906,0.826575756072998
task04-init12-action_delay_3,task04-init12,action_delay_3,4,12,post,67,77,0.6461359858512878,0.6392297744750977,0.6158139705657959,0.8671978712081909
task04-init12-action_delay_3,task04-init12,action_delay_3,4,12,post,68,78,0.6665650010108948,0.6693034172058105,0.6436421871185303,0.8060545325279236
task04-init12-action_delay_3,task04-init12,action_delay_3,4,12,post,69,79,0.6911827921867371,0.6982377767562866,0.6675045490264893,0.8323763608932495
task04-init12-action_delay_3,task04-init12,action_delay_3,4,12,post,70,80,0.6393975615501404,0.6556147336959839,0.640007734298706,0.8449149131774902
task04-init12-action_delay_3,task04-init12,action_delay_3,4,12,post,71,81,0.6731275916099548,0.6754622459411621,0.6829338073730469,0.8695697784423828
task04-init12-action_delay_3,task04-init12,action_delay_3,4,12,post,72,82,0.6821243166923523,0.6863746643066406,0.7258987426757812,0.9590071439743042
task04-init12-action_delay_3,task04-init12,action_delay_3,4,12,post,73,83,0.7228288054466248,0.7225799560546875,0.7498143911361694,0.9724342823028564
task04-init12-action_delay_3,task04-init12,action_delay_3,4,12,post,74,84,0.7620503306388855,0.7642966508865356,0.7998806834220886,1.0498502254486084
task04-init12-action_delay_3,task04-init12,action_delay_3,4,12,post,75,85,0.747125506401062,0.7472842931747437,0.7881194949150085,1.0298093557357788
task04-init12-action_delay_3,task04-init12,action_delay_3,4,12,post,76,86,0.7266117334365845,0.7279896140098572,0.7444186210632324,0.9956566095352173
task04-init12-action_delay_3,task04-init12,action_delay_3,4,12,post,77,87,0.7067438960075378,0.7059364318847656,0.7184532880783081,1.0220263004302979
task04-init12-action_delay_3,task04-init12,action_delay_3,4,12,post,78,88,0.6629023551940918,0.6608182787895203,0.6475815773010254,0.8896841406822205
task04-init12-action_delay_3,task04-init12,action_delay_3,4,12,post,79,89,0.7013760805130005,0.7000340223312378,0.6966063380241394,0.8488463163375854
task07-init05-nominal,task07-init05,nominal,7,5,pre,10,20,0.5834133625030518,0.5834133625030518,0.5997126698493958,0.5263992547988892
task07-init05-nominal,task07-init05,nominal,7,5,pre,11,21,0.6137140989303589,0.6137140989303589,0.6196943521499634,0.5298259258270264
task07-init05-nominal,task07-init05,nominal,7,5,pre,12,22,0.7560925483703613,0.7560925483703613,0.7152218818664551,0.8058377504348755
task07-init05-nominal,task07-init05,nominal,7,5,pre,13,23,0.6950836181640625,0.6950836181640625,0.6884469985961914,0.7798691987991333
task07-init05-nominal,task07-init05,nominal,7,5,pre,14,24,0.6830765008926392,0.6830765008926392,0.681876540184021,0.7392823696136475
task07-init05-nominal,task07-init05,nominal,7,5,pre,15,25,0.7389492392539978,0.7389492392539978,0.7490784525871277,0.7271026968955994
task07-init05-nominal,task07-init05,nominal,7,5,pre,16,26,0.7023049592971802,0.7023049592971802,0.7187346816062927,0.7274207472801208
task07-init05-nominal,task07-init05,nominal,7,5,pre,17,27,0.7288324236869812,0.7288324236869812,0.8866332769393921,0.7938446998596191
task07-init05-nominal,task07-init05,nominal,7,5,pre,18,28,0.7334818840026855,0.7334818840026855,0.8442497253417969,0.847501277923584
task07-init05-nominal,task07-init05,nominal,7,5,pre,19,29,0.7848776578903198,0.7848776578903198,0.9568418860435486,0.9455665946006775
task07-init05-nominal,task07-init05,nominal,7,5,pre,20,30,0.81017005443573,0.81017005443573,0.9466155767440796,1.07731032371521
task07-init05-nominal,task07-init05,nominal,7,5,pre,21,31,0.9152342677116394,0.9152342677116394,1.0345666408538818,1.247738242149353
task07-init05-nominal,task07-init05,nominal,7,5,pre,22,32,1.0876243114471436,1.0876243114471436,1.214287519454956,1.4127728939056396
task07-init05-nominal,task07-init05,nominal,7,5,pre,23,33,1.0447907447814941,1.0447907447814941,1.0985536575317383,1.4445070028305054
task07-init05-nominal,task07-init05,nominal,7,5,pre,24,34,0.9868113398551941,0.9868113398551941,1.031835675239563,1.4624807834625244
task07-init05-nominal,task07-init05,nominal,7,5,pre,25,35,1.0489224195480347,1.0489224195480347,1.0598901510238647,1.466567039489746
task07-init05-nominal,task07-init05,nominal,7,5,pre,26,36,0.9430479407310486,0.9430479407310486,1.021202802658081,1.461914300918579
task07-init05-nominal,task07-init05,nominal,7,5,pre,27,37,0.9302996397018433,0.9302996397018433,1.0147218704223633,1.3742303848266602
task07-init05-nominal,task07-init05,nominal,7,5,pre,28,38,0.782997727394104,0.782997727394104,0.8652896881103516,1.1111196279525757
task07-init05-nominal,task07-init05,nominal,7,5,pre,29,39,0.6726452708244324,0.6726452708244324,0.8041461706161499,0.8390160799026489
task07-init05-nominal,task07-init05,nominal,7,5,pre,30,40,0.6593116521835327,0.6593116521835327,0.7758406400680542,0.7486955523490906
task07-init05-nominal,task07-init05,nominal,7,5,pre,31,41,0.6030176877975464,0.6030176877975464,0.679047703742981,0.5646856427192688
task07-init05-nominal,task07-init05,nominal,7,5,pre,32,42,0.6071383953094482,0.6071383953094482,0.6680272817611694,0.5612924695014954
task07-init05-nominal,task07-init05,nominal,7,5,pre,33,43,0.6084175109863281,0.6084175109863281,0.6778267621994019,0.45698949694633484
task07-init05-nominal,task07-init05,nominal,7,5,pre,34,44,0.5747532844543457,0.5747532844543457,0.6240286231040955,0.46891188621520996
task07-init05-nominal,task07-init05,nominal,7,5,pre,35,45,0.5711498260498047,0.5711498260498047,0.6093404293060303,0.497185081243515
task07-init05-nominal,task07-init05,nominal,7,5,pre,36,46,0.5512754917144775,0.5512754917144775,0.5615935325622559,0.5326708555221558
task07-init05-nominal,task07-init05,nominal,7,5,pre,37,47,0.5575258731842041,0.5575258731842041,0.5416431427001953,0.5675367116928101
task07-init05-nominal,task07-init05,nominal,7,5,pre,38,48,0.5497924089431763,0.5497924089431763,0.5339370369911194,0.4856472909450531
task07-init05-nominal,task07-init05,nominal,7,5,pre,39,49,0.5650340914726257,0.5650340914726257,0.5284261703491211,0.4510909914970398
task07-init05-nominal,task07-init05,nominal,7,5,post,50,60,0.6636649966239929,0.6636649966239929,0.6670476198196411,0.6916241645812988
task07-init05-nominal,task07-init05,nominal,7,5,post,51,61,0.7427002787590027,0.7427002787590027,0.7748270034790039,0.8408970832824707
task07-init05-nominal,task07-init05,nominal,7,5,post,52,62,0.7564306259155273,0.7564306259155273,0.7727969884872437,0.9755258560180664
task07-init05-nominal,task07-init05,nominal,7,5,post,53,63,0.8549151420593262,0.8549151420593262,0.8809912204742432,1.1445772647857666
task07-init05-nominal,task07-init05,nominal,7,5,post,54,64,0.8311742544174194,0.8311742544174194,0.8604533076286316,1.1581387519836426
task07-init05-nominal,task07-init05,nominal,7,5,post,55,65,0.8133689761161804,0.8133689761161804,0.8364124298095703,1.061842679977417
task07-init05-nominal,task07-init05,nominal,7,5,post,56,66,0.8363665342330933,0.8363665342330933,0.8137447834014893,0.998921275138855
task07-init05-nominal,task07-init05,nominal,7,5,post,57,67,0.7582240104675293,0.7582240104675293,0.7358767986297607,0.8951023817062378
task07-init05-nominal,task07-init05,nominal,7,5,post,58,68,0.732886016368866,0.732886016368866,0.7183407545089722,0.8524483442306519
task07-init05-nominal,task07-init05,nominal,7,5,post,59,69,0.7514152526855469,0.7514152526855469,0.718549907207489,0.7675449252128601
task07-init05-nominal,task07-init05,nominal,7,5,post,60,70,0.752005934715271,0.752005934715271,0.7211701273918152,0.7398157119750977
task07-init05-nominal,task07-init05,nominal,7,5,post,61,71,0.8082829713821411,0.8082829713821411,0.7488793134689331,0.7818111181259155
task07-init05-nominal,task07-init05,nominal,7,5,post,62,72,0.7420922517776489,0.7420922517776489,0.7089203596115112,0.7582376003265381
task07-init05-nominal,task07-init05,nominal,7,5,post,63,73,0.7633535861968994,0.7633535861968994,0.7691206932067871,0.813902735710144
task07-init05-nominal,task07-init05,nominal,7,5,post,64,74,0.7781581282615662,0.7781581282615662,0.7834183573722839,0.8298147916793823
task07-init05-nominal,task07-init05,nominal,7,5,post,65,75,0.7582239508628845,0.7582239508628845,0.7751468420028687,0.8578304052352905
task07-init05-nominal,task07-init05,nominal,7,5,post,66,76,0.7642792463302612,0.7642792463302612,0.7922029495239258,0.8801509737968445
task07-init05-nominal,task07-init05,nominal,7,5,post,67,77,0.8227230310440063,0.8227230310440063,0.8094229698181152,0.9610142111778259
task07-init05-nominal,task07-init05,nominal,7,5,post,68,78,0.8199533224105835,0.8199533224105835,0.8453668355941772,1.0616259574890137
task07-init05-nominal,task07-init05,nominal,7,5,post,69,79,0.7054510116577148,0.7054510116577148,0.7658969759941101,1.0380791425704956
task07-init05-nominal,task07-init05,nominal,7,5,post,70,80,0.6278825998306274,0.6278825998306274,0.6626979112625122,0.9290313720703125
task07-init05-nominal,task07-init05,nominal,7,5,post,71,81,0.6339147686958313,0.6339147686958313,0.6627212166786194,0.8546897768974304
task07-init05-nominal,task07-init05,nominal,7,5,post,72,82,0.5831916332244873,0.5831916332244873,0.6710593104362488,0.9351387023925781
task07-init05-nominal,task07-init05,nominal,7,5,post,73,83,0.5577183961868286,0.5577183961868286,0.582026481628418,0.9065589904785156
task07-init05-nominal,task07-init05,nominal,7,5,post,74,84,0.5803872346878052,0.5803872346878052,0.5691417455673218,0.959409236907959
task07-init05-nominal,task07-init05,nominal,7,5,post,75,85,0.641795814037323,0.641795814037323,0.6166075468063354,0.8648848533630371
task07-init05-nominal,task07-init05,nominal,7,5,post,76,86,0.6044156551361084,0.6044156551361084,0.6228528022766113,0.958829402923584
task07-init05-nominal,task07-init05,nominal,7,5,post,77,87,0.6899873614311218,0.6899873614311218,0.7003453969955444,0.9610075354576111
task07-init05-nominal,task07-init05,nominal,7,5,post,78,88,0.6874607801437378,0.6874607801437378,0.6915799975395203,1.042436122894287
task07-init05-nominal,task07-init05,nominal,7,5,post,79,89,0.6832858920097351,0.6832858920097351,0.6846186518669128,1.1293737888336182
task07-init05-motion_attenuation_0p5,task07-init05,motion_attenuation_0p5,7,5,pre,10,20,0.5834133625030518,0.5834133625030518,0.5997126698493958,0.5263992547988892
task07-init05-motion_attenuation_0p5,task07-init05,motion_attenuation_0p5,7,5,pre,11,21,0.6137140989303589,0.6137140989303589,0.6196943521499634,0.5298259258270264
task07-init05-motion_attenuation_0p5,task07-init05,motion_attenuation_0p5,7,5,pre,12,22,0.7560925483703613,0.7560925483703613,0.7152218818664551,0.8058377504348755
task07-init05-motion_attenuation_0p5,task07-init05,motion_attenuation_0p5,7,5,pre,13,23,0.6950836181640625,0.6950836181640625,0.6884469985961914,0.7798691987991333
task07-init05-motion_attenuation_0p5,task07-init05,motion_attenuation_0p5,7,5,pre,14,24,0.6830765008926392,0.6830765008926392,0.681876540184021,0.7392823696136475
task07-init05-motion_attenuation_0p5,task07-init05,motion_attenuation_0p5,7,5,pre,15,25,0.7389492392539978,0.7389492392539978,0.7490784525871277,0.7271026968955994
task07-init05-motion_attenuation_0p5,task07-init05,motion_attenuation_0p5,7,5,pre,16,26,0.7023049592971802,0.7023049592971802,0.7187346816062927,0.7274207472801208
task07-init05-motion_attenuation_0p5,task07-init05,motion_attenuation_0p5,7,5,pre,17,27,0.7288324236869812,0.7288324236869812,0.8866332769393921,0.7938446998596191
task07-init05-motion_attenuation_0p5,task07-init05,motion_attenuation_0p5,7,5,pre,18,28,0.7334818840026855,0.7334818840026855,0.8442497253417969,0.847501277923584
task07-init05-motion_attenuation_0p5,task07-init05,motion_attenuation_0p5,7,5,pre,19,29,0.7848776578903198,0.7848776578903198,0.9568418860435486,0.9455665946006775
task07-init05-motion_attenuation_0p5,task07-init05,motion_attenuation_0p5,7,5,pre,20,30,0.81017005443573,0.81017005443573,0.9466155767440796,1.07731032371521
task07-init05-motion_attenuation_0p5,task07-init05,motion_attenuation_0p5,7,5,pre,21,31,0.9152342677116394,0.9152342677116394,1.0345666408538818,1.247738242149353
task07-init05-motion_attenuation_0p5,task07-init05,motion_attenuation_0p5,7,5,pre,22,32,1.0876243114471436,1.0876243114471436,1.214287519454956,1.4127728939056396
task07-init05-motion_attenuation_0p5,task07-init05,motion_attenuation_0p5,7,5,pre,23,33,1.0447907447814941,1.0447907447814941,1.0985536575317383,1.4445070028305054
task07-init05-motion_attenuation_0p5,task07-init05,motion_attenuation_0p5,7,5,pre,24,34,0.9868113398551941,0.9868113398551941,1.031835675239563,1.4624807834625244
task07-init05-motion_attenuation_0p5,task07-init05,motion_attenuation_0p5,7,5,pre,25,35,1.0489224195480347,1.0489224195480347,1.0598901510238647,1.466567039489746
task07-init05-motion_attenuation_0p5,task07-init05,motion_attenuation_0p5,7,5,pre,26,36,0.9430479407310486,0.9430479407310486,1.021202802658081,1.461914300918579
task07-init05-motion_attenuation_0p5,task07-init05,motion_attenuation_0p5,7,5,pre,27,37,0.9302996397018433,0.9302996397018433,1.0147218704223633,1.3742303848266602
task07-init05-motion_attenuation_0p5,task07-init05,motion_attenuation_0p5,7,5,pre,28,38,0.782997727394104,0.782997727394104,0.8652896881103516,1.1111196279525757
task07-init05-motion_attenuation_0p5,task07-init05,motion_attenuation_0p5,7,5,pre,29,39,0.6726452708244324,0.6726452708244324,0.8041461706161499,0.8390160799026489
task07-init05-motion_attenuation_0p5,task07-init05,motion_attenuation_0p5,7,5,pre,30,40,0.6593116521835327,0.6593116521835327,0.7758406400680542,0.7486955523490906
task07-init05-motion_attenuation_0p5,task07-init05,motion_attenuation_0p5,7,5,pre,31,41,0.6030176877975464,0.6030176877975464,0.679047703742981,0.5646856427192688
task07-init05-motion_attenuation_0p5,task07-init05,motion_attenuation_0p5,7,5,pre,32,42,0.6071383953094482,0.6071383953094482,0.6680272817611694,0.5612924695014954
task07-init05-motion_attenuation_0p5,task07-init05,motion_attenuation_0p5,7,5,pre,33,43,0.6084175109863281,0.6084175109863281,0.6778267621994019,0.45698949694633484
task07-init05-motion_attenuation_0p5,task07-init05,motion_attenuation_0p5,7,5,pre,34,44,0.5747532844543457,0.5747532844543457,0.6240286231040955,0.46891188621520996
task07-init05-motion_attenuation_0p5,task07-init05,motion_attenuation_0p5,7,5,pre,35,45,0.5711498260498047,0.5711498260498047,0.6093404293060303,0.497185081243515
task07-init05-motion_attenuation_0p5,task07-init05,motion_attenuation_0p5,7,5,pre,36,46,0.5512754917144775,0.5512754917144775,0.5615935325622559,0.5326708555221558
task07-init05-motion_attenuation_0p5,task07-init05,motion_attenuation_0p5,7,5,pre,37,47,0.5575258731842041,0.5575258731842041,0.5416431427001953,0.5675367116928101
task07-init05-motion_attenuation_0p5,task07-init05,motion_attenuation_0p5,7,5,pre,38,48,0.5497924089431763,0.5497924089431763,0.5339370369911194,0.4856472909450531
task07-init05-motion_attenuation_0p5,task07-init05,motion_attenuation_0p5,7,5,pre,39,49,0.5650340914726257,0.5650340914726257,0.5284261703491211,0.4510909914970398
task07-init05-motion_attenuation_0p5,task07-init05,motion_attenuation_0p5,7,5,post,50,60,0.5509549975395203,0.5525517463684082,0.5587725043296814,0.495074599981308
task07-init05-motion_attenuation_0p5,task07-init05,motion_attenuation_0p5,7,5,post,51,61,0.5610318183898926,0.5589613914489746,0.5334919691085815,0.45118698477745056
task07-init05-motion_attenuation_0p5,task07-init05,motion_attenuation_0p5,7,5,post,52,62,0.6035427451133728,0.597458004951477,0.5661978721618652,0.4555063247680664
task07-init05-motion_attenuation_0p5,task07-init05,motion_attenuation_0p5,7,5,post,53,63,0.5842685699462891,0.5734682679176331,0.5497945547103882,0.44339561462402344
task07-init05-motion_attenuation_0p5,task07-init05,motion_attenuation_0p5,7,5,post,54,64,0.577208399772644,0.5720651745796204,0.5549210906028748,0.4902901351451874
task07-init05-motion_attenuation_0p5,task07-init05,motion_attenuation_0p5,7,5,post,55,65,0.7168353796005249,0.6916331648826599,0.6684451103210449,0.6172828078269958
task07-init05-motion_attenuation_0p5,task07-init05,motion_attenuation_0p5,7,5,post,56,66,0.7052263021469116,0.6879472136497498,0.6585695743560791,0.7161144018173218
task07-init05-motion_attenuation_0p5,task07-init05,motion_attenuation_0p5,7,5,post,57,67,0.6812357306480408,0.6781967878341675,0.6508594751358032,0.7734253406524658
task07-init05-motion_attenuation_0p5,task07-init05,motion_attenuation_0p5,7,5,post,58,68,0.6986850500106812,0.7209970951080322,0.6908650398254395,0.8916323184967041
task07-init05-motion_attenuation_0p5,task07-init05,motion_attenuation_0p5,7,5,post,59,69,0.7526711225509644,0.7040030360221863,0.715141773223877,0.7962608337402344
task07-init05-motion_attenuation_0p5,task07-init05,motion_attenuation_0p5,7,5,post,60,70,0.6712652444839478,0.6771301031112671,0.6970065832138062,0.6838695406913757
task07-init05-motion_attenuation_0p5,task07-init05,motion_attenuation_0p5,7,5,post,61,71,0.6848828196525574,0.6872598528862,0.7042984366416931,0.6667733192443848
task07-init05-motion_attenuation_0p5,task07-init05,motion_attenuation_0p5,7,5,post,62,72,0.6481692790985107,0.6271647810935974,0.6258519887924194,0.6089494228363037
task07-init05-motion_attenuation_0p5,task07-init05,motion_attenuation_0p5,7,5,post,63,73,0.6216827034950256,0.6145361661911011,0.6457542777061462,0.6977788805961609
task07-init05-motion_attenuation_0p5,task07-init05,motion_attenuation_0p5,7,5,post,64,74,0.6049973964691162,0.5923441052436829,0.5853532552719116,0.5901052951812744
task07-init05-motion_attenuation_0p5,task07-init05,motion_attenuation_0p5,7,5,post,65,75,0.6197502017021179,0.5985097289085388,0.5820371508598328,0.6452500820159912
task07-init05-motion_attenuation_0p5,task07-init05,motion_attenuation_0p5,7,5,post,66,76,0.652222752571106,0.6368544101715088,0.6300143599510193,0.6295386552810669
task07-init05-motion_attenuation_0p5,task07-init05,motion_attenuation_0p5,7,5,post,67,77,0.6636066436767578,0.6412365436553955,0.618714451789856,0.533039927482605
task07-init05-motion_attenuation_0p5,task07-init05,motion_attenuation_0p5,7,5,post,68,78,0.6774780750274658,0.6216211318969727,0.6252426505088806,0.5352687835693359
task07-init05-motion_attenuation_0p5,task07-init05,motion_attenuation_0p5,7,5,post,69,79,0.6730768084526062,0.6590383648872375,0.6473426818847656,0.6065117120742798
task07-init05-motion_attenuation_0p5,task07-init05,motion_attenuation_0p5,7,5,post,70,80,0.6593847274780273,0.6125575304031372,0.6508232951164246,0.49789080023765564
task07-init05-motion_attenuation_0p5,task07-init05,motion_attenuation_0p5,7,5,post,71,81,0.6012189388275146,0.5719021558761597,0.5792266130447388,0.4259917140007019
task07-init05-motion_attenuation_0p5,task07-init05,motion_attenuation_0p5,7,5,post,72,82,0.5647308826446533,0.5460008382797241,0.5356020927429199,0.377288281917572
task07-init05-motion_attenuation_0p5,task07-init05,motion_attenuation_0p5,7,5,post,73,83,0.5801361203193665,0.5756008625030518,0.5615590810775757,0.48352155089378357
task07-init05-motion_attenuation_0p5,task07-init05,motion_attenuation_0p5,7,5,post,74,84,0.5832650065422058,0.5896235704421997,0.5655385851860046,0.43369096517562866
task07-init05-motion_attenuation_0p5,task07-init05,motion_attenuation_0p5,7,5,post,75,85,0.5635311603546143,0.5559970736503601,0.5435002446174622,0.41505274176597595
task07-init05-motion_attenuation_0p5,task07-init05,motion_attenuation_0p5,7,5,post,76,86,0.6087642908096313,0.5904176235198975,0.5838065147399902,0.49229902029037476
task07-init05-motion_attenuation_0p5,task07-init05,motion_attenuation_0p5,7,5,post,77,87,0.6096407771110535,0.5908185243606567,0.6176437139511108,0.513556182384491
task07-init05-motion_attenuation_0p5,task07-init05,motion_attenuation_0p5,7,5,post,78,88,0.6296040415763855,0.6094881892204285,0.6508859992027283,0.5506226420402527
task07-init05-motion_attenuation_0p5,task07-init05,motion_attenuation_0p5,7,5,post,79,89,0.6403692364692688,0.5888893604278564,0.6350826621055603,0.6360084414482117
task07-init05-action_delay_3,task07-init05,action_delay_3,7,5,pre,10,20,0.5834133625030518,0.5834133625030518,0.5997126698493958,0.5263992547988892
task07-init05-action_delay_3,task07-init05,action_delay_3,7,5,pre,11,21,0.6137140989303589,0.6137140989303589,0.6196943521499634,0.5298259258270264
task07-init05-action_delay_3,task07-init05,action_delay_3,7,5,pre,12,22,0.7560925483703613,0.7560925483703613,0.7152218818664551,0.8058377504348755
task07-init05-action_delay_3,task07-init05,action_delay_3,7,5,pre,13,23,0.6950836181640625,0.6950836181640625,0.6884469985961914,0.7798691987991333
task07-init05-action_delay_3,task07-init05,action_delay_3,7,5,pre,14,24,0.6830765008926392,0.6830765008926392,0.681876540184021,0.7392823696136475
task07-init05-action_delay_3,task07-init05,action_delay_3,7,5,pre,15,25,0.7389492392539978,0.7389492392539978,0.7490784525871277,0.7271026968955994
task07-init05-action_delay_3,task07-init05,action_delay_3,7,5,pre,16,26,0.7023049592971802,0.7023049592971802,0.7187346816062927,0.7274207472801208
task07-init05-action_delay_3,task07-init05,action_delay_3,7,5,pre,17,27,0.7288324236869812,0.7288324236869812,0.8866332769393921,0.7938446998596191
task07-init05-action_delay_3,task07-init05,action_delay_3,7,5,pre,18,28,0.7334818840026855,0.7334818840026855,0.8442497253417969,0.847501277923584
task07-init05-action_delay_3,task07-init05,action_delay_3,7,5,pre,19,29,0.7848776578903198,0.7848776578903198,0.9568418860435486,0.9455665946006775
task07-init05-action_delay_3,task07-init05,action_delay_3,7,5,pre,20,30,0.81017005443573,0.81017005443573,0.9466155767440796,1.07731032371521
task07-init05-action_delay_3,task07-init05,action_delay_3,7,5,pre,21,31,0.9152342677116394,0.9152342677116394,1.0345666408538818,1.247738242149353
task07-init05-action_delay_3,task07-init05,action_delay_3,7,5,pre,22,32,1.0876243114471436,1.0876243114471436,1.214287519454956,1.4127728939056396
task07-init05-action_delay_3,task07-init05,action_delay_3,7,5,pre,23,33,1.0447907447814941,1.0447907447814941,1.0985536575317383,1.4445070028305054
task07-init05-action_delay_3,task07-init05,action_delay_3,7,5,pre,24,34,0.9868113398551941,0.9868113398551941,1.031835675239563,1.4624807834625244
task07-init05-action_delay_3,task07-init05,action_delay_3,7,5,pre,25,35,1.0489224195480347,1.0489224195480347,1.0598901510238647,1.466567039489746
task07-init05-action_delay_3,task07-init05,action_delay_3,7,5,pre,26,36,0.9430479407310486,0.9430479407310486,1.021202802658081,1.461914300918579
task07-init05-action_delay_3,task07-init05,action_delay_3,7,5,pre,27,37,0.9302996397018433,0.9302996397018433,1.0147218704223633,1.3742303848266602
task07-init05-action_delay_3,task07-init05,action_delay_3,7,5,pre,28,38,0.782997727394104,0.782997727394104,0.8652896881103516,1.1111196279525757
task07-init05-action_delay_3,task07-init05,action_delay_3,7,5,pre,29,39,0.6726452708244324,0.6726452708244324,0.8041461706161499,0.8390160799026489
task07-init05-action_delay_3,task07-init05,action_delay_3,7,5,pre,30,40,0.6593116521835327,0.6593116521835327,0.7758406400680542,0.7486955523490906
task07-init05-action_delay_3,task07-init05,action_delay_3,7,5,pre,31,41,0.6030176877975464,0.6030176877975464,0.679047703742981,0.5646856427192688
task07-init05-action_delay_3,task07-init05,action_delay_3,7,5,pre,32,42,0.6071383953094482,0.6071383953094482,0.6680272817611694,0.5612924695014954
task07-init05-action_delay_3,task07-init05,action_delay_3,7,5,pre,33,43,0.6084175109863281,0.6084175109863281,0.6778267621994019,0.45698949694633484
task07-init05-action_delay_3,task07-init05,action_delay_3,7,5,pre,34,44,0.5747532844543457,0.5747532844543457,0.6240286231040955,0.46891188621520996
task07-init05-action_delay_3,task07-init05,action_delay_3,7,5,pre,35,45,0.5711498260498047,0.5711498260498047,0.6093404293060303,0.497185081243515
task07-init05-action_delay_3,task07-init05,action_delay_3,7,5,pre,36,46,0.5512754917144775,0.5512754917144775,0.5615935325622559,0.5326708555221558
task07-init05-action_delay_3,task07-init05,action_delay_3,7,5,pre,37,47,0.5575258731842041,0.5575258731842041,0.5416431427001953,0.5675367116928101
task07-init05-action_delay_3,task07-init05,action_delay_3,7,5,pre,38,48,0.5497924089431763,0.5497924089431763,0.5339370369911194,0.4856472909450531
task07-init05-action_delay_3,task07-init05,action_delay_3,7,5,pre,39,49,0.5650340914726257,0.5650340914726257,0.5284261703491211,0.4510909914970398
task07-init05-action_delay_3,task07-init05,action_delay_3,7,5,post,50,60,0.5352499485015869,0.5348464250564575,0.5093002319335938,0.4642045199871063
task07-init05-action_delay_3,task07-init05,action_delay_3,7,5,post,51,61,0.5754066705703735,0.5808085203170776,0.5710282325744629,0.5625942349433899
task07-init05-action_delay_3,task07-init05,action_delay_3,7,5,post,52,62,0.6564728021621704,0.6528830528259277,0.6408819556236267,0.6906577944755554
task07-init05-action_delay_3,task07-init05,action_delay_3,7,5,post,53,63,0.7176887392997742,0.7141648530960083,0.7083882093429565,0.79478520154953
task07-init05-action_delay_3,task07-init05,action_delay_3,7,5,post,54,64,0.7385331988334656,0.7510549426078796,0.7460861206054688,0.9748243093490601
task07-init05-action_delay_3,task07-init05,action_delay_3,7,5,post,55,65,0.7773138284683228,0.7963495254516602,0.7922345399856567,1.0718801021575928
task07-init05-action_delay_3,task07-init05,action_delay_3,7,5,post,56,66,0.8716532588005066,0.9016513228416443,0.9015643000602722,1.1998882293701172
task07-init05-action_delay_3,task07-init05,action_delay_3,7,5,post,57,67,0.8570245504379272,0.8802110552787781,0.9305763244628906,1.1401336193084717
task07-init05-action_delay_3,task07-init05,action_delay_3,7,5,post,58,68,0.7765048742294312,0.773590087890625,0.7947373390197754,0.9979681968688965
task07-init05-action_delay_3,task07-init05,action_delay_3,7,5,post,59,69,0.7596126794815063,0.7648951411247253,0.7396209239959717,0.9184192419052124
task07-init05-action_delay_3,task07-init05,action_delay_3,7,5,post,60,70,0.7506645917892456,0.7485472559928894,0.7258082628250122,0.9134497046470642
task07-init05-action_delay_3,task07-init05,action_delay_3,7,5,post,61,71,0.7442344427108765,0.7376829981803894,0.714432954788208,0.7943031191825867
task07-init05-action_delay_3,task07-init05,action_delay_3,7,5,post,62,72,0.7468259334564209,0.7469332218170166,0.6955207586288452,0.8179680705070496
task07-init05-action_delay_3,task07-init05,action_delay_3,7,5,post,63,73,0.7882055044174194,0.7911771535873413,0.7335557341575623,0.8205820322036743
task07-init05-action_delay_3,task07-init05,action_delay_3,7,5,post,64,74,0.7258377075195312,0.7236084342002869,0.6948068141937256,0.6604098677635193
task07-init05-action_delay_3,task07-init05,action_delay_3,7,5,post,65,75,0.7454292178153992,0.7418505549430847,0.7059113383293152,0.7508120536804199
task07-init05-action_delay_3,task07-init05,action_delay_3,7,5,post,66,76,0.738778293132782,0.7361944913864136,0.7191316485404968,0.8050794005393982
task07-init05-action_delay_3,task07-init05,action_delay_3,7,5,post,67,77,0.8065832853317261,0.8027485609054565,0.7885869741439819,0.8929667472839355
task07-init05-action_delay_3,task07-init05,action_delay_3,7,5,post,68,78,0.85368812084198,0.8448046445846558,0.8672215342521667,0.9484402537345886
task07-init05-action_delay_3,task07-init05,action_delay_3,7,5,post,69,79,0.7838916778564453,0.7793691158294678,0.8010563254356384,0.850454568862915
task07-init05-action_delay_3,task07-init05,action_delay_3,7,5,post,70,80,0.8275989294052124,0.8264645338058472,0.8398706912994385,0.9227089285850525
task07-init05-action_delay_3,task07-init05,action_delay_3,7,5,post,71,81,0.8904290199279785,0.8897727727890015,0.8850126266479492,1.0532641410827637
task07-init05-action_delay_3,task07-init05,action_delay_3,7,5,post,72,82,0.8388686180114746,0.8383773565292358,0.8283060789108276,1.0384418964385986
task07-init05-action_delay_3,task07-init05,action_delay_3,7,5,post,73,83,0.7548984289169312,0.7522074580192566,0.7994809150695801,1.0609898567199707
task07-init05-action_delay_3,task07-init05,action_delay_3,7,5,post,74,84,0.673285186290741,0.6747922897338867,0.6586087942123413,0.8118429183959961
task07-init05-action_delay_3,task07-init05,action_delay_3,7,5,post,75,85,0.6687018275260925,0.6690866947174072,0.7124723792076111,0.8406772613525391
task07-init05-action_delay_3,task07-init05,action_delay_3,7,5,post,76,86,0.6364407539367676,0.6334128379821777,0.6594251394271851,0.8489875793457031
task07-init05-action_delay_3,task07-init05,action_delay_3,7,5,post,77,87,0.5826200246810913,0.5801495909690857,0.6081429719924927,0.8862813711166382
task07-init05-action_delay_3,task07-init05,action_delay_3,7,5,post,78,88,0.5687069296836853,0.5692234039306641,0.5552817583084106,0.866905689239502
task07-init05-action_delay_3,task07-init05,action_delay_3,7,5,post,79,89,0.6124184131622314,0.6140021085739136,0.602349579334259,0.8894571661949158
task07-init09-nominal,task07-init09,nominal,7,9,pre,10,20,0.7681328654289246,0.7681328654289246,0.813790500164032,1.1364039182662964
task07-init09-nominal,task07-init09,nominal,7,9,pre,11,21,0.7152403593063354,0.7152403593063354,0.67881840467453,0.9982924461364746
task07-init09-nominal,task07-init09,nominal,7,9,pre,12,22,0.6390750408172607,0.6390750408172607,0.6492936015129089,0.8154929876327515
task07-init09-nominal,task07-init09,nominal,7,9,pre,13,23,0.5949363708496094,0.5949363708496094,0.5979421138763428,0.7181879281997681
task07-init09-nominal,task07-init09,nominal,7,9,pre,14,24,0.6481858491897583,0.6481858491897583,0.6623481512069702,0.7209177017211914
task07-init09-nominal,task07-init09,nominal,7,9,pre,15,25,0.7749824523925781,0.7749824523925781,0.7234108448028564,0.9406914710998535
task07-init09-nominal,task07-init09,nominal,7,9,pre,16,26,0.7108969688415527,0.7108969688415527,0.7230397462844849,0.9554327726364136
task07-init09-nominal,task07-init09,nominal,7,9,pre,17,27,0.7605762481689453,0.7605762481689453,0.8451523184776306,1.042794942855835
task07-init09-nominal,task07-init09,nominal,7,9,pre,18,28,0.9066004157066345,0.9066004157066345,0.9307114481925964,1.2016878128051758
task07-init09-nominal,task07-init09,nominal,7,9,pre,19,29,0.966637134552002,0.966637134552002,0.900157630443573,1.3761940002441406
task07-init09-nominal,task07-init09,nominal,7,9,pre,20,30,0.9732872843742371,0.9732872843742371,1.0278725624084473,1.4087865352630615
task07-init09-nominal,task07-init09,nominal,7,9,pre,21,31,0.7986799478530884,0.7986799478530884,0.8834069967269897,1.34492826461792
task07-init09-nominal,task07-init09,nominal,7,9,pre,22,32,0.7735962867736816,0.7735962867736816,0.8405426740646362,1.404185175895691
task07-init09-nominal,task07-init09,nominal,7,9,pre,23,33,0.7818561792373657,0.7818561792373657,0.7620700597763062,1.4580583572387695
task07-init09-nominal,task07-init09,nominal,7,9,pre,24,34,0.9301646947860718,0.9301646947860718,0.7911462783813477,1.579842448234558
task07-init09-nominal,task07-init09,nominal,7,9,pre,25,35,1.0461724996566772,1.0461724996566772,0.9203812479972839,1.680596113204956
task07-init09-nominal,task07-init09,nominal,7,9,pre,26,36,0.9827136397361755,0.9827136397361755,0.9298226237297058,1.715087652206421
task07-init09-nominal,task07-init09,nominal,7,9,pre,27,37,0.8996191024780273,0.8996191024780273,0.8799211382865906,1.7347530126571655
task07-init09-nominal,task07-init09,nominal,7,9,pre,28,38,0.9272267818450928,0.9272267818450928,0.8550806045532227,1.7614696025848389
task07-init09-nominal,task07-init09,nominal,7,9,pre,29,39,0.8123160600662231,0.8123160600662231,0.7876099348068237,1.6462581157684326
task07-init09-nominal,task07-init09,nominal,7,9,pre,30,40,0.7405371069908142,0.7405371069908142,0.7079712748527527,1.4087347984313965
task07-init09-nominal,task07-init09,nominal,7,9,pre,31,41,0.7051162719726562,0.7051162719726562,0.6804978251457214,1.1849344968795776
task07-init09-nominal,task07-init09,nominal,7,9,pre,32,42,0.6681725978851318,0.6681725978851318,0.6435419321060181,0.916953444480896
task07-init09-nominal,task07-init09,nominal,7,9,pre,33,43,0.5706059336662292,0.5706059336662292,0.5492560863494873,0.6917123198509216
task07-init09-nominal,task07-init09,nominal,7,9,pre,34,44,0.49282655119895935,0.49282655119895935,0.48046886920928955,0.4694851338863373
task07-init09-nominal,task07-init09,nominal,7,9,pre,35,45,0.43840616941452026,0.43840616941452026,0.4255385994911194,0.31401485204696655
task07-init09-nominal,task07-init09,nominal,7,9,pre,36,46,0.45486435294151306,0.45486435294151306,0.43765848875045776,0.37972256541252136
task07-init09-nominal,task07-init09,nominal,7,9,pre,37,47,0.39156627655029297,0.39156627655029297,0.3893706500530243,0.3134579360485077
task07-init09-nominal,task07-init09,nominal,7,9,pre,38,48,0.395871639251709,0.395871639251709,0.38640451431274414,0.27753305435180664
task07-init09-nominal,task07-init09,nominal,7,9,pre,39,49,0.3839426040649414,0.3839426040649414,0.3741700053215027,0.30685141682624817
task07-init09-nominal,task07-init09,nominal,7,9,post,50,60,0.41409629583358765,0.41409629583358765,0.3737592101097107,0.2980218529701233
task07-init09-nominal,task07-init09,nominal,7,9,post,51,61,0.4210922122001648,0.4210922122001648,0.3807469308376312,0.3216000199317932
task07-init09-nominal,task07-init09,nominal,7,9,post,52,62,0.44628891348838806,0.44628891348838806,0.4086938798427582,0.36882850527763367
task07-init09-nominal,task07-init09,nominal,7,9,post,53,63,0.46569105982780457,0.46569105982780457,0.42856305837631226,0.41103625297546387
task07-init09-nominal,task07-init09,nominal,7,9,post,54,64,0.4872936010360718,0.4872936010360718,0.45929253101348877,0.4483468532562256
task07-init09-nominal,task07-init09,nominal,7,9,post,55,65,0.5154456496238708,0.5154456496238708,0.4934151768684387,0.469119131565094
task07-init09-nominal,task07-init09,nominal,7,9,post,56,66,0.5904715061187744,0.5904715061187744,0.5740289688110352,0.5849517583847046
task07-init09-nominal,task07-init09,nominal,7,9,post,57,67,0.6380734443664551,0.6380734443664551,0.6220109462738037,0.6228930354118347
task07-init09-nominal,task07-init09,nominal,7,9,post,58,68,0.6739528179168701,0.6739528179168701,0.6888766288757324,0.6874861717224121
task07-init09-nominal,task07-init09,nominal,7,9,post,59,69,0.645415186882019,0.645415186882019,0.655595064163208,0.6313096880912781
task07-init09-nominal,task07-init09,nominal,7,9,post,60,70,0.6514139175415039,0.6514139175415039,0.6902297735214233,0.6971437931060791
task07-init09-nominal,task07-init09,nominal,7,9,post,61,71,0.6239784955978394,0.6239784955978394,0.6878659129142761,0.8297634124755859
task07-init09-nominal,task07-init09,nominal,7,9,post,62,72,0.7068933248519897,0.7068933248519897,0.7185111045837402,0.8637718558311462
task07-init09-nominal,task07-init09,nominal,7,9,post,63,73,0.7315284609794617,0.7315284609794617,0.703559398651123,0.9024633765220642
task07-init09-nominal,task07-init09,nominal,7,9,post,64,74,0.7014142274856567,0.7014142274856567,0.7154061198234558,0.885343074798584
task07-init09-nominal,task07-init09,nominal,7,9,post,65,75,0.7538535594940186,0.7538535594940186,0.7684230804443359,0.9412972331047058
task07-init09-nominal,task07-init09,nominal,7,9,post,66,76,0.8290280103683472,0.8290280103683472,0.8494810461997986,0.9949495196342468
task07-init09-nominal,task07-init09,nominal,7,9,post,67,77,0.7513971328735352,0.7513971328735352,0.7407244443893433,0.9178714156150818
task07-init09-nominal,task07-init09,nominal,7,9,post,68,78,0.7908298373222351,0.7908298373222351,0.7158012390136719,0.8562471866607666
task07-init09-nominal,task07-init09,nominal,7,9,post,69,79,0.7187592387199402,0.7187592387199402,0.6481441259384155,0.8558660745620728
task07-init09-nominal,task07-init09,nominal,7,9,post,70,80,0.6764777898788452,0.6764777898788452,0.6507854461669922,0.8995250463485718
task07-init09-nominal,task07-init09,nominal,7,9,post,71,81,0.6965125799179077,0.6965125799179077,0.6852587461471558,0.8562817573547363
task07-init09-nominal,task07-init09,nominal,7,9,post,72,82,0.6674098968505859,0.6674098968505859,0.6319222450256348,0.8570107221603394
task07-init09-nominal,task07-init09,nominal,7,9,post,73,83,0.7060065269470215,0.7060065269470215,0.6981720924377441,0.865390419960022
task07-init09-nominal,task07-init09,nominal,7,9,post,74,84,0.7382978200912476,0.7382978200912476,0.7644798159599304,0.8260418772697449
task07-init09-nominal,task07-init09,nominal,7,9,post,75,85,0.7407373785972595,0.7407373785972595,0.7805975675582886,0.9050164222717285
task07-init09-nominal,task07-init09,nominal,7,9,post,76,86,0.8066123723983765,0.8066123723983765,0.8097545504570007,1.0959725379943848
task07-init09-nominal,task07-init09,nominal,7,9,post,77,87,0.8118700981140137,0.8118700981140137,0.7931572794914246,1.0156583786010742
task07-init09-nominal,task07-init09,nominal,7,9,post,78,88,0.7287039160728455,0.7287039160728455,0.7114214897155762,1.0605309009552002
task07-init09-nominal,task07-init09,nominal,7,9,post,79,89,0.6947699785232544,0.6947699785232544,0.675229549407959,0.9781409502029419
task07-init09-motion_attenuation_0p5,task07-init09,motion_attenuation_0p5,7,9,pre,10,20,0.7681328654289246,0.7681328654289246,0.813790500164032,1.1364039182662964
task07-init09-motion_attenuation_0p5,task07-init09,motion_attenuation_0p5,7,9,pre,11,21,0.7152403593063354,0.7152403593063354,0.67881840467453,0.9982924461364746
task07-init09-motion_attenuation_0p5,task07-init09,motion_attenuation_0p5,7,9,pre,12,22,0.6390750408172607,0.6390750408172607,0.6492936015129089,0.8154929876327515
task07-init09-motion_attenuation_0p5,task07-init09,motion_attenuation_0p5,7,9,pre,13,23,0.5949363708496094,0.5949363708496094,0.5979421138763428,0.7181879281997681
task07-init09-motion_attenuation_0p5,task07-init09,motion_attenuation_0p5,7,9,pre,14,24,0.6481858491897583,0.6481858491897583,0.6623481512069702,0.7209177017211914
task07-init09-motion_attenuation_0p5,task07-init09,motion_attenuation_0p5,7,9,pre,15,25,0.7749824523925781,0.7749824523925781,0.7234108448028564,0.9406914710998535
task07-init09-motion_attenuation_0p5,task07-init09,motion_attenuation_0p5,7,9,pre,16,26,0.7108969688415527,0.7108969688415527,0.7230397462844849,0.9554327726364136
task07-init09-motion_attenuation_0p5,task07-init09,motion_attenuation_0p5,7,9,pre,17,27,0.7605762481689453,0.7605762481689453,0.8451523184776306,1.042794942855835
task07-init09-motion_attenuation_0p5,task07-init09,motion_attenuation_0p5,7,9,pre,18,28,0.9066004157066345,0.9066004157066345,0.9307114481925964,1.2016878128051758
task07-init09-motion_attenuation_0p5,task07-init09,motion_attenuation_0p5,7,9,pre,19,29,0.966637134552002,0.966637134552002,0.900157630443573,1.3761940002441406
task07-init09-motion_attenuation_0p5,task07-init09,motion_attenuation_0p5,7,9,pre,20,30,0.9732872843742371,0.9732872843742371,1.0278725624084473,1.4087865352630615
task07-init09-motion_attenuation_0p5,task07-init09,motion_attenuation_0p5,7,9,pre,21,31,0.7986799478530884,0.7986799478530884,0.8834069967269897,1.34492826461792
task07-init09-motion_attenuation_0p5,task07-init09,motion_attenuation_0p5,7,9,pre,22,32,0.7735962867736816,0.7735962867736816,0.8405426740646362,1.404185175895691
task07-init09-motion_attenuation_0p5,task07-init09,motion_attenuation_0p5,7,9,pre,23,33,0.7818561792373657,0.7818561792373657,0.7620700597763062,1.4580583572387695
task07-init09-motion_attenuation_0p5,task07-init09,motion_attenuation_0p5,7,9,pre,24,34,0.9301646947860718,0.9301646947860718,0.7911462783813477,1.579842448234558
task07-init09-motion_attenuation_0p5,task07-init09,motion_attenuation_0p5,7,9,pre,25,35,1.0461724996566772,1.0461724996566772,0.9203812479972839,1.680596113204956
task07-init09-motion_attenuation_0p5,task07-init09,motion_attenuation_0p5,7,9,pre,26,36,0.9827136397361755,0.9827136397361755,0.9298226237297058,1.715087652206421
task07-init09-motion_attenuation_0p5,task07-init09,motion_attenuation_0p5,7,9,pre,27,37,0.8996191024780273,0.8996191024780273,0.8799211382865906,1.7347530126571655
task07-init09-motion_attenuation_0p5,task07-init09,motion_attenuation_0p5,7,9,pre,28,38,0.9272267818450928,0.9272267818450928,0.8550806045532227,1.7614696025848389
task07-init09-motion_attenuation_0p5,task07-init09,motion_attenuation_0p5,7,9,pre,29,39,0.8123160600662231,0.8123160600662231,0.7876099348068237,1.6462581157684326
task07-init09-motion_attenuation_0p5,task07-init09,motion_attenuation_0p5,7,9,pre,30,40,0.7405371069908142,0.7405371069908142,0.7079712748527527,1.4087347984313965
task07-init09-motion_attenuation_0p5,task07-init09,motion_attenuation_0p5,7,9,pre,31,41,0.7051162719726562,0.7051162719726562,0.6804978251457214,1.1849344968795776
task07-init09-motion_attenuation_0p5,task07-init09,motion_attenuation_0p5,7,9,pre,32,42,0.6681725978851318,0.6681725978851318,0.6435419321060181,0.916953444480896
task07-init09-motion_attenuation_0p5,task07-init09,motion_attenuation_0p5,7,9,pre,33,43,0.5706059336662292,0.5706059336662292,0.5492560863494873,0.6917123198509216
task07-init09-motion_attenuation_0p5,task07-init09,motion_attenuation_0p5,7,9,pre,34,44,0.49282655119895935,0.49282655119895935,0.48046886920928955,0.4694851338863373
task07-init09-motion_attenuation_0p5,task07-init09,motion_attenuation_0p5,7,9,pre,35,45,0.43840616941452026,0.43840616941452026,0.4255385994911194,0.31401485204696655
task07-init09-motion_attenuation_0p5,task07-init09,motion_attenuation_0p5,7,9,pre,36,46,0.45486435294151306,0.45486435294151306,0.43765848875045776,0.37972256541252136
task07-init09-motion_attenuation_0p5,task07-init09,motion_attenuation_0p5,7,9,pre,37,47,0.39156627655029297,0.39156627655029297,0.3893706500530243,0.3134579360485077
task07-init09-motion_attenuation_0p5,task07-init09,motion_attenuation_0p5,7,9,pre,38,48,0.395871639251709,0.395871639251709,0.38640451431274414,0.27753305435180664
task07-init09-motion_attenuation_0p5,task07-init09,motion_attenuation_0p5,7,9,pre,39,49,0.3839426040649414,0.3839426040649414,0.3741700053215027,0.30685141682624817
task07-init09-motion_attenuation_0p5,task07-init09,motion_attenuation_0p5,7,9,post,50,60,0.38964712619781494,0.38646647334098816,0.3522059917449951,0.24395452439785004
task07-init09-motion_attenuation_0p5,task07-init09,motion_attenuation_0p5,7,9,post,51,61,0.39434894919395447,0.392993688583374,0.34975168108940125,0.2627645432949066
task07-init09-motion_attenuation_0p5,task07-init09,motion_attenuation_0p5,7,9,post,52,62,0.398190438747406,0.39793312549591064,0.35509487986564636,0.285868763923645
task07-init09-motion_attenuation_0p5,task07-init09,motion_attenuation_0p5,7,9,post,53,63,0.39106687903404236,0.3909110724925995,0.3573269248008728,0.30536869168281555
task07-init09-motion_attenuation_0p5,task07-init09,motion_attenuation_0p5,7,9,post,54,64,0.38428163528442383,0.38471317291259766,0.3524334132671356,0.30754294991493225
task07-init09-motion_attenuation_0p5,task07-init09,motion_attenuation_0p5,7,9,post,55,65,0.36998316645622253,0.36990857124328613,0.34195220470428467,0.25201159715652466
task07-init09-motion_attenuation_0p5,task07-init09,motion_attenuation_0p5,7,9,post,56,66,0.3802800178527832,0.37998420000076294,0.3540726900100708,0.25015079975128174
task07-init09-motion_attenuation_0p5,task07-init09,motion_attenuation_0p5,7,9,post,57,67,0.3779410719871521,0.3769722580909729,0.35239535570144653,0.2411985695362091
task07-init09-motion_attenuation_0p5,task07-init09,motion_attenuation_0p5,7,9,post,58,68,0.40861043334007263,0.4087626338005066,0.3781443238258362,0.29468122124671936
task07-init09-motion_attenuation_0p5,task07-init09,motion_attenuation_0p5,7,9,post,59,69,0.4651537835597992,0.4666484296321869,0.4343130588531494,0.36969703435897827
task07-init09-motion_attenuation_0p5,task07-init09,motion_attenuation_0p5,7,9,post,60,70,0.4285721182823181,0.4339652955532074,0.4136936664581299,0.429851233959198
task07-init09-motion_attenuation_0p5,task07-init09,motion_attenuation_0p5,7,9,post,61,71,0.5170705318450928,0.524057924747467,0.5172978043556213,0.5808265209197998
task07-init09-motion_attenuation_0p5,task07-init09,motion_attenuation_0p5,7,9,post,62,72,0.5856415629386902,0.6018760800361633,0.5873278379440308,0.6318954825401306
task07-init09-motion_attenuation_0p5,task07-init09,motion_attenuation_0p5,7,9,post,63,73,0.6280926465988159,0.6577452421188354,0.6620082855224609,0.6845263838768005
task07-init09-motion_attenuation_0p5,task07-init09,motion_attenuation_0p5,7,9,post,64,74,0.6301431655883789,0.6601184606552124,0.6860121488571167,0.7046045660972595
task07-init09-motion_attenuation_0p5,task07-init09,motion_attenuation_0p5,7,9,post,65,75,0.7304083704948425,0.7799323797225952,0.8221511244773865,0.8513748049736023
task07-init09-motion_attenuation_0p5,task07-init09,motion_attenuation_0p5,7,9,post,66,76,0.7018730044364929,0.7548741102218628,0.7886331081390381,0.8513116836547852
task07-init09-motion_attenuation_0p5,task07-init09,motion_attenuation_0p5,7,9,post,67,77,0.6559962034225464,0.7169418334960938,0.777871310710907,0.9047276973724365
task07-init09-motion_attenuation_0p5,task07-init09,motion_attenuation_0p5,7,9,post,68,78,0.6723275184631348,0.7149432897567749,0.797573983669281,0.8371536731719971
task07-init09-motion_attenuation_0p5,task07-init09,motion_attenuation_0p5,7,9,post,69,79,0.6176121234893799,0.6584984064102173,0.7120584845542908,0.8433221578598022
task07-init09-motion_attenuation_0p5,task07-init09,motion_attenuation_0p5,7,9,post,70,80,0.5884876847267151,0.578342080116272,0.5758846998214722,0.7148957252502441
task07-init09-motion_attenuation_0p5,task07-init09,motion_attenuation_0p5,7,9,post,71,81,0.5928151607513428,0.5880902409553528,0.6309570074081421,0.6711914539337158
task07-init09-motion_attenuation_0p5,task07-init09,motion_attenuation_0p5,7,9,post,72,82,0.5697934627532959,0.555539071559906,0.5776349306106567,0.6640716195106506
task07-init09-motion_attenuation_0p5,task07-init09,motion_attenuation_0p5,7,9,post,73,83,0.5689378976821899,0.5673296451568604,0.6039135456085205,0.6702061891555786
task07-init09-motion_attenuation_0p5,task07-init09,motion_attenuation_0p5,7,9,post,74,84,0.6067655682563782,0.5939421057701111,0.6136413216590881,0.6607775092124939
task07-init09-motion_attenuation_0p5,task07-init09,motion_attenuation_0p5,7,9,post,75,85,0.5705302953720093,0.57988041639328,0.5526615977287292,0.5993678569793701
task07-init09-motion_attenuation_0p5,task07-init09,motion_attenuation_0p5,7,9,post,76,86,0.5872443914413452,0.596403956413269,0.5792081356048584,0.7477239966392517
task07-init09-motion_attenuation_0p5,task07-init09,motion_attenuation_0p5,7,9,post,77,87,0.583619236946106,0.57398521900177,0.5459538698196411,0.5840348601341248
task07-init09-motion_attenuation_0p5,task07-init09,motion_attenuation_0p5,7,9,post,78,88,0.7239488363265991,0.6847483515739441,0.6630094051361084,0.6659566164016724
task07-init09-motion_attenuation_0p5,task07-init09,motion_attenuation_0p5,7,9,post,79,89,0.6188653707504272,0.5651518106460571,0.568312406539917,0.574152410030365
task07-init09-action_delay_3,task07-init09,action_delay_3,7,9,pre,10,20,0.7681328654289246,0.7681328654289246,0.813790500164032,1.1364039182662964
task07-init09-action_delay_3,task07-init09,action_delay_3,7,9,pre,11,21,0.7152403593063354,0.7152403593063354,0.67881840467453,0.9982924461364746
task07-init09-action_delay_3,task07-init09,action_delay_3,7,9,pre,12,22,0.6390750408172607,0.6390750408172607,0.6492936015129089,0.8154929876327515
task07-init09-action_delay_3,task07-init09,action_delay_3,7,9,pre,13,23,0.5949363708496094,0.5949363708496094,0.5979421138763428,0.7181879281997681
task07-init09-action_delay_3,task07-init09,action_delay_3,7,9,pre,14,24,0.6481858491897583,0.6481858491897583,0.6623481512069702,0.7209177017211914
task07-init09-action_delay_3,task07-init09,action_delay_3,7,9,pre,15,25,0.7749824523925781,0.7749824523925781,0.7234108448028564,0.9406914710998535
task07-init09-action_delay_3,task07-init09,action_delay_3,7,9,pre,16,26,0.7108969688415527,0.7108969688415527,0.7230397462844849,0.9554327726364136
task07-init09-action_delay_3,task07-init09,action_delay_3,7,9,pre,17,27,0.7605762481689453,0.7605762481689453,0.8451523184776306,1.042794942855835
task07-init09-action_delay_3,task07-init09,action_delay_3,7,9,pre,18,28,0.9066004157066345,0.9066004157066345,0.9307114481925964,1.2016878128051758
task07-init09-action_delay_3,task07-init09,action_delay_3,7,9,pre,19,29,0.966637134552002,0.966637134552002,0.900157630443573,1.3761940002441406
task07-init09-action_delay_3,task07-init09,action_delay_3,7,9,pre,20,30,0.9732872843742371,0.9732872843742371,1.0278725624084473,1.4087865352630615
task07-init09-action_delay_3,task07-init09,action_delay_3,7,9,pre,21,31,0.7986799478530884,0.7986799478530884,0.8834069967269897,1.34492826461792
task07-init09-action_delay_3,task07-init09,action_delay_3,7,9,pre,22,32,0.7735962867736816,0.7735962867736816,0.8405426740646362,1.404185175895691
task07-init09-action_delay_3,task07-init09,action_delay_3,7,9,pre,23,33,0.7818561792373657,0.7818561792373657,0.7620700597763062,1.4580583572387695
task07-init09-action_delay_3,task07-init09,action_delay_3,7,9,pre,24,34,0.9301646947860718,0.9301646947860718,0.7911462783813477,1.579842448234558
task07-init09-action_delay_3,task07-init09,action_delay_3,7,9,pre,25,35,1.0461724996566772,1.0461724996566772,0.9203812479972839,1.680596113204956
task07-init09-action_delay_3,task07-init09,action_delay_3,7,9,pre,26,36,0.9827136397361755,0.9827136397361755,0.9298226237297058,1.715087652206421
task07-init09-action_delay_3,task07-init09,action_delay_3,7,9,pre,27,37,0.8996191024780273,0.8996191024780273,0.8799211382865906,1.7347530126571655
task07-init09-action_delay_3,task07-init09,action_delay_3,7,9,pre,28,38,0.9272267818450928,0.9272267818450928,0.8550806045532227,1.7614696025848389
task07-init09-action_delay_3,task07-init09,action_delay_3,7,9,pre,29,39,0.8123160600662231,0.8123160600662231,0.7876099348068237,1.6462581157684326
task07-init09-action_delay_3,task07-init09,action_delay_3,7,9,pre,30,40,0.7405371069908142,0.7405371069908142,0.7079712748527527,1.4087347984313965
task07-init09-action_delay_3,task07-init09,action_delay_3,7,9,pre,31,41,0.7051162719726562,0.7051162719726562,0.6804978251457214,1.1849344968795776
task07-init09-action_delay_3,task07-init09,action_delay_3,7,9,pre,32,42,0.6681725978851318,0.6681725978851318,0.6435419321060181,0.916953444480896
task07-init09-action_delay_3,task07-init09,action_delay_3,7,9,pre,33,43,0.5706059336662292,0.5706059336662292,0.5492560863494873,0.6917123198509216
task07-init09-action_delay_3,task07-init09,action_delay_3,7,9,pre,34,44,0.49282655119895935,0.49282655119895935,0.48046886920928955,0.4694851338863373
task07-init09-action_delay_3,task07-init09,action_delay_3,7,9,pre,35,45,0.43840616941452026,0.43840616941452026,0.4255385994911194,0.31401485204696655
task07-init09-action_delay_3,task07-init09,action_delay_3,7,9,pre,36,46,0.45486435294151306,0.45486435294151306,0.43765848875045776,0.37972256541252136
task07-init09-action_delay_3,task07-init09,action_delay_3,7,9,pre,37,47,0.39156627655029297,0.39156627655029297,0.3893706500530243,0.3134579360485077
task07-init09-action_delay_3,task07-init09,action_delay_3,7,9,pre,38,48,0.395871639251709,0.395871639251709,0.38640451431274414,0.27753305435180664
task07-init09-action_delay_3,task07-init09,action_delay_3,7,9,pre,39,49,0.3839426040649414,0.3839426040649414,0.3741700053215027,0.30685141682624817
task07-init09-action_delay_3,task07-init09,action_delay_3,7,9,post,50,60,0.41058072447776794,0.40285536646842957,0.36538586020469666,0.24779868125915527
task07-init09-action_delay_3,task07-init09,action_delay_3,7,9,post,51,61,0.42981499433517456,0.4262365996837616,0.38818448781967163,0.23630842566490173
task07-init09-action_delay_3,task07-init09,action_delay_3,7,9,post,52,62,0.4352840781211853,0.43459638953208923,0.39084920287132263,0.26335716247558594
task07-init09-action_delay_3,task07-init09,action_delay_3,7,9,post,53,63,0.4380571246147156,0.43948298692703247,0.40684542059898376,0.2839187979698181
task07-init09-action_delay_3,task07-init09,action_delay_3,7,9,post,54,64,0.4043121337890625,0.4052090048789978,0.37535640597343445,0.3045940697193146
task07-init09-action_delay_3,task07-init09,action_delay_3,7,9,post,55,65,0.398153156042099,0.39709919691085815,0.3755733370780945,0.3162572383880615
task07-init09-action_delay_3,task07-init09,action_delay_3,7,9,post,56,66,0.42568057775497437,0.42486363649368286,0.3982953727245331,0.3432614207267761
task07-init09-action_delay_3,task07-init09,action_delay_3,7,9,post,57,67,0.4091517925262451,0.4061136841773987,0.38632363080978394,0.3444178104400635
task07-init09-action_delay_3,task07-init09,action_delay_3,7,9,post,58,68,0.4113306701183319,0.41076144576072693,0.3877863883972168,0.40277546644210815
task07-init09-action_delay_3,task07-init09,action_delay_3,7,9,post,59,69,0.4583759009838104,0.4560600221157074,0.4444793164730072,0.41230472922325134
task07-init09-action_delay_3,task07-init09,action_delay_3,7,9,post,60,70,0.49031123518943787,0.48531803488731384,0.47597527503967285,0.41662073135375977
task07-init09-action_delay_3,task07-init09,action_delay_3,7,9,post,61,71,0.4645513892173767,0.4647420346736908,0.46431323885917664,0.430341899394989
task07-init09-action_delay_3,task07-init09,action_delay_3,7,9,post,62,72,0.5332255363464355,0.540075421333313,0.5392140746116638,0.47355955839157104
task07-init09-action_delay_3,task07-init09,action_delay_3,7,9,post,63,73,0.5850300788879395,0.6003813743591309,0.5945098400115967,0.6232091188430786
task07-init09-action_delay_3,task07-init09,action_delay_3,7,9,post,64,74,0.563975989818573,0.5884521007537842,0.580004096031189,0.709210991859436
task07-init09-action_delay_3,task07-init09,action_delay_3,7,9,post,65,75,0.6461899280548096,0.6686407923698425,0.647045373916626,0.7950810194015503
task07-init09-action_delay_3,task07-init09,action_delay_3,7,9,post,66,76,0.6388542652130127,0.6624878644943237,0.6700730323791504,0.8149148225784302
task07-init09-action_delay_3,task07-init09,action_delay_3,7,9,post,67,77,0.6454114317893982,0.665992259979248,0.6994444131851196,0.8449877500534058
task07-init09-action_delay_3,task07-init09,action_delay_3,7,9,post,68,78,0.720127284526825,0.7390062212944031,0.7538982629776001,0.8884649276733398
task07-init09-action_delay_3,task07-init09,action_delay_3,7,9,post,69,79,0.7102565169334412,0.7180951833724976,0.7690814733505249,0.9675631523132324
task07-init09-action_delay_3,task07-init09,action_delay_3,7,9,post,70,80,0.6577789783477783,0.681006908416748,0.7234348058700562,0.9729841947555542
task07-init09-action_delay_3,task07-init09,action_delay_3,7,9,post,71,81,0.827513575553894,0.8253425359725952,0.8313748836517334,0.9510895609855652
task07-init09-action_delay_3,task07-init09,action_delay_3,7,9,post,72,82,0.7020436525344849,0.7072358131408691,0.6909151077270508,0.9518500566482544
task07-init09-action_delay_3,task07-init09,action_delay_3,7,9,post,73,83,0.7409052848815918,0.7649240493774414,0.7381428480148315,0.9294008016586304
task07-init09-action_delay_3,task07-init09,action_delay_3,7,9,post,74,84,0.7203191518783569,0.7167097926139832,0.6684285402297974,0.7239583730697632
task07-init09-action_delay_3,task07-init09,action_delay_3,7,9,post,75,85,0.773579478263855,0.7657892107963562,0.6570701003074646,0.7086753845214844
task07-init09-action_delay_3,task07-init09,action_delay_3,7,9,post,76,86,0.6798250079154968,0.6818063259124756,0.6830159425735474,0.7924051284790039
task07-init09-action_delay_3,task07-init09,action_delay_3,7,9,post,77,87,0.6327567100524902,0.6459590196609497,0.6346697211265564,0.7365291118621826
task07-init09-action_delay_3,task07-init09,action_delay_3,7,9,post,78,88,0.7137641310691833,0.7278714179992676,0.6960564851760864,0.8268660306930542
task07-init09-action_delay_3,task07-init09,action_delay_3,7,9,post,79,89,0.6562642455101013,0.6557810306549072,0.6355051398277283,0.7321469187736511
task08-init11-nominal,task08-init11,nominal,8,11,pre,10,20,0.66966313123703,0.66966313123703,0.6949629783630371,1.2241301536560059
task08-init11-nominal,task08-init11,nominal,8,11,pre,11,21,0.6923836469650269,0.6923836469650269,0.7090119123458862,1.1091049909591675
task08-init11-nominal,task08-init11,nominal,8,11,pre,12,22,0.5855908393859863,0.5855908393859863,0.5890562534332275,1.0962049961090088
task08-init11-nominal,task08-init11,nominal,8,11,pre,13,23,0.6472357511520386,0.6472357511520386,0.6390308737754822,1.0876519680023193
task08-init11-nominal,task08-init11,nominal,8,11,pre,14,24,0.6784650683403015,0.6784650683403015,0.6601699590682983,1.0324389934539795
task08-init11-nominal,task08-init11,nominal,8,11,pre,15,25,0.6312736868858337,0.6312736868858337,0.6603423953056335,1.1638963222503662
task08-init11-nominal,task08-init11,nominal,8,11,pre,16,26,0.7017337679862976,0.7017337679862976,0.7295076251029968,1.085233211517334
task08-init11-nominal,task08-init11,nominal,8,11,pre,17,27,0.6942659616470337,0.6942659616470337,0.7557961344718933,1.0993527173995972
task08-init11-nominal,task08-init11,nominal,8,11,pre,18,28,0.6988333463668823,0.6988333463668823,0.749447226524353,1.2561676502227783
task08-init11-nominal,task08-init11,nominal,8,11,pre,19,29,0.692839503288269,0.692839503288269,0.7512483596801758,1.0802539587020874
task08-init11-nominal,task08-init11,nominal,8,11,pre,20,30,0.6489171385765076,0.6489171385765076,0.7327483892440796,1.033380389213562
task08-init11-nominal,task08-init11,nominal,8,11,pre,21,31,0.6582568883895874,0.6582568883895874,0.7511901259422302,1.1055059432983398
task08-init11-nominal,task08-init11,nominal,8,11,pre,22,32,0.7216523885726929,0.7216523885726929,0.7681254148483276,0.9681040048599243
task08-init11-nominal,task08-init11,nominal,8,11,pre,23,33,0.7787485122680664,0.7787485122680664,0.8057805895805359,1.0060560703277588
task08-init11-nominal,task08-init11,nominal,8,11,pre,24,34,0.8384374380111694,0.8384374380111694,0.8373104929924011,1.0023398399353027
task08-init11-nominal,task08-init11,nominal,8,11,pre,25,35,0.8888888359069824,0.8888888359069824,0.7993265986442566,0.9610893130302429
task08-init11-nominal,task08-init11,nominal,8,11,pre,26,36,0.8429737091064453,0.8429737091064453,0.7645071744918823,0.9011024236679077
task08-init11-nominal,task08-init11,nominal,8,11,pre,27,37,0.8407138586044312,0.8407138586044312,0.7957905530929565,0.8641058802604675
task08-init11-nominal,task08-init11,nominal,8,11,pre,28,38,0.7947370409965515,0.7947370409965515,0.7834844589233398,0.7978314161300659
task08-init11-nominal,task08-init11,nominal,8,11,pre,29,39,0.7744216918945312,0.7744216918945312,0.7246677279472351,0.8384987711906433
task08-init11-nominal,task08-init11,nominal,8,11,pre,30,40,0.8289870023727417,0.8289870023727417,0.8490936160087585,0.7933496236801147
task08-init11-nominal,task08-init11,nominal,8,11,pre,31,41,0.7864259481430054,0.7864259481430054,0.8238050937652588,0.8492980003356934
task08-init11-nominal,task08-init11,nominal,8,11,pre,32,42,0.7015792727470398,0.7015792727470398,0.7239309549331665,0.7668768763542175
task08-init11-nominal,task08-init11,nominal,8,11,pre,33,43,0.6784325838088989,0.6784325838088989,0.7122063636779785,0.7919172048568726
task08-init11-nominal,task08-init11,nominal,8,11,pre,34,44,0.6965130567550659,0.6965130567550659,0.7457947134971619,0.8322347402572632
task08-init11-nominal,task08-init11,nominal,8,11,pre,35,45,0.7535356283187866,0.7535356283187866,0.8060977458953857,0.8636442422866821
task08-init11-nominal,task08-init11,nominal,8,11,pre,36,46,0.7930170893669128,0.7930170893669128,0.8423854112625122,0.9508284330368042
task08-init11-nominal,task08-init11,nominal,8,11,pre,37,47,0.7514678835868835,0.7514678835868835,0.7876008749008179,1.0793266296386719
task08-init11-nominal,task08-init11,nominal,8,11,pre,38,48,0.8291758298873901,0.8291758298873901,0.8113363981246948,1.1364734172821045
task08-init11-nominal,task08-init11,nominal,8,11,pre,39,49,0.9494600296020508,0.9494600296020508,0.9176377058029175,1.4745852947235107
task08-init11-nominal,task08-init11,nominal,8,11,post,50,60,0.8281296491622925,0.8281296491622925,0.8357853889465332,0.7090415954589844
task08-init11-nominal,task08-init11,nominal,8,11,post,51,61,0.8172091245651245,0.8172091245651245,0.8492342829704285,0.8563756942749023
task08-init11-nominal,task08-init11,nominal,8,11,post,52,62,0.8412995338439941,0.8412995338439941,0.8728988170623779,0.8587273359298706
task08-init11-nominal,task08-init11,nominal,8,11,post,53,63,0.867132306098938,0.867132306098938,0.8992184400558472,0.9663810729980469
task08-init11-nominal,task08-init11,nominal,8,11,post,54,64,0.9006930589675903,0.9006930589675903,0.9265007972717285,1.122788667678833
task08-init11-nominal,task08-init11,nominal,8,11,post,55,65,0.9619023203849792,0.9619023203849792,0.9652721285820007,1.2049152851104736
task08-init11-nominal,task08-init11,nominal,8,11,post,56,66,0.8799635767936707,0.8799635767936707,0.8963742256164551,1.1707401275634766
task08-init11-nominal,task08-init11,nominal,8,11,post,57,67,0.7346712946891785,0.7346712946891785,0.8110472559928894,1.4116084575653076
task08-init11-nominal,task08-init11,nominal,8,11,post,58,68,0.7293030023574829,0.7293030023574829,0.7550762891769409,1.4174480438232422
task08-init11-nominal,task08-init11,nominal,8,11,post,59,69,0.6448590755462646,0.6448590755462646,0.6514930725097656,1.3748831748962402
task08-init11-nominal,task08-init11,nominal,8,11,post,60,70,0.6198338270187378,0.6198338270187378,0.6265000700950623,1.2658607959747314
task08-init11-nominal,task08-init11,nominal,8,11,post,61,71,0.6475180387496948,0.6475180387496948,0.6549758315086365,1.2663962841033936
task08-init11-nominal,task08-init11,nominal,8,11,post,62,72,0.6869511604309082,0.6869511604309082,0.6473541259765625,1.3014949560165405
task08-init11-nominal,task08-init11,nominal,8,11,post,63,73,0.7188445925712585,0.7188445925712585,0.687760591506958,1.2421272993087769
task08-init11-nominal,task08-init11,nominal,8,11,post,64,74,0.6983451843261719,0.6983451843261719,0.6151604056358337,1.2318155765533447
task08-init11-nominal,task08-init11,nominal,8,11,post,65,75,0.6313359141349792,0.6313359141349792,0.594839334487915,1.028986930847168
task08-init11-nominal,task08-init11,nominal,8,11,post,66,76,0.6569151878356934,0.6569151878356934,0.6275606751441956,0.9738163948059082
task08-init11-nominal,task08-init11,nominal,8,11,post,67,77,0.615007758140564,0.615007758140564,0.5979337096214294,0.8132297396659851
task08-init11-nominal,task08-init11,nominal,8,11,post,68,78,0.6712228655815125,0.6712228655815125,0.666724443435669,0.8530804514884949
task08-init11-nominal,task08-init11,nominal,8,11,post,69,79,0.6333062052726746,0.6333062052726746,0.615493893623352,0.8430389761924744
task08-init11-nominal,task08-init11,nominal,8,11,post,70,80,0.6547253131866455,0.6547253131866455,0.6582155227661133,0.8640327453613281
task08-init11-nominal,task08-init11,nominal,8,11,post,71,81,0.6481237411499023,0.6481237411499023,0.6548275351524353,0.8904721736907959
task08-init11-nominal,task08-init11,nominal,8,11,post,72,82,0.6400362849235535,0.6400362849235535,0.6570287346839905,0.8861650228500366
task08-init11-nominal,task08-init11,nominal,8,11,post,73,83,0.6914454698562622,0.6914454698562622,0.723922848701477,0.8869373798370361
task08-init11-nominal,task08-init11,nominal,8,11,post,74,84,0.6718160510063171,0.6718160510063171,0.7301532626152039,0.8914706707000732
task08-init11-nominal,task08-init11,nominal,8,11,post,75,85,0.6474039554595947,0.6474039554595947,0.6560665965080261,0.7865719795227051
task08-init11-nominal,task08-init11,nominal,8,11,post,76,86,0.621947169303894,0.621947169303894,0.6267935633659363,0.7213380336761475
task08-init11-nominal,task08-init11,nominal,8,11,post,77,87,0.6400861740112305,0.6400861740112305,0.6323095560073853,0.7003456950187683
task08-init11-nominal,task08-init11,nominal,8,11,post,78,88,0.6131578683853149,0.6131578683853149,0.6235942244529724,0.6363816261291504
task08-init11-nominal,task08-init11,nominal,8,11,post,79,89,0.5930495858192444,0.5930495858192444,0.5740194916725159,0.5605977773666382
task08-init11-motion_attenuation_0p5,task08-init11,motion_attenuation_0p5,8,11,pre,10,20,0.66966313123703,0.66966313123703,0.6949629783630371,1.2241301536560059
task08-init11-motion_attenuation_0p5,task08-init11,motion_attenuation_0p5,8,11,pre,11,21,0.6923836469650269,0.6923836469650269,0.7090119123458862,1.1091049909591675
task08-init11-motion_attenuation_0p5,task08-init11,motion_attenuation_0p5,8,11,pre,12,22,0.5855908393859863,0.5855908393859863,0.5890562534332275,1.0962049961090088
task08-init11-motion_attenuation_0p5,task08-init11,motion_attenuation_0p5,8,11,pre,13,23,0.6472357511520386,0.6472357511520386,0.6390308737754822,1.0876519680023193
task08-init11-motion_attenuation_0p5,task08-init11,motion_attenuation_0p5,8,11,pre,14,24,0.6784650683403015,0.6784650683403015,0.6601699590682983,1.0324389934539795
task08-init11-motion_attenuation_0p5,task08-init11,motion_attenuation_0p5,8,11,pre,15,25,0.6312736868858337,0.6312736868858337,0.6603423953056335,1.1638963222503662
task08-init11-motion_attenuation_0p5,task08-init11,motion_attenuation_0p5,8,11,pre,16,26,0.7017337679862976,0.7017337679862976,0.7295076251029968,1.085233211517334
task08-init11-motion_attenuation_0p5,task08-init11,motion_attenuation_0p5,8,11,pre,17,27,0.6942659616470337,0.6942659616470337,0.7557961344718933,1.0993527173995972
task08-init11-motion_attenuation_0p5,task08-init11,motion_attenuation_0p5,8,11,pre,18,28,0.6988333463668823,0.6988333463668823,0.749447226524353,1.2561676502227783
task08-init11-motion_attenuation_0p5,task08-init11,motion_attenuation_0p5,8,11,pre,19,29,0.692839503288269,0.692839503288269,0.7512483596801758,1.0802539587020874
task08-init11-motion_attenuation_0p5,task08-init11,motion_attenuation_0p5,8,11,pre,20,30,0.6489171385765076,0.6489171385765076,0.7327483892440796,1.033380389213562
task08-init11-motion_attenuation_0p5,task08-init11,motion_attenuation_0p5,8,11,pre,21,31,0.6582568883895874,0.6582568883895874,0.7511901259422302,1.1055059432983398
task08-init11-motion_attenuation_0p5,task08-init11,motion_attenuation_0p5,8,11,pre,22,32,0.7216523885726929,0.7216523885726929,0.7681254148483276,0.9681040048599243
task08-init11-motion_attenuation_0p5,task08-init11,motion_attenuation_0p5,8,11,pre,23,33,0.7787485122680664,0.7787485122680664,0.8057805895805359,1.0060560703277588
task08-init11-motion_attenuation_0p5,task08-init11,motion_attenuation_0p5,8,11,pre,24,34,0.8384374380111694,0.8384374380111694,0.8373104929924011,1.0023398399353027
task08-init11-motion_attenuation_0p5,task08-init11,motion_attenuation_0p5,8,11,pre,25,35,0.8888888359069824,0.8888888359069824,0.7993265986442566,0.9610893130302429
task08-init11-motion_attenuation_0p5,task08-init11,motion_attenuation_0p5,8,11,pre,26,36,0.8429737091064453,0.8429737091064453,0.7645071744918823,0.9011024236679077
task08-init11-motion_attenuation_0p5,task08-init11,motion_attenuation_0p5,8,11,pre,27,37,0.8407138586044312,0.8407138586044312,0.7957905530929565,0.8641058802604675
task08-init11-motion_attenuation_0p5,task08-init11,motion_attenuation_0p5,8,11,pre,28,38,0.7947370409965515,0.7947370409965515,0.7834844589233398,0.7978314161300659
task08-init11-motion_attenuation_0p5,task08-init11,motion_attenuation_0p5,8,11,pre,29,39,0.7744216918945312,0.7744216918945312,0.7246677279472351,0.8384987711906433
task08-init11-motion_attenuation_0p5,task08-init11,motion_attenuation_0p5,8,11,pre,30,40,0.8289870023727417,0.8289870023727417,0.8490936160087585,0.7933496236801147
task08-init11-motion_attenuation_0p5,task08-init11,motion_attenuation_0p5,8,11,pre,31,41,0.7864259481430054,0.7864259481430054,0.8238050937652588,0.8492980003356934
task08-init11-motion_attenuation_0p5,task08-init11,motion_attenuation_0p5,8,11,pre,32,42,0.7015792727470398,0.7015792727470398,0.7239309549331665,0.7668768763542175
task08-init11-motion_attenuation_0p5,task08-init11,motion_attenuation_0p5,8,11,pre,33,43,0.6784325838088989,0.6784325838088989,0.7122063636779785,0.7919172048568726
task08-init11-motion_attenuation_0p5,task08-init11,motion_attenuation_0p5,8,11,pre,34,44,0.6965130567550659,0.6965130567550659,0.7457947134971619,0.8322347402572632
task08-init11-motion_attenuation_0p5,task08-init11,motion_attenuation_0p5,8,11,pre,35,45,0.7535356283187866,0.7535356283187866,0.8060977458953857,0.8636442422866821
task08-init11-motion_attenuation_0p5,task08-init11,motion_attenuation_0p5,8,11,pre,36,46,0.7930170893669128,0.7930170893669128,0.8423854112625122,0.9508284330368042
task08-init11-motion_attenuation_0p5,task08-init11,motion_attenuation_0p5,8,11,pre,37,47,0.7514678835868835,0.7514678835868835,0.7876008749008179,1.0793266296386719
task08-init11-motion_attenuation_0p5,task08-init11,motion_attenuation_0p5,8,11,pre,38,48,0.8291758298873901,0.8291758298873901,0.8113363981246948,1.1364734172821045
task08-init11-motion_attenuation_0p5,task08-init11,motion_attenuation_0p5,8,11,pre,39,49,0.9494600296020508,0.9494600296020508,0.9176377058029175,1.4745852947235107
task08-init11-motion_attenuation_0p5,task08-init11,motion_attenuation_0p5,8,11,post,50,60,0.7610836029052734,0.7553585767745972,0.7763821482658386,0.5932129621505737
task08-init11-motion_attenuation_0p5,task08-init11,motion_attenuation_0p5,8,11,post,51,61,0.839830756187439,0.8314642906188965,0.8783493041992188,0.7769328951835632
task08-init11-motion_attenuation_0p5,task08-init11,motion_attenuation_0p5,8,11,post,52,62,0.8446674346923828,0.8354217410087585,0.8760561943054199,0.8098666667938232
task08-init11-motion_attenuation_0p5,task08-init11,motion_attenuation_0p5,8,11,post,53,63,0.7694686651229858,0.7599786520004272,0.7933135032653809,0.8134956359863281
task08-init11-motion_attenuation_0p5,task08-init11,motion_attenuation_0p5,8,11,post,54,64,0.7271748781204224,0.7097775340080261,0.7505475878715515,0.733586311340332
task08-init11-motion_attenuation_0p5,task08-init11,motion_attenuation_0p5,8,11,post,55,65,0.8224817514419556,0.7956146001815796,0.8630286455154419,0.7402299642562866
task08-init11-motion_attenuation_0p5,task08-init11,motion_attenuation_0p5,8,11,post,56,66,0.7622772455215454,0.7288732528686523,0.8093904852867126,0.8336602449417114
task08-init11-motion_attenuation_0p5,task08-init11,motion_attenuation_0p5,8,11,post,57,67,0.7224187850952148,0.685417652130127,0.774077832698822,0.8398942947387695
task08-init11-motion_attenuation_0p5,task08-init11,motion_attenuation_0p5,8,11,post,58,68,0.6562867760658264,0.6056896448135376,0.6479065418243408,0.5472261309623718
task08-init11-motion_attenuation_0p5,task08-init11,motion_attenuation_0p5,8,11,post,59,69,0.6422191858291626,0.5779187679290771,0.6011544466018677,0.4871217608451843
task08-init11-motion_attenuation_0p5,task08-init11,motion_attenuation_0p5,8,11,post,60,70,0.7091306447982788,0.6440409421920776,0.6594381332397461,0.596419095993042
task08-init11-motion_attenuation_0p5,task08-init11,motion_attenuation_0p5,8,11,post,61,71,0.6556901931762695,0.59891676902771,0.6235598921775818,0.7437189817428589
task08-init11-motion_attenuation_0p5,task08-init11,motion_attenuation_0p5,8,11,post,62,72,0.6462514400482178,0.590444028377533,0.6134510040283203,0.7424793243408203
task08-init11-motion_attenuation_0p5,task08-init11,motion_attenuation_0p5,8,11,post,63,73,0.5878660082817078,0.5509852170944214,0.549109697341919,0.7128612995147705
task08-init11-motion_attenuation_0p5,task08-init11,motion_attenuation_0p5,8,11,post,64,74,0.5686511397361755,0.5419290065765381,0.5321609377861023,0.7764428853988647
task08-init11-motion_attenuation_0p5,task08-init11,motion_attenuation_0p5,8,11,post,65,75,0.517667293548584,0.5084697008132935,0.4918266534805298,0.9715758562088013
task08-init11-motion_attenuation_0p5,task08-init11,motion_attenuation_0p5,8,11,post,66,76,0.5299780368804932,0.5218642950057983,0.4815307557582855,0.7993521690368652
task08-init11-motion_attenuation_0p5,task08-init11,motion_attenuation_0p5,8,11,post,67,77,0.5901592373847961,0.57887864112854,0.5422957539558411,0.8430155515670776
task08-init11-motion_attenuation_0p5,task08-init11,motion_attenuation_0p5,8,11,post,68,78,0.5662850141525269,0.5733797550201416,0.5224837064743042,0.817229688167572
task08-init11-motion_attenuation_0p5,task08-init11,motion_attenuation_0p5,8,11,post,69,79,0.5427719354629517,0.5438782572746277,0.5060016512870789,0.6710634231567383
task08-init11-motion_attenuation_0p5,task08-init11,motion_attenuation_0p5,8,11,post,70,80,0.563157320022583,0.5647199153900146,0.5418504476547241,0.6870559453964233
task08-init11-motion_attenuation_0p5,task08-init11,motion_attenuation_0p5,8,11,post,71,81,0.5922768115997314,0.5846689939498901,0.555381178855896,0.5676504373550415
task08-init11-motion_attenuation_0p5,task08-init11,motion_attenuation_0p5,8,11,post,72,82,0.5643056631088257,0.5487948656082153,0.5342234969139099,0.6050777435302734
task08-init11-motion_attenuation_0p5,task08-init11,motion_attenuation_0p5,8,11,post,73,83,0.5886666178703308,0.574836015701294,0.5377193689346313,0.5044232606887817
task08-init11-motion_attenuation_0p5,task08-init11,motion_attenuation_0p5,8,11,post,74,84,0.5666823387145996,0.5579488277435303,0.5033549666404724,0.5064419507980347
task08-init11-motion_attenuation_0p5,task08-init11,motion_attenuation_0p5,8,11,post,75,85,0.5136212706565857,0.4953858256340027,0.4768144488334656,0.44399595260620117
task08-init11-motion_attenuation_0p5,task08-init11,motion_attenuation_0p5,8,11,post,76,86,0.5035117864608765,0.49066346883773804,0.4802473783493042,0.418323278427124
task08-init11-motion_attenuation_0p5,task08-init11,motion_attenuation_0p5,8,11,post,77,87,0.5597584843635559,0.5542726516723633,0.5037366151809692,0.49219733476638794
task08-init11-motion_attenuation_0p5,task08-init11,motion_attenuation_0p5,8,11,post,78,88,0.5451022386550903,0.5288931727409363,0.4845845103263855,0.45257043838500977
task08-init11-motion_attenuation_0p5,task08-init11,motion_attenuation_0p5,8,11,post,79,89,0.626518964767456,0.6102830171585083,0.5658695101737976,0.49064749479293823
task08-init11-action_delay_3,task08-init11,action_delay_3,8,11,pre,10,20,0.66966313123703,0.66966313123703,0.6949629783630371,1.2241301536560059
task08-init11-action_delay_3,task08-init11,action_delay_3,8,11,pre,11,21,0.6923836469650269,0.6923836469650269,0.7090119123458862,1.1091049909591675
task08-init11-action_delay_3,task08-init11,action_delay_3,8,11,pre,12,22,0.5855908393859863,0.5855908393859863,0.5890562534332275,1.0962049961090088
task08-init11-action_delay_3,task08-init11,action_delay_3,8,11,pre,13,23,0.6472357511520386,0.6472357511520386,0.6390308737754822,1.0876519680023193
task08-init11-action_delay_3,task08-init11,action_delay_3,8,11,pre,14,24,0.6784650683403015,0.6784650683403015,0.6601699590682983,1.0324389934539795
task08-init11-action_delay_3,task08-init11,action_delay_3,8,11,pre,15,25,0.6312736868858337,0.6312736868858337,0.6603423953056335,1.1638963222503662
task08-init11-action_delay_3,task08-init11,action_delay_3,8,11,pre,16,26,0.7017337679862976,0.7017337679862976,0.7295076251029968,1.085233211517334
task08-init11-action_delay_3,task08-init11,action_delay_3,8,11,pre,17,27,0.6942659616470337,0.6942659616470337,0.7557961344718933,1.0993527173995972
task08-init11-action_delay_3,task08-init11,action_delay_3,8,11,pre,18,28,0.6988333463668823,0.6988333463668823,0.749447226524353,1.2561676502227783
task08-init11-action_delay_3,task08-init11,action_delay_3,8,11,pre,19,29,0.692839503288269,0.692839503288269,0.7512483596801758,1.0802539587020874
task08-init11-action_delay_3,task08-init11,action_delay_3,8,11,pre,20,30,0.6489171385765076,0.6489171385765076,0.7327483892440796,1.033380389213562
task08-init11-action_delay_3,task08-init11,action_delay_3,8,11,pre,21,31,0.6582568883895874,0.6582568883895874,0.7511901259422302,1.1055059432983398
task08-init11-action_delay_3,task08-init11,action_delay_3,8,11,pre,22,32,0.7216523885726929,0.7216523885726929,0.7681254148483276,0.9681040048599243
task08-init11-action_delay_3,task08-init11,action_delay_3,8,11,pre,23,33,0.7787485122680664,0.7787485122680664,0.8057805895805359,1.0060560703277588
task08-init11-action_delay_3,task08-init11,action_delay_3,8,11,pre,24,34,0.8384374380111694,0.8384374380111694,0.8373104929924011,1.0023398399353027
task08-init11-action_delay_3,task08-init11,action_delay_3,8,11,pre,25,35,0.8888888359069824,0.8888888359069824,0.7993265986442566,0.9610893130302429
task08-init11-action_delay_3,task08-init11,action_delay_3,8,11,pre,26,36,0.8429737091064453,0.8429737091064453,0.7645071744918823,0.9011024236679077
task08-init11-action_delay_3,task08-init11,action_delay_3,8,11,pre,27,37,0.8407138586044312,0.8407138586044312,0.7957905530929565,0.8641058802604675
task08-init11-action_delay_3,task08-init11,action_delay_3,8,11,pre,28,38,0.7947370409965515,0.7947370409965515,0.7834844589233398,0.7978314161300659
task08-init11-action_delay_3,task08-init11,action_delay_3,8,11,pre,29,39,0.7744216918945312,0.7744216918945312,0.7246677279472351,0.8384987711906433
task08-init11-action_delay_3,task08-init11,action_delay_3,8,11,pre,30,40,0.8289870023727417,0.8289870023727417,0.8490936160087585,0.7933496236801147
task08-init11-action_delay_3,task08-init11,action_delay_3,8,11,pre,31,41,0.7864259481430054,0.7864259481430054,0.8238050937652588,0.8492980003356934
task08-init11-action_delay_3,task08-init11,action_delay_3,8,11,pre,32,42,0.7015792727470398,0.7015792727470398,0.7239309549331665,0.7668768763542175
task08-init11-action_delay_3,task08-init11,action_delay_3,8,11,pre,33,43,0.6784325838088989,0.6784325838088989,0.7122063636779785,0.7919172048568726
task08-init11-action_delay_3,task08-init11,action_delay_3,8,11,pre,34,44,0.6965130567550659,0.6965130567550659,0.7457947134971619,0.8322347402572632
task08-init11-action_delay_3,task08-init11,action_delay_3,8,11,pre,35,45,0.7535356283187866,0.7535356283187866,0.8060977458953857,0.8636442422866821
task08-init11-action_delay_3,task08-init11,action_delay_3,8,11,pre,36,46,0.7930170893669128,0.7930170893669128,0.8423854112625122,0.9508284330368042
task08-init11-action_delay_3,task08-init11,action_delay_3,8,11,pre,37,47,0.7514678835868835,0.7514678835868835,0.7876008749008179,1.0793266296386719
task08-init11-action_delay_3,task08-init11,action_delay_3,8,11,pre,38,48,0.8291758298873901,0.8291758298873901,0.8113363981246948,1.1364734172821045
task08-init11-action_delay_3,task08-init11,action_delay_3,8,11,pre,39,49,0.9494600296020508,0.9494600296020508,0.9176377058029175,1.4745852947235107
task08-init11-action_delay_3,task08-init11,action_delay_3,8,11,post,50,60,0.7701377868652344,0.7063261270523071,0.7642159461975098,0.33827584981918335
task08-init11-action_delay_3,task08-init11,action_delay_3,8,11,post,51,61,0.7197504043579102,0.6739370226860046,0.7717360258102417,0.49397754669189453
task08-init11-action_delay_3,task08-init11,action_delay_3,8,11,post,52,62,0.6659666299819946,0.6230334043502808,0.7086364030838013,0.4199318289756775
task08-init11-action_delay_3,task08-init11,action_delay_3,8,11,post,53,63,0.7514147162437439,0.703693151473999,0.778317391872406,0.521949052810669
task08-init11-action_delay_3,task08-init11,action_delay_3,8,11,post,54,64,0.7548419833183289,0.7133110761642456,0.781308114528656,0.6799089312553406
task08-init11-action_delay_3,task08-init11,action_delay_3,8,11,post,55,65,0.7945000529289246,0.7446807622909546,0.8152083158493042,0.7038723826408386
task08-init11-action_delay_3,task08-init11,action_delay_3,8,11,post,56,66,0.840104341506958,0.7862492799758911,0.8156344294548035,0.6715161204338074
task08-init11-action_delay_3,task08-init11,action_delay_3,8,11,post,57,67,0.8384485244750977,0.8000931739807129,0.8334790468215942,0.8511492609977722
task08-init11-action_delay_3,task08-init11,action_delay_3,8,11,post,58,68,0.8081121444702148,0.8169010877609253,0.8273550271987915,0.9521232843399048
task08-init11-action_delay_3,task08-init11,action_delay_3,8,11,post,59,69,0.7932486534118652,0.7777807116508484,0.8178187608718872,0.9459829330444336
task08-init11-action_delay_3,task08-init11,action_delay_3,8,11,post,60,70,0.6950688362121582,0.6650997400283813,0.700542151927948,0.9497686624526978
task08-init11-action_delay_3,task08-init11,action_delay_3,8,11,post,61,71,0.7391517162322998,0.7205642461776733,0.7177504301071167,1.131389856338501
task08-init11-action_delay_3,task08-init11,action_delay_3,8,11,post,62,72,0.7285759449005127,0.7427819967269897,0.7089844942092896,1.2718141078948975
task08-init11-action_delay_3,task08-init11,action_delay_3,8,11,post,63,73,0.7070450186729431,0.7032689452171326,0.6914164423942566,1.334843635559082
task08-init11-action_delay_3,task08-init11,action_delay_3,8,11,post,64,74,0.6082170009613037,0.6121543049812317,0.6019724011421204,1.1589678525924683
task08-init11-action_delay_3,task08-init11,action_delay_3,8,11,post,65,75,0.6357648372650146,0.6372135877609253,0.6350136995315552,1.2207233905792236
task08-init11-action_delay_3,task08-init11,action_delay_3,8,11,post,66,76,0.652518630027771,0.6589676141738892,0.6552149057388306,1.2240699529647827
task08-init11-action_delay_3,task08-init11,action_delay_3,8,11,post,67,77,0.6932424306869507,0.6967722773551941,0.6556534767150879,1.1344231367111206
task08-init11-action_delay_3,task08-init11,action_delay_3,8,11,post,68,78,0.6580856442451477,0.6575509309768677,0.615673303604126,0.8894299268722534
task08-init11-action_delay_3,task08-init11,action_delay_3,8,11,post,69,79,0.6332859992980957,0.6321442723274231,0.5994774103164673,0.9886010885238647
task08-init11-action_delay_3,task08-init11,action_delay_3,8,11,post,70,80,0.6462185382843018,0.6339119076728821,0.5948771238327026,0.8610057234764099
task08-init11-action_delay_3,task08-init11,action_delay_3,8,11,post,71,81,0.6363964676856995,0.635242223739624,0.6171411871910095,0.9017674326896667
task08-init11-action_delay_3,task08-init11,action_delay_3,8,11,post,72,82,0.675194263458252,0.6804555654525757,0.6729038953781128,0.9107405543327332
task08-init11-action_delay_3,task08-init11,action_delay_3,8,11,post,73,83,0.6285841464996338,0.6313448548316956,0.6065821647644043,0.7423020601272583
task08-init11-action_delay_3,task08-init11,action_delay_3,8,11,post,74,84,0.6338956356048584,0.6349780559539795,0.636104166507721,0.7294604182243347
task08-init11-action_delay_3,task08-init11,action_delay_3,8,11,post,75,85,0.6029853224754333,0.5994243025779724,0.5851248502731323,0.674735426902771
task08-init11-action_delay_3,task08-init11,action_delay_3,8,11,post,76,86,0.5962883234024048,0.5849101543426514,0.5917395353317261,0.6864160299301147
task08-init11-action_delay_3,task08-init11,action_delay_3,8,11,post,77,87,0.6295422911643982,0.6155882477760315,0.6401591300964355,0.7218741178512573
task08-init11-action_delay_3,task08-init11,action_delay_3,8,11,post,78,88,0.6349798440933228,0.6212002635002136,0.6330522894859314,0.7380334734916687
task08-init11-action_delay_3,task08-init11,action_delay_3,8,11,post,79,89,0.6566965579986572,0.6394861936569214,0.6692643165588379,0.688845157623291
task08-init26-nominal,task08-init26,nominal,8,26,pre,10,20,0.7142323851585388,0.7142323851585388,0.8005808591842651,1.3768525123596191
task08-init26-nominal,task08-init26,nominal,8,26,pre,11,21,0.7040292024612427,0.7040292024612427,0.7403446435928345,1.2749285697937012
task08-init26-nominal,task08-init26,nominal,8,26,pre,12,22,0.6786150932312012,0.6786150932312012,0.6791472434997559,1.1577131748199463
task08-init26-nominal,task08-init26,nominal,8,26,pre,13,23,0.6869863271713257,0.6869863271713257,0.7573353052139282,1.1553184986114502
task08-init26-nominal,task08-init26,nominal,8,26,pre,14,24,0.792064368724823,0.792064368724823,0.8222252130508423,1.2539331912994385
task08-init26-nominal,task08-init26,nominal,8,26,pre,15,25,0.8070510625839233,0.8070510625839233,0.8246134519577026,1.2421214580535889
task08-init26-nominal,task08-init26,nominal,8,26,pre,16,26,0.8144332766532898,0.8144332766532898,0.8847004771232605,1.2857260704040527
task08-init26-nominal,task08-init26,nominal,8,26,pre,17,27,0.6864375472068787,0.6864375472068787,0.7751564383506775,1.2470791339874268
task08-init26-nominal,task08-init26,nominal,8,26,pre,18,28,0.6948684453964233,0.6948684453964233,0.8994597792625427,1.2457164525985718
task08-init26-nominal,task08-init26,nominal,8,26,pre,19,29,0.7292075157165527,0.7292075157165527,0.8805065155029297,1.106781244277954
task08-init26-nominal,task08-init26,nominal,8,26,pre,20,30,0.8311828374862671,0.8311828374862671,0.8988844752311707,1.1565964221954346
task08-init26-nominal,task08-init26,nominal,8,26,pre,21,31,0.8973912000656128,0.8973912000656128,0.9745046496391296,1.218083381652832
task08-init26-nominal,task08-init26,nominal,8,26,pre,22,32,0.9531307220458984,0.9531307220458984,0.966293215751648,1.0555124282836914
task08-init26-nominal,task08-init26,nominal,8,26,pre,23,33,0.8922283053398132,0.8922283053398132,0.818030834197998,1.0136903524398804
task08-init26-nominal,task08-init26,nominal,8,26,pre,24,34,0.8250343203544617,0.8250343203544617,0.7887938022613525,1.075929880142212
task08-init26-nominal,task08-init26,nominal,8,26,pre,25,35,0.8382717967033386,0.8382717967033386,0.7313722372055054,0.902157187461853
task08-init26-nominal,task08-init26,nominal,8,26,pre,26,36,0.6941796541213989,0.6941796541213989,0.6769387125968933,0.8649933338165283
task08-init26-nominal,task08-init26,nominal,8,26,pre,27,37,0.7768799662590027,0.7768799662590027,0.7364343404769897,0.8132811784744263
task08-init26-nominal,task08-init26,nominal,8,26,pre,28,38,0.7526954412460327,0.7526954412460327,0.763382613658905,0.8111616969108582
task08-init26-nominal,task08-init26,nominal,8,26,pre,29,39,0.6879051923751831,0.6879051923751831,0.7245067358016968,0.7792139053344727
task08-init26-nominal,task08-init26,nominal,8,26,pre,30,40,0.6899751424789429,0.6899751424789429,0.7009490728378296,0.735592782497406
task08-init26-nominal,task08-init26,nominal,8,26,pre,31,41,0.6776512861251831,0.6776512861251831,0.6807119846343994,0.8403539061546326
task08-init26-nominal,task08-init26,nominal,8,26,pre,32,42,0.7058854103088379,0.7058854103088379,0.7119239568710327,0.7992834448814392
task08-init26-nominal,task08-init26,nominal,8,26,pre,33,43,0.6692206263542175,0.6692206263542175,0.7103031873703003,0.8224532008171082
task08-init26-nominal,task08-init26,nominal,8,26,pre,34,44,0.6392608880996704,0.6392608880996704,0.6829707026481628,0.8858073949813843
task08-init26-nominal,task08-init26,nominal,8,26,pre,35,45,0.6931236982345581,0.6931236982345581,0.7122896909713745,1.1059859991073608
task08-init26-nominal,task08-init26,nominal,8,26,pre,36,46,0.9288873672485352,0.9288873672485352,0.8172959685325623,1.247693419456482
task08-init26-nominal,task08-init26,nominal,8,26,pre,37,47,0.8769686222076416,0.8769686222076416,0.9670517444610596,1.7268941402435303
task08-init26-nominal,task08-init26,nominal,8,26,pre,38,48,0.9134531021118164,0.9134531021118164,0.9625247716903687,1.8443753719329834
task08-init26-nominal,task08-init26,nominal,8,26,pre,39,49,0.8686630129814148,0.8686630129814148,0.8922023177146912,1.8979790210723877
task08-init26-nominal,task08-init26,nominal,8,26,post,50,60,0.5892407298088074,0.5892407298088074,0.6064532995223999,0.41183826327323914
task08-init26-nominal,task08-init26,nominal,8,26,post,51,61,0.5704517364501953,0.5704517364501953,0.5658125877380371,0.5263322591781616
task08-init26-nominal,task08-init26,nominal,8,26,post,52,62,0.5822370052337646,0.5822370052337646,0.5853308439254761,0.6089118719100952
task08-init26-nominal,task08-init26,nominal,8,26,post,53,63,0.5713168978691101,0.5713168978691101,0.5621727705001831,0.6403988599777222
task08-init26-nominal,task08-init26,nominal,8,26,post,54,64,0.5519704818725586,0.5519704818725586,0.545527458190918,0.7134050726890564
task08-init26-nominal,task08-init26,nominal,8,26,post,55,65,0.5977736711502075,0.5977736711502075,0.5569931268692017,0.8289108276367188
task08-init26-nominal,task08-init26,nominal,8,26,post,56,66,0.6897677183151245,0.6897677183151245,0.6834763884544373,1.0858569145202637
task08-init26-nominal,task08-init26,nominal,8,26,post,57,67,0.6280595660209656,0.6280595660209656,0.6179523468017578,1.0004541873931885
task08-init26-nominal,task08-init26,nominal,8,26,post,58,68,0.6689342260360718,0.6689342260360718,0.6506013870239258,1.2149332761764526
task08-init26-nominal,task08-init26,nominal,8,26,post,59,69,0.6895138025283813,0.6895138025283813,0.6549599170684814,1.270442247390747
task08-init26-nominal,task08-init26,nominal,8,26,post,60,70,0.7554945349693298,0.7554945349693298,0.7376184463500977,1.1536903381347656
task08-init26-nominal,task08-init26,nominal,8,26,post,61,71,0.7521411776542664,0.7521411776542664,0.7059547901153564,1.165933609008789
task08-init26-nominal,task08-init26,nominal,8,26,post,62,72,0.6944276094436646,0.6944276094436646,0.6440818309783936,1.0484179258346558
task08-init26-nominal,task08-init26,nominal,8,26,post,63,73,0.6524453163146973,0.6524453163146973,0.6154154539108276,1.0519064664840698
task08-init26-nominal,task08-init26,nominal,8,26,post,64,74,0.6993751525878906,0.6993751525878906,0.6589062213897705,0.9890245199203491
task08-init26-nominal,task08-init26,nominal,8,26,post,65,75,0.764746904373169,0.764746904373169,0.7517098784446716,1.0431177616119385
task08-init26-nominal,task08-init26,nominal,8,26,post,66,76,0.7234491109848022,0.7234491109848022,0.6940556764602661,0.8706885576248169
task08-init26-nominal,task08-init26,nominal,8,26,post,67,77,0.7261619567871094,0.7261619567871094,0.7030419707298279,0.807908296585083
task08-init26-nominal,task08-init26,nominal,8,26,post,68,78,0.7170877456665039,0.7170877456665039,0.6779791712760925,0.7759250402450562
task08-init26-nominal,task08-init26,nominal,8,26,post,69,79,0.6769244074821472,0.6769244074821472,0.6492882966995239,0.8110557794570923
task08-init26-nominal,task08-init26,nominal,8,26,post,70,80,0.6865477561950684,0.6865477561950684,0.6297488212585449,0.874657392501831
task08-init26-nominal,task08-init26,nominal,8,26,post,71,81,0.6850351691246033,0.6850351691246033,0.6261762380599976,0.8000282645225525
task08-init26-nominal,task08-init26,nominal,8,26,post,72,82,0.6648068428039551,0.6648068428039551,0.6633810997009277,0.7758654952049255
task08-init26-nominal,task08-init26,nominal,8,26,post,73,83,0.6418715715408325,0.6418715715408325,0.6267527937889099,0.7498654127120972
task08-init26-nominal,task08-init26,nominal,8,26,post,74,84,0.6205753087997437,0.6205753087997437,0.5808688998222351,0.6668856143951416
task08-init26-nominal,task08-init26,nominal,8,26,post,75,85,0.6060495376586914,0.6060495376586914,0.6114990711212158,0.6720684766769409
task08-init26-nominal,task08-init26,nominal,8,26,post,76,86,0.5282179713249207,0.5282179713249207,0.5442648530006409,0.6115103960037231
task08-init26-nominal,task08-init26,nominal,8,26,post,77,87,0.5184876322746277,0.5184876322746277,0.5339362025260925,0.6733309030532837
task08-init26-nominal,task08-init26,nominal,8,26,post,78,88,0.5160666704177856,0.5160666704177856,0.5421624183654785,0.606433093547821
task08-init26-nominal,task08-init26,nominal,8,26,post,79,89,0.5360002517700195,0.5360002517700195,0.5650767087936401,0.614132821559906
task08-init26-motion_attenuation_0p5,task08-init26,motion_attenuation_0p5,8,26,pre,10,20,0.7142323851585388,0.7142323851585388,0.8005808591842651,1.3768525123596191
task08-init26-motion_attenuation_0p5,task08-init26,motion_attenuation_0p5,8,26,pre,11,21,0.7040292024612427,0.7040292024612427,0.7403446435928345,1.2749285697937012
task08-init26-motion_attenuation_0p5,task08-init26,motion_attenuation_0p5,8,26,pre,12,22,0.6786150932312012,0.6786150932312012,0.6791472434997559,1.1577131748199463
task08-init26-motion_attenuation_0p5,task08-init26,motion_attenuation_0p5,8,26,pre,13,23,0.6869863271713257,0.6869863271713257,0.7573353052139282,1.1553184986114502
task08-init26-motion_attenuation_0p5,task08-init26,motion_attenuation_0p5,8,26,pre,14,24,0.792064368724823,0.792064368724823,0.8222252130508423,1.2539331912994385
task08-init26-motion_attenuation_0p5,task08-init26,motion_attenuation_0p5,8,26,pre,15,25,0.8070510625839233,0.8070510625839233,0.8246134519577026,1.2421214580535889
task08-init26-motion_attenuation_0p5,task08-init26,motion_attenuation_0p5,8,26,pre,16,26,0.8144332766532898,0.8144332766532898,0.8847004771232605,1.2857260704040527
task08-init26-motion_attenuation_0p5,task08-init26,motion_attenuation_0p5,8,26,pre,17,27,0.6864375472068787,0.6864375472068787,0.7751564383506775,1.2470791339874268
task08-init26-motion_attenuation_0p5,task08-init26,motion_attenuation_0p5,8,26,pre,18,28,0.6948684453964233,0.6948684453964233,0.8994597792625427,1.2457164525985718
task08-init26-motion_attenuation_0p5,task08-init26,motion_attenuation_0p5,8,26,pre,19,29,0.7292075157165527,0.7292075157165527,0.8805065155029297,1.106781244277954
task08-init26-motion_attenuation_0p5,task08-init26,motion_attenuation_0p5,8,26,pre,20,30,0.8311828374862671,0.8311828374862671,0.8988844752311707,1.1565964221954346
task08-init26-motion_attenuation_0p5,task08-init26,motion_attenuation_0p5,8,26,pre,21,31,0.8973912000656128,0.8973912000656128,0.9745046496391296,1.218083381652832
task08-init26-motion_attenuation_0p5,task08-init26,motion_attenuation_0p5,8,26,pre,22,32,0.9531307220458984,0.9531307220458984,0.966293215751648,1.0555124282836914
task08-init26-motion_attenuation_0p5,task08-init26,motion_attenuation_0p5,8,26,pre,23,33,0.8922283053398132,0.8922283053398132,0.818030834197998,1.0136903524398804
task08-init26-motion_attenuation_0p5,task08-init26,motion_attenuation_0p5,8,26,pre,24,34,0.8250343203544617,0.8250343203544617,0.7887938022613525,1.075929880142212
task08-init26-motion_attenuation_0p5,task08-init26,motion_attenuation_0p5,8,26,pre,25,35,0.8382717967033386,0.8382717967033386,0.7313722372055054,0.902157187461853
task08-init26-motion_attenuation_0p5,task08-init26,motion_attenuation_0p5,8,26,pre,26,36,0.6941796541213989,0.6941796541213989,0.6769387125968933,0.8649933338165283
task08-init26-motion_attenuation_0p5,task08-init26,motion_attenuation_0p5,8,26,pre,27,37,0.7768799662590027,0.7768799662590027,0.7364343404769897,0.8132811784744263
task08-init26-motion_attenuation_0p5,task08-init26,motion_attenuation_0p5,8,26,pre,28,38,0.7526954412460327,0.7526954412460327,0.763382613658905,0.8111616969108582
task08-init26-motion_attenuation_0p5,task08-init26,motion_attenuation_0p5,8,26,pre,29,39,0.6879051923751831,0.6879051923751831,0.7245067358016968,0.7792139053344727
task08-init26-motion_attenuation_0p5,task08-init26,motion_attenuation_0p5,8,26,pre,30,40,0.6899751424789429,0.6899751424789429,0.7009490728378296,0.735592782497406
task08-init26-motion_attenuation_0p5,task08-init26,motion_attenuation_0p5,8,26,pre,31,41,0.6776512861251831,0.6776512861251831,0.6807119846343994,0.8403539061546326
task08-init26-motion_attenuation_0p5,task08-init26,motion_attenuation_0p5,8,26,pre,32,42,0.7058854103088379,0.7058854103088379,0.7119239568710327,0.7992834448814392
task08-init26-motion_attenuation_0p5,task08-init26,motion_attenuation_0p5,8,26,pre,33,43,0.6692206263542175,0.6692206263542175,0.7103031873703003,0.8224532008171082
task08-init26-motion_attenuation_0p5,task08-init26,motion_attenuation_0p5,8,26,pre,34,44,0.6392608880996704,0.6392608880996704,0.6829707026481628,0.8858073949813843
task08-init26-motion_attenuation_0p5,task08-init26,motion_attenuation_0p5,8,26,pre,35,45,0.6931236982345581,0.6931236982345581,0.7122896909713745,1.1059859991073608
task08-init26-motion_attenuation_0p5,task08-init26,motion_attenuation_0p5,8,26,pre,36,46,0.9288873672485352,0.9288873672485352,0.8172959685325623,1.247693419456482
task08-init26-motion_attenuation_0p5,task08-init26,motion_attenuation_0p5,8,26,pre,37,47,0.8769686222076416,0.8769686222076416,0.9670517444610596,1.7268941402435303
task08-init26-motion_attenuation_0p5,task08-init26,motion_attenuation_0p5,8,26,pre,38,48,0.9134531021118164,0.9134531021118164,0.9625247716903687,1.8443753719329834
task08-init26-motion_attenuation_0p5,task08-init26,motion_attenuation_0p5,8,26,pre,39,49,0.8686630129814148,0.8686630129814148,0.8922023177146912,1.8979790210723877
task08-init26-motion_attenuation_0p5,task08-init26,motion_attenuation_0p5,8,26,post,50,60,0.586167573928833,0.5606280565261841,0.6013199687004089,0.34025412797927856
task08-init26-motion_attenuation_0p5,task08-init26,motion_attenuation_0p5,8,26,post,51,61,0.6455399990081787,0.6146227717399597,0.6259929537773132,0.3831581473350525
task08-init26-motion_attenuation_0p5,task08-init26,motion_attenuation_0p5,8,26,post,52,62,0.6347975134849548,0.5928221940994263,0.6471024751663208,0.3911791741847992
task08-init26-motion_attenuation_0p5,task08-init26,motion_attenuation_0p5,8,26,post,53,63,0.5792108774185181,0.5363891124725342,0.5896350741386414,0.30554670095443726
task08-init26-motion_attenuation_0p5,task08-init26,motion_attenuation_0p5,8,26,post,54,64,0.5670919418334961,0.5188475251197815,0.5766013860702515,0.32169046998023987
task08-init26-motion_attenuation_0p5,task08-init26,motion_attenuation_0p5,8,26,post,55,65,0.7783569097518921,0.6780964732170105,0.7475346326828003,0.32767635583877563
task08-init26-motion_attenuation_0p5,task08-init26,motion_attenuation_0p5,8,26,post,56,66,0.5918185710906982,0.5291145443916321,0.5522937774658203,0.5935289859771729
task08-init26-motion_attenuation_0p5,task08-init26,motion_attenuation_0p5,8,26,post,57,67,0.563840389251709,0.5127301216125488,0.5496417284011841,0.6892282962799072
task08-init26-motion_attenuation_0p5,task08-init26,motion_attenuation_0p5,8,26,post,58,68,0.6311242580413818,0.5484887361526489,0.5408574342727661,0.8089207410812378
task08-init26-motion_attenuation_0p5,task08-init26,motion_attenuation_0p5,8,26,post,59,69,0.5805681943893433,0.512410581111908,0.4854751229286194,0.7536256313323975
task08-init26-motion_attenuation_0p5,task08-init26,motion_attenuation_0p5,8,26,post,60,70,0.6151404976844788,0.5365961790084839,0.509283185005188,0.8690600395202637
task08-init26-motion_attenuation_0p5,task08-init26,motion_attenuation_0p5,8,26,post,61,71,0.6065932512283325,0.5354671478271484,0.5059518218040466,0.9658627510070801
task08-init26-motion_attenuation_0p5,task08-init26,motion_attenuation_0p5,8,26,post,62,72,0.6036790013313293,0.5669060945510864,0.5027825832366943,1.0430445671081543
task08-init26-motion_attenuation_0p5,task08-init26,motion_attenuation_0p5,8,26,post,63,73,0.5937427282333374,0.5524795651435852,0.5120425224304199,1.021266222000122
task08-init26-motion_attenuation_0p5,task08-init26,motion_attenuation_0p5,8,26,post,64,74,0.6431012749671936,0.6205142140388489,0.545464038848877,1.0408841371536255
task08-init26-motion_attenuation_0p5,task08-init26,motion_attenuation_0p5,8,26,post,65,75,0.6632019281387329,0.6525083780288696,0.5379320383071899,1.249327540397644
task08-init26-motion_attenuation_0p5,task08-init26,motion_attenuation_0p5,8,26,post,66,76,0.5802357196807861,0.5577601194381714,0.5088395476341248,0.8730087280273438
task08-init26-motion_attenuation_0p5,task08-init26,motion_attenuation_0p5,8,26,post,67,77,0.5577031970024109,0.5358867645263672,0.5024998188018799,0.7988108396530151
task08-init26-motion_attenuation_0p5,task08-init26,motion_attenuation_0p5,8,26,post,68,78,0.5784497261047363,0.5603665113449097,0.4935137629508972,0.71751469373703
task08-init26-motion_attenuation_0p5,task08-init26,motion_attenuation_0p5,8,26,post,69,79,0.5575419664382935,0.5346717834472656,0.4792482256889343,0.6203732490539551
task08-init26-motion_attenuation_0p5,task08-init26,motion_attenuation_0p5,8,26,post,70,80,0.5210699439048767,0.5055373907089233,0.47033900022506714,0.5928418040275574
task08-init26-motion_attenuation_0p5,task08-init26,motion_attenuation_0p5,8,26,post,71,81,0.5377283096313477,0.5124585628509521,0.4740407466888428,0.48846155405044556
task08-init26-motion_attenuation_0p5,task08-init26,motion_attenuation_0p5,8,26,post,72,82,0.5259349942207336,0.5006486177444458,0.482136607170105,0.46267861127853394
task08-init26-motion_attenuation_0p5,task08-init26,motion_attenuation_0p5,8,26,post,73,83,0.5626968145370483,0.5450636148452759,0.5146607160568237,0.5529350638389587
task08-init26-motion_attenuation_0p5,task08-init26,motion_attenuation_0p5,8,26,post,74,84,0.5481870174407959,0.5325247645378113,0.5080809593200684,0.567893922328949
task08-init26-motion_attenuation_0p5,task08-init26,motion_attenuation_0p5,8,26,post,75,85,0.5088915824890137,0.48253995180130005,0.4770739674568176,0.5252310037612915
task08-init26-motion_attenuation_0p5,task08-init26,motion_attenuation_0p5,8,26,post,76,86,0.47432276606559753,0.45341476798057556,0.4662441611289978,0.4945454001426697
task08-init26-motion_attenuation_0p5,task08-init26,motion_attenuation_0p5,8,26,post,77,87,0.5284156799316406,0.5069776773452759,0.5122830867767334,0.5603305697441101
task08-init26-motion_attenuation_0p5,task08-init26,motion_attenuation_0p5,8,26,post,78,88,0.5460206866264343,0.5277165174484253,0.5135061740875244,0.5112175345420837
task08-init26-motion_attenuation_0p5,task08-init26,motion_attenuation_0p5,8,26,post,79,89,0.5201067924499512,0.5052541494369507,0.5023464560508728,0.5610635876655579
task08-init26-action_delay_3,task08-init26,action_delay_3,8,26,pre,10,20,0.7142323851585388,0.7142323851585388,0.8005808591842651,1.3768525123596191
task08-init26-action_delay_3,task08-init26,action_delay_3,8,26,pre,11,21,0.7040292024612427,0.7040292024612427,0.7403446435928345,1.2749285697937012
task08-init26-action_delay_3,task08-init26,action_delay_3,8,26,pre,12,22,0.6786150932312012,0.6786150932312012,0.6791472434997559,1.1577131748199463
task08-init26-action_delay_3,task08-init26,action_delay_3,8,26,pre,13,23,0.6869863271713257,0.6869863271713257,0.7573353052139282,1.1553184986114502
task08-init26-action_delay_3,task08-init26,action_delay_3,8,26,pre,14,24,0.792064368724823,0.792064368724823,0.8222252130508423,1.2539331912994385
task08-init26-action_delay_3,task08-init26,action_delay_3,8,26,pre,15,25,0.8070510625839233,0.8070510625839233,0.8246134519577026,1.2421214580535889
task08-init26-action_delay_3,task08-init26,action_delay_3,8,26,pre,16,26,0.8144332766532898,0.8144332766532898,0.8847004771232605,1.2857260704040527
task08-init26-action_delay_3,task08-init26,action_delay_3,8,26,pre,17,27,0.6864375472068787,0.6864375472068787,0.7751564383506775,1.2470791339874268
task08-init26-action_delay_3,task08-init26,action_delay_3,8,26,pre,18,28,0.6948684453964233,0.6948684453964233,0.8994597792625427,1.2457164525985718
task08-init26-action_delay_3,task08-init26,action_delay_3,8,26,pre,19,29,0.7292075157165527,0.7292075157165527,0.8805065155029297,1.106781244277954
task08-init26-action_delay_3,task08-init26,action_delay_3,8,26,pre,20,30,0.8311828374862671,0.8311828374862671,0.8988844752311707,1.1565964221954346
task08-init26-action_delay_3,task08-init26,action_delay_3,8,26,pre,21,31,0.8973912000656128,0.8973912000656128,0.9745046496391296,1.218083381652832
task08-init26-action_delay_3,task08-init26,action_delay_3,8,26,pre,22,32,0.9531307220458984,0.9531307220458984,0.966293215751648,1.0555124282836914
task08-init26-action_delay_3,task08-init26,action_delay_3,8,26,pre,23,33,0.8922283053398132,0.8922283053398132,0.818030834197998,1.0136903524398804
task08-init26-action_delay_3,task08-init26,action_delay_3,8,26,pre,24,34,0.8250343203544617,0.8250343203544617,0.7887938022613525,1.075929880142212
task08-init26-action_delay_3,task08-init26,action_delay_3,8,26,pre,25,35,0.8382717967033386,0.8382717967033386,0.7313722372055054,0.902157187461853
task08-init26-action_delay_3,task08-init26,action_delay_3,8,26,pre,26,36,0.6941796541213989,0.6941796541213989,0.6769387125968933,0.8649933338165283
task08-init26-action_delay_3,task08-init26,action_delay_3,8,26,pre,27,37,0.7768799662590027,0.7768799662590027,0.7364343404769897,0.8132811784744263
task08-init26-action_delay_3,task08-init26,action_delay_3,8,26,pre,28,38,0.7526954412460327,0.7526954412460327,0.763382613658905,0.8111616969108582
task08-init26-action_delay_3,task08-init26,action_delay_3,8,26,pre,29,39,0.6879051923751831,0.6879051923751831,0.7245067358016968,0.7792139053344727
task08-init26-action_delay_3,task08-init26,action_delay_3,8,26,pre,30,40,0.6899751424789429,0.6899751424789429,0.7009490728378296,0.735592782497406
task08-init26-action_delay_3,task08-init26,action_delay_3,8,26,pre,31,41,0.6776512861251831,0.6776512861251831,0.6807119846343994,0.8403539061546326
task08-init26-action_delay_3,task08-init26,action_delay_3,8,26,pre,32,42,0.7058854103088379,0.7058854103088379,0.7119239568710327,0.7992834448814392
task08-init26-action_delay_3,task08-init26,action_delay_3,8,26,pre,33,43,0.6692206263542175,0.6692206263542175,0.7103031873703003,0.8224532008171082
task08-init26-action_delay_3,task08-init26,action_delay_3,8,26,pre,34,44,0.6392608880996704,0.6392608880996704,0.6829707026481628,0.8858073949813843
task08-init26-action_delay_3,task08-init26,action_delay_3,8,26,pre,35,45,0.6931236982345581,0.6931236982345581,0.7122896909713745,1.1059859991073608
task08-init26-action_delay_3,task08-init26,action_delay_3,8,26,pre,36,46,0.9288873672485352,0.9288873672485352,0.8172959685325623,1.247693419456482
task08-init26-action_delay_3,task08-init26,action_delay_3,8,26,pre,37,47,0.8769686222076416,0.8769686222076416,0.9670517444610596,1.7268941402435303
task08-init26-action_delay_3,task08-init26,action_delay_3,8,26,pre,38,48,0.9134531021118164,0.9134531021118164,0.9625247716903687,1.8443753719329834
task08-init26-action_delay_3,task08-init26,action_delay_3,8,26,pre,39,49,0.8686630129814148,0.8686630129814148,0.8922023177146912,1.8979790210723877
task08-init26-action_delay_3,task08-init26,action_delay_3,8,26,post,50,60,0.6447075605392456,0.586098313331604,0.6441788077354431,0.3324543833732605
task08-init26-action_delay_3,task08-init26,action_delay_3,8,26,post,51,61,0.6588677167892456,0.6152600049972534,0.6279594898223877,0.414238303899765
task08-init26-action_delay_3,task08-init26,action_delay_3,8,26,post,52,62,0.5770312547683716,0.543205738067627,0.5437405109405518,0.3423086106777191
task08-init26-action_delay_3,task08-init26,action_delay_3,8,26,post,53,63,0.5820097923278809,0.5555137991905212,0.5521056652069092,0.323097288608551
task08-init26-action_delay_3,task08-init26,action_delay_3,8,26,post,54,64,0.5483691096305847,0.5048565864562988,0.5390555262565613,0.3760046660900116
task08-init26-action_delay_3,task08-init26,action_delay_3,8,26,post,55,65,0.5327504873275757,0.4869356155395508,0.5148009657859802,0.4615539014339447
task08-init26-action_delay_3,task08-init26,action_delay_3,8,26,post,56,66,0.6161926984786987,0.5419482588768005,0.5834791660308838,0.5653691291809082
task08-init26-action_delay_3,task08-init26,action_delay_3,8,26,post,57,67,0.5966430306434631,0.5356682538986206,0.5683281421661377,0.5724520683288574
task08-init26-action_delay_3,task08-init26,action_delay_3,8,26,post,58,68,0.6148907542228699,0.5770031213760376,0.5728363990783691,0.628563642501831
task08-init26-action_delay_3,task08-init26,action_delay_3,8,26,post,59,69,0.6118030548095703,0.5712020397186279,0.5564857721328735,0.8135115504264832
task08-init26-action_delay_3,task08-init26,action_delay_3,8,26,post,60,70,0.6014530658721924,0.5653128623962402,0.5367434024810791,0.8764995336532593
task08-init26-action_delay_3,task08-init26,action_delay_3,8,26,post,61,71,0.583594560623169,0.5719601511955261,0.5378398299217224,0.8910707831382751
task08-init26-action_delay_3,task08-init26,action_delay_3,8,26,post,62,72,0.5623406171798706,0.5600384473800659,0.531777024269104,0.877903401851654
task08-init26-action_delay_3,task08-init26,action_delay_3,8,26,post,63,73,0.626339852809906,0.6374625563621521,0.5717271566390991,1.0479395389556885
task08-init26-action_delay_3,task08-init26,action_delay_3,8,26,post,64,74,0.7741855978965759,0.7713474035263062,0.7169660329818726,0.9199680089950562
task08-init26-action_delay_3,task08-init26,action_delay_3,8,26,post,65,75,0.657484233379364,0.6501397490501404,0.6253211498260498,0.909774661064148
task08-init26-action_delay_3,task08-init26,action_delay_3,8,26,post,66,76,0.6776078939437866,0.6768344640731812,0.6572705507278442,1.0977044105529785
task08-init26-action_delay_3,task08-init26,action_delay_3,8,26,post,67,77,0.7514158487319946,0.7506375312805176,0.6989918947219849,0.936682403087616
task08-init26-action_delay_3,task08-init26,action_delay_3,8,26,post,68,78,0.7380491495132446,0.7362204790115356,0.707697331905365,0.9571258425712585
task08-init26-action_delay_3,task08-init26,action_delay_3,8,26,post,69,79,0.7962722778320312,0.791671872138977,0.7595194578170776,0.8950793147087097
task08-init26-action_delay_3,task08-init26,action_delay_3,8,26,post,70,80,0.7701780796051025,0.7628672122955322,0.7222863435745239,0.8053748607635498
task08-init26-action_delay_3,task08-init26,action_delay_3,8,26,post,71,81,0.7601871490478516,0.7526124715805054,0.7471694946289062,0.7466272711753845
task08-init26-action_delay_3,task08-init26,action_delay_3,8,26,post,72,82,0.7625927925109863,0.7389074563980103,0.7385172247886658,0.7211427688598633
task08-init26-action_delay_3,task08-init26,action_delay_3,8,26,post,73,83,0.7303425669670105,0.7108153700828552,0.6979271769523621,0.6641137599945068
task08-init26-action_delay_3,task08-init26,action_delay_3,8,26,post,74,84,0.7054989337921143,0.7025465965270996,0.6662813425064087,0.7628297805786133
task08-init26-action_delay_3,task08-init26,action_delay_3,8,26,post,75,85,0.6834386587142944,0.6682614088058472,0.6192591190338135,0.6179674863815308
task08-init26-action_delay_3,task08-init26,action_delay_3,8,26,post,76,86,0.672588050365448,0.6552234888076782,0.6321410536766052,0.6359125375747681
task08-init26-action_delay_3,task08-init26,action_delay_3,8,26,post,77,87,0.630669355392456,0.6236264705657959,0.6144907474517822,0.6392237544059753
task08-init26-action_delay_3,task08-init26,action_delay_3,8,26,post,78,88,0.657710075378418,0.6441293954849243,0.6261304616928101,0.6273906230926514
task08-init26-action_delay_3,task08-init26,action_delay_3,8,26,post,79,89,0.6294307112693787,0.6134605407714844,0.6131486296653748,0.6616004705429077
