rollout_id,pair_id,condition,benchmark_task_id,init_state_index,period,start_index,target_index,commanded_h10_raw_mse,executed_h10_raw_mse,no_action_h10_raw_mse,persistence_h10_raw_mse
task04-init05-nominal,task04-init05,nominal,4,5,pre,10,20,0.806388258934021,0.806388258934021,0.9119674563407898,1.5719488859176636
task04-init05-nominal,task04-init05,nominal,4,5,pre,11,21,0.8146737813949585,0.8146737813949585,0.7802747488021851,1.415210485458374
task04-init05-nominal,task04-init05,nominal,4,5,pre,12,22,0.9442533254623413,0.9442533254623413,0.906826376914978,1.4038432836532593
task04-init05-nominal,task04-init05,nominal,4,5,pre,13,23,0.8367071151733398,0.8367071151733398,0.75559401512146,1.2565131187438965
task04-init05-nominal,task04-init05,nominal,4,5,pre,14,24,0.8189765810966492,0.8189765810966492,0.8409593105316162,1.2772234678268433
task04-init05-nominal,task04-init05,nominal,4,5,pre,15,25,0.8519009351730347,0.8519009351730347,0.8245782852172852,1.2271407842636108
task04-init05-nominal,task04-init05,nominal,4,5,pre,16,26,0.898452877998352,0.898452877998352,0.8737697601318359,1.3395202159881592
task04-init05-nominal,task04-init05,nominal,4,5,pre,17,27,0.8835317492485046,0.8835317492485046,0.8685626983642578,1.2703051567077637
task04-init05-nominal,task04-init05,nominal,4,5,pre,18,28,0.8178973197937012,0.8178973197937012,0.8389958143234253,1.3247344493865967
task04-init05-nominal,task04-init05,nominal,4,5,pre,19,29,0.7656142115592957,0.7656142115592957,0.8592724800109863,1.3373124599456787
task04-init05-nominal,task04-init05,nominal,4,5,pre,20,30,0.8295895457267761,0.8295895457267761,0.8754849433898926,1.3898935317993164
task04-init05-nominal,task04-init05,nominal,4,5,pre,21,31,0.8960420489311218,0.8960420489311218,0.8373885154724121,1.4618629217147827
task04-init05-nominal,task04-init05,nominal,4,5,pre,22,32,1.0138297080993652,1.0138297080993652,0.9918757677078247,1.6270711421966553
task04-init05-nominal,task04-init05,nominal,4,5,pre,23,33,1.0289125442504883,1.0289125442504883,0.9557398557662964,1.44418466091156
task04-init05-nominal,task04-init05,nominal,4,5,pre,24,34,0.9276609420776367,0.9276609420776367,0.9074767827987671,1.3327442407608032
task04-init05-nominal,task04-init05,nominal,4,5,pre,25,35,0.8759943842887878,0.8759943842887878,0.8470356464385986,1.2479873895645142
task04-init05-nominal,task04-init05,nominal,4,5,pre,26,36,0.8704193830490112,0.8704193830490112,0.8255767822265625,1.2413685321807861
task04-init05-nominal,task04-init05,nominal,4,5,pre,27,37,0.7911854982376099,0.7911854982376099,0.7378182411193848,1.0706112384796143
task04-init05-nominal,task04-init05,nominal,4,5,pre,28,38,0.7767256498336792,0.7767256498336792,0.7018595933914185,0.8657562136650085
task04-init05-nominal,task04-init05,nominal,4,5,pre,29,39,0.7453501224517822,0.7453501224517822,0.7024018168449402,0.8946715593338013
task04-init05-nominal,task04-init05,nominal,4,5,pre,30,40,0.8371450304985046,0.8371450304985046,0.8227075934410095,0.9635125994682312
task04-init05-nominal,task04-init05,nominal,4,5,pre,31,41,0.8242738246917725,0.8242738246917725,0.8355997800827026,0.8829848766326904
task04-init05-nominal,task04-init05,nominal,4,5,pre,32,42,0.79249107837677,0.79249107837677,0.7918745875358582,0.8778547048568726
task04-init05-nominal,task04-init05,nominal,4,5,pre,33,43,0.8940185308456421,0.8940185308456421,0.9196388125419617,1.006742000579834
task04-init05-nominal,task04-init05,nominal,4,5,pre,34,44,0.848526120185852,0.848526120185852,0.8566780090332031,0.9975301623344421
task04-init05-nominal,task04-init05,nominal,4,5,pre,35,45,0.8959717750549316,0.8959717750549316,0.8840134143829346,1.0040936470031738
task04-init05-nominal,task04-init05,nominal,4,5,pre,36,46,0.8905531764030457,0.8905531764030457,0.8965233564376831,0.890592098236084
task04-init05-nominal,task04-init05,nominal,4,5,pre,37,47,0.8486011028289795,0.8486011028289795,0.8310832977294922,0.6942803263664246
task04-init05-nominal,task04-init05,nominal,4,5,pre,38,48,0.9497203826904297,0.9497203826904297,0.9502081871032715,0.7794603705406189
task04-init05-nominal,task04-init05,nominal,4,5,pre,39,49,1.0474331378936768,1.0474331378936768,1.0409514904022217,0.8453713655471802
task04-init05-nominal,task04-init05,nominal,4,5,post,50,60,0.7746925354003906,0.7746925354003906,0.7760682106018066,0.7789338827133179
task04-init05-nominal,task04-init05,nominal,4,5,post,51,61,0.7354798316955566,0.7354798316955566,0.7267686724662781,0.814734935760498
task04-init05-nominal,task04-init05,nominal,4,5,post,52,62,0.6920763850212097,0.6920763850212097,0.6754279136657715,0.8887890577316284
task04-init05-nominal,task04-init05,nominal,4,5,post,53,63,0.6859580278396606,0.6859580278396606,0.6911565661430359,0.908513069152832
task04-init05-nominal,task04-init05,nominal,4,5,post,54,64,0.748082160949707,0.748082160949707,0.710526168346405,0.9005165100097656
task04-init05-nominal,task04-init05,nominal,4,5,post,55,65,0.6944772601127625,0.6944772601127625,0.6888320446014404,0.7578330039978027
task04-init05-nominal,task04-init05,nominal,4,5,post,56,66,0.7041399478912354,0.7041399478912354,0.6868414878845215,0.7894698977470398
task04-init05-nominal,task04-init05,nominal,4,5,post,57,67,0.8180769681930542,0.8180769681930542,0.7728849649429321,0.7620781660079956
task04-init05-nominal,task04-init05,nominal,4,5,post,58,68,0.7714574337005615,0.7714574337005615,0.7547573447227478,0.8099263906478882
task04-init05-nominal,task04-init05,nominal,4,5,post,59,69,0.8149094581604004,0.8149094581604004,0.8343543410301208,0.9811331629753113
task04-init05-nominal,task04-init05,nominal,4,5,post,60,70,1.0023999214172363,1.0023999214172363,1.0312552452087402,0.9971590042114258
task04-init05-nominal,task04-init05,nominal,4,5,post,61,71,0.9889923930168152,0.9889923930168152,1.000647783279419,1.167262077331543
task04-init05-nominal,task04-init05,nominal,4,5,post,62,72,0.7956140041351318,0.7956140041351318,0.780960738658905,1.0044846534729004
task04-init05-nominal,task04-init05,nominal,4,5,post,63,73,0.8687175512313843,0.8687175512313843,0.8771430253982544,1.1549476385116577
task04-init05-nominal,task04-init05,nominal,4,5,post,64,74,0.8714503049850464,0.8714503049850464,0.8820384740829468,1.1785175800323486
task04-init05-nominal,task04-init05,nominal,4,5,post,65,75,0.835291862487793,0.835291862487793,0.8427612781524658,1.0099186897277832
task04-init05-nominal,task04-init05,nominal,4,5,post,66,76,0.8324455618858337,0.8324455618858337,0.8323975801467896,0.9729551076889038
task04-init05-nominal,task04-init05,nominal,4,5,post,67,77,0.8105416297912598,0.8105416297912598,0.7988395690917969,0.9058490991592407
task04-init05-nominal,task04-init05,nominal,4,5,post,68,78,0.6983561515808105,0.6983561515808105,0.713141679763794,0.8206255435943604
task04-init05-nominal,task04-init05,nominal,4,5,post,69,79,0.7059669494628906,0.7059669494628906,0.6883833408355713,0.7622498273849487
task04-init05-nominal,task04-init05,nominal,4,5,post,70,80,0.6714557409286499,0.6714557409286499,0.7051100730895996,0.8586736917495728
task04-init05-nominal,task04-init05,nominal,4,5,post,71,81,0.6997351050376892,0.6997351050376892,0.7354482412338257,0.8904250860214233
task04-init05-nominal,task04-init05,nominal,4,5,post,72,82,0.7135565280914307,0.7135565280914307,0.7785758972167969,0.8117260336875916
task04-init05-nominal,task04-init05,nominal,4,5,post,73,83,0.70925372838974,0.70925372838974,0.842301607131958,0.9544304609298706
task04-init05-nominal,task04-init05,nominal,4,5,post,74,84,0.7407139539718628,0.7407139539718628,0.7832223773002625,1.0451228618621826
task04-init05-nominal,task04-init05,nominal,4,5,post,75,85,0.6247326135635376,0.6247326135635376,0.6727803945541382,0.8617264628410339
task04-init05-nominal,task04-init05,nominal,4,5,post,76,86,0.6118303537368774,0.6118303537368774,0.6379396319389343,0.9046265482902527
task04-init05-nominal,task04-init05,nominal,4,5,post,77,87,0.6193646192550659,0.6193646192550659,0.6419362425804138,0.899326503276825
task04-init05-nominal,task04-init05,nominal,4,5,post,78,88,0.6204454302787781,0.6204454302787781,0.6700615882873535,0.831701934337616
task04-init05-nominal,task04-init05,nominal,4,5,post,79,89,0.5897599458694458,0.5897599458694458,0.6163898706436157,0.8266856074333191
task04-init05-persistent_motion_dropout,task04-init05,persistent_motion_dropout,4,5,pre,10,20,0.806388258934021,0.806388258934021,0.9119674563407898,1.5719488859176636
task04-init05-persistent_motion_dropout,task04-init05,persistent_motion_dropout,4,5,pre,11,21,0.8146737813949585,0.8146737813949585,0.7802747488021851,1.415210485458374
task04-init05-persistent_motion_dropout,task04-init05,persistent_motion_dropout,4,5,pre,12,22,0.9442533254623413,0.9442533254623413,0.906826376914978,1.4038432836532593
task04-init05-persistent_motion_dropout,task04-init05,persistent_motion_dropout,4,5,pre,13,23,0.8367071151733398,0.8367071151733398,0.75559401512146,1.2565131187438965
task04-init05-persistent_motion_dropout,task04-init05,persistent_motion_dropout,4,5,pre,14,24,0.8189765810966492,0.8189765810966492,0.8409593105316162,1.2772234678268433
task04-init05-persistent_motion_dropout,task04-init05,persistent_motion_dropout,4,5,pre,15,25,0.8519009351730347,0.8519009351730347,0.8245782852172852,1.2271407842636108
task04-init05-persistent_motion_dropout,task04-init05,persistent_motion_dropout,4,5,pre,16,26,0.898452877998352,0.898452877998352,0.8737697601318359,1.3395202159881592
task04-init05-persistent_motion_dropout,task04-init05,persistent_motion_dropout,4,5,pre,17,27,0.8835317492485046,0.8835317492485046,0.8685626983642578,1.2703051567077637
task04-init05-persistent_motion_dropout,task04-init05,persistent_motion_dropout,4,5,pre,18,28,0.8178973197937012,0.8178973197937012,0.8389958143234253,1.3247344493865967
task04-init05-persistent_motion_dropout,task04-init05,persistent_motion_dropout,4,5,pre,19,29,0.7656142115592957,0.7656142115592957,0.8592724800109863,1.3373124599456787
task04-init05-persistent_motion_dropout,task04-init05,persistent_motion_dropout,4,5,pre,20,30,0.8295895457267761,0.8295895457267761,0.8754849433898926,1.3898935317993164
task04-init05-persistent_motion_dropout,task04-init05,persistent_motion_dropout,4,5,pre,21,31,0.8960420489311218,0.8960420489311218,0.8373885154724121,1.4618629217147827
task04-init05-persistent_motion_dropout,task04-init05,persistent_motion_dropout,4,5,pre,22,32,1.0138297080993652,1.0138297080993652,0.9918757677078247,1.6270711421966553
task04-init05-persistent_motion_dropout,task04-init05,persistent_motion_dropout,4,5,pre,23,33,1.0289125442504883,1.0289125442504883,0.9557398557662964,1.44418466091156
task04-init05-persistent_motion_dropout,task04-init05,persistent_motion_dropout,4,5,pre,24,34,0.9276609420776367,0.9276609420776367,0.9074767827987671,1.3327442407608032
task04-init05-persistent_motion_dropout,task04-init05,persistent_motion_dropout,4,5,pre,25,35,0.8759943842887878,0.8759943842887878,0.8470356464385986,1.2479873895645142
task04-init05-persistent_motion_dropout,task04-init05,persistent_motion_dropout,4,5,pre,26,36,0.8704193830490112,0.8704193830490112,0.8255767822265625,1.2413685321807861
task04-init05-persistent_motion_dropout,task04-init05,persistent_motion_dropout,4,5,pre,27,37,0.7911854982376099,0.7911854982376099,0.7378182411193848,1.0706112384796143
task04-init05-persistent_motion_dropout,task04-init05,persistent_motion_dropout,4,5,pre,28,38,0.7767256498336792,0.7767256498336792,0.7018595933914185,0.8657562136650085
task04-init05-persistent_motion_dropout,task04-init05,persistent_motion_dropout,4,5,pre,29,39,0.7453501224517822,0.7453501224517822,0.7024018168449402,0.8946715593338013
task04-init05-persistent_motion_dropout,task04-init05,persistent_motion_dropout,4,5,pre,30,40,0.8371450304985046,0.8371450304985046,0.8227075934410095,0.9635125994682312
task04-init05-persistent_motion_dropout,task04-init05,persistent_motion_dropout,4,5,pre,31,41,0.8242738246917725,0.8242738246917725,0.8355997800827026,0.8829848766326904
task04-init05-persistent_motion_dropout,task04-init05,persistent_motion_dropout,4,5,pre,32,42,0.79249107837677,0.79249107837677,0.7918745875358582,0.8778547048568726
task04-init05-persistent_motion_dropout,task04-init05,persistent_motion_dropout,4,5,pre,33,43,0.8940185308456421,0.8940185308456421,0.9196388125419617,1.006742000579834
task04-init05-persistent_motion_dropout,task04-init05,persistent_motion_dropout,4,5,pre,34,44,0.848526120185852,0.848526120185852,0.8566780090332031,0.9975301623344421
task04-init05-persistent_motion_dropout,task04-init05,persistent_motion_dropout,4,5,pre,35,45,0.8959717750549316,0.8959717750549316,0.8840134143829346,1.0040936470031738
task04-init05-persistent_motion_dropout,task04-init05,persistent_motion_dropout,4,5,pre,36,46,0.8905531764030457,0.8905531764030457,0.8965233564376831,0.890592098236084
task04-init05-persistent_motion_dropout,task04-init05,persistent_motion_dropout,4,5,pre,37,47,0.8486011028289795,0.8486011028289795,0.8310832977294922,0.6942803263664246
task04-init05-persistent_motion_dropout,task04-init05,persistent_motion_dropout,4,5,pre,38,48,0.9497203826904297,0.9497203826904297,0.9502081871032715,0.7794603705406189
task04-init05-persistent_motion_dropout,task04-init05,persistent_motion_dropout,4,5,pre,39,49,1.0474331378936768,1.0474331378936768,1.0409514904022217,0.8453713655471802
task04-init05-persistent_motion_dropout,task04-init05,persistent_motion_dropout,4,5,post,50,60,0.8607721328735352,0.7732905745506287,0.8460386991500854,0.4599805772304535
task04-init05-persistent_motion_dropout,task04-init05,persistent_motion_dropout,4,5,post,51,61,0.8550832271575928,0.738178014755249,0.8294002413749695,0.31621673703193665
task04-init05-persistent_motion_dropout,task04-init05,persistent_motion_dropout,4,5,post,52,62,0.8393113613128662,0.7093738913536072,0.839275598526001,0.23846620321273804
task04-init05-persistent_motion_dropout,task04-init05,persistent_motion_dropout,4,5,post,53,63,0.7906434535980225,0.6659393906593323,0.7966889142990112,0.24375462532043457
task04-init05-persistent_motion_dropout,task04-init05,persistent_motion_dropout,4,5,post,54,64,0.7670145034790039,0.6513223648071289,0.7889173030853271,0.20561537146568298
task04-init05-persistent_motion_dropout,task04-init05,persistent_motion_dropout,4,5,post,55,65,0.8261817693710327,0.6865848898887634,0.8525146245956421,0.17386436462402344
task04-init05-persistent_motion_dropout,task04-init05,persistent_motion_dropout,4,5,post,56,66,0.7757932543754578,0.6237180233001709,0.7768266201019287,0.13423442840576172
task04-init05-persistent_motion_dropout,task04-init05,persistent_motion_dropout,4,5,post,57,67,0.7971588373184204,0.6149972677230835,0.7824868559837341,0.08725316822528839
task04-init05-persistent_motion_dropout,task04-init05,persistent_motion_dropout,4,5,post,58,68,0.7788312435150146,0.5946910381317139,0.7535409927368164,0.07182884216308594
task04-init05-persistent_motion_dropout,task04-init05,persistent_motion_dropout,4,5,post,59,69,0.7859542369842529,0.5899753570556641,0.7442851066589355,0.07323822379112244
task04-init05-persistent_motion_dropout,task04-init05,persistent_motion_dropout,4,5,post,60,70,0.7809548377990723,0.5752878189086914,0.7343618273735046,0.06427467614412308
task04-init05-persistent_motion_dropout,task04-init05,persistent_motion_dropout,4,5,post,61,71,0.7919539213180542,0.5800507068634033,0.7343013286590576,0.057089921087026596
task04-init05-persistent_motion_dropout,task04-init05,persistent_motion_dropout,4,5,post,62,72,0.8015226125717163,0.5874015092849731,0.7403518557548523,0.055788274854421616
task04-init05-persistent_motion_dropout,task04-init05,persistent_motion_dropout,4,5,post,63,73,0.7982206344604492,0.5944300889968872,0.7469552755355835,0.042133625596761703
task04-init05-persistent_motion_dropout,task04-init05,persistent_motion_dropout,4,5,post,64,74,0.8013965487480164,0.5955213904380798,0.7560939788818359,0.04810137674212456
task04-init05-persistent_motion_dropout,task04-init05,persistent_motion_dropout,4,5,post,65,75,0.8212207555770874,0.6105983257293701,0.7646507620811462,0.05430179461836815
task04-init05-persistent_motion_dropout,task04-init05,persistent_motion_dropout,4,5,post,66,76,0.8169420957565308,0.6022522449493408,0.768169641494751,0.032645199447870255
task04-init05-persistent_motion_dropout,task04-init05,persistent_motion_dropout,4,5,post,67,77,0.8020450472831726,0.5950927138328552,0.7575143575668335,0.027924809604883194
task04-init05-persistent_motion_dropout,task04-init05,persistent_motion_dropout,4,5,post,68,78,0.8063850402832031,0.5908831357955933,0.75299072265625,0.024373792111873627
task04-init05-persistent_motion_dropout,task04-init05,persistent_motion_dropout,4,5,post,69,79,0.8099050521850586,0.5838866233825684,0.7438077926635742,0.021786220371723175
task04-init05-persistent_motion_dropout,task04-init05,persistent_motion_dropout,4,5,post,70,80,0.8110018968582153,0.5825856924057007,0.7343541383743286,0.016628913581371307
task04-init05-persistent_motion_dropout,task04-init05,persistent_motion_dropout,4,5,post,71,81,0.7873592376708984,0.575424075126648,0.7199952602386475,0.016573268920183182
task04-init05-persistent_motion_dropout,task04-init05,persistent_motion_dropout,4,5,post,72,82,0.7767140865325928,0.5682874917984009,0.7172451019287109,0.014457765966653824
task04-init05-persistent_motion_dropout,task04-init05,persistent_motion_dropout,4,5,post,73,83,0.7608195543289185,0.5705312490463257,0.716282844543457,0.016268324106931686
task04-init05-persistent_motion_dropout,task04-init05,persistent_motion_dropout,4,5,post,74,84,0.7784603834152222,0.5771054029464722,0.7239336371421814,0.01628403179347515
task04-init05-persistent_motion_dropout,task04-init05,persistent_motion_dropout,4,5,post,75,85,0.7992672324180603,0.5979418158531189,0.748797595500946,0.016604166477918625
task04-init05-persistent_motion_dropout,task04-init05,persistent_motion_dropout,4,5,post,76,86,0.8128330111503601,0.6045176982879639,0.7565447688102722,0.01758830063045025
task04-init05-persistent_motion_dropout,task04-init05,persistent_motion_dropout,4,5,post,77,87,0.839614748954773,0.6217159628868103,0.7753517627716064,0.02034083753824234
task04-init05-persistent_motion_dropout,task04-init05,persistent_motion_dropout,4,5,post,78,88,0.8325120806694031,0.6167666912078857,0.7705730199813843,0.020807037129998207
task04-init05-persistent_motion_dropout,task04-init05,persistent_motion_dropout,4,5,post,79,89,0.8459760546684265,0.621374785900116,0.7756069898605347,0.01998008042573929
task04-init08-nominal,task04-init08,nominal,4,8,pre,10,20,0.8223594427108765,0.8223594427108765,0.8119900226593018,1.3177614212036133
task04-init08-nominal,task04-init08,nominal,4,8,pre,11,21,0.92889803647995,0.92889803647995,0.8618310689926147,1.2786297798156738
task04-init08-nominal,task04-init08,nominal,4,8,pre,12,22,0.855117678642273,0.855117678642273,0.808822512626648,1.2341874837875366
task04-init08-nominal,task04-init08,nominal,4,8,pre,13,23,0.8431763648986816,0.8431763648986816,0.8285557627677917,1.2302874326705933
task04-init08-nominal,task04-init08,nominal,4,8,pre,14,24,0.8410735130310059,0.8410735130310059,0.7690900564193726,1.2621517181396484
task04-init08-nominal,task04-init08,nominal,4,8,pre,15,25,0.9003356695175171,0.9003356695175171,0.7861146926879883,1.1884615421295166
task04-init08-nominal,task04-init08,nominal,4,8,pre,16,26,0.9384989738464355,0.9384989738464355,0.8544224500656128,1.1735622882843018
task04-init08-nominal,task04-init08,nominal,4,8,pre,17,27,0.9390257596969604,0.9390257596969604,0.8789496421813965,1.2586288452148438
task04-init08-nominal,task04-init08,nominal,4,8,pre,18,28,0.9923450946807861,0.9923450946807861,0.9590840339660645,1.2775709629058838
task04-init08-nominal,task04-init08,nominal,4,8,pre,19,29,0.8782039880752563,0.8782039880752563,0.8825641870498657,1.2767462730407715
task04-init08-nominal,task04-init08,nominal,4,8,pre,20,30,0.8475744128227234,0.8475744128227234,0.8588941097259521,1.371423602104187
task04-init08-nominal,task04-init08,nominal,4,8,pre,21,31,0.927865207195282,0.927865207195282,0.969704270362854,1.3977159261703491
task04-init08-nominal,task04-init08,nominal,4,8,pre,22,32,0.8584363460540771,0.8584363460540771,0.9137076735496521,1.3116189241409302
task04-init08-nominal,task04-init08,nominal,4,8,pre,23,33,0.8728944063186646,0.8728944063186646,0.9328652620315552,1.3505091667175293
task04-init08-nominal,task04-init08,nominal,4,8,pre,24,34,0.8881934881210327,0.8881934881210327,0.902498185634613,1.2699192762374878
task04-init08-nominal,task04-init08,nominal,4,8,pre,25,35,0.9071726202964783,0.9071726202964783,0.8957304954528809,1.2163532972335815
task04-init08-nominal,task04-init08,nominal,4,8,pre,26,36,0.8712559938430786,0.8712559938430786,0.8576454520225525,1.102250576019287
task04-init08-nominal,task04-init08,nominal,4,8,pre,27,37,0.8649381399154663,0.8649381399154663,0.8309897184371948,1.015251874923706
task04-init08-nominal,task04-init08,nominal,4,8,pre,28,38,0.7991613149642944,0.7991613149642944,0.7758945226669312,1.0012246370315552
task04-init08-nominal,task04-init08,nominal,4,8,pre,29,39,0.8787187933921814,0.8787187933921814,0.8675707578659058,1.02483069896698
task04-init08-nominal,task04-init08,nominal,4,8,pre,30,40,0.8003115057945251,0.8003115057945251,0.7916312217712402,0.9624942541122437
task04-init08-nominal,task04-init08,nominal,4,8,pre,31,41,0.8200795650482178,0.8200795650482178,0.8203336596488953,1.0860095024108887
task04-init08-nominal,task04-init08,nominal,4,8,pre,32,42,0.8107355833053589,0.8107355833053589,0.8389328718185425,1.173663854598999
task04-init08-nominal,task04-init08,nominal,4,8,pre,33,43,0.9424593448638916,0.9424593448638916,1.023844599723816,1.2525348663330078
task04-init08-nominal,task04-init08,nominal,4,8,pre,34,44,1.0456018447875977,1.0456018447875977,1.0834132432937622,1.3303627967834473
task04-init08-nominal,task04-init08,nominal,4,8,pre,35,45,1.0340335369110107,1.0340335369110107,1.0731589794158936,1.3013453483581543
task04-init08-nominal,task04-init08,nominal,4,8,pre,36,46,1.091296672821045,1.091296672821045,1.1482046842575073,1.3221455812454224
task04-init08-nominal,task04-init08,nominal,4,8,pre,37,47,1.0056204795837402,1.0056204795837402,1.0616602897644043,1.297916293144226
task04-init08-nominal,task04-init08,nominal,4,8,pre,38,48,1.0627641677856445,1.0627641677856445,1.0935049057006836,1.334847331047058
task04-init08-nominal,task04-init08,nominal,4,8,pre,39,49,1.006585955619812,1.006585955619812,1.0427820682525635,1.2951711416244507
task04-init08-nominal,task04-init08,nominal,4,8,post,50,60,1.0185751914978027,1.0185751914978027,1.0918431282043457,1.4017202854156494
task04-init08-nominal,task04-init08,nominal,4,8,post,51,61,0.980678915977478,0.980678915977478,0.9907638430595398,1.3213534355163574
task04-init08-nominal,task04-init08,nominal,4,8,post,52,62,0.9640673398971558,0.9640673398971558,0.9221868515014648,1.1971532106399536
task04-init08-nominal,task04-init08,nominal,4,8,post,53,63,0.9974629282951355,0.9974629282951355,0.9331335425376892,1.1285910606384277
task04-init08-nominal,task04-init08,nominal,4,8,post,54,64,0.918311357498169,0.918311357498169,0.9093884825706482,1.0849112272262573
task04-init08-nominal,task04-init08,nominal,4,8,post,55,65,0.8931010961532593,0.8931010961532593,0.9240033030509949,1.1292080879211426
task04-init08-nominal,task04-init08,nominal,4,8,post,56,66,0.8902566432952881,0.8902566432952881,0.9055160880088806,1.114094614982605
task04-init08-nominal,task04-init08,nominal,4,8,post,57,67,0.7876529097557068,0.7876529097557068,0.8144471645355225,1.1915098428726196
task04-init08-nominal,task04-init08,nominal,4,8,post,58,68,0.6851257085800171,0.6851257085800171,0.7395943403244019,1.150036334991455
task04-init08-nominal,task04-init08,nominal,4,8,post,59,69,0.6682237982749939,0.6682237982749939,0.7064263820648193,1.1513761281967163
task04-init08-nominal,task04-init08,nominal,4,8,post,60,70,0.6587224006652832,0.6587224006652832,0.678973913192749,1.1586713790893555
task04-init08-nominal,task04-init08,nominal,4,8,post,61,71,0.6876000165939331,0.6876000165939331,0.689111590385437,1.1106367111206055
task04-init08-nominal,task04-init08,nominal,4,8,post,62,72,0.668784499168396,0.668784499168396,0.6412426829338074,1.0274146795272827
task04-init08-nominal,task04-init08,nominal,4,8,post,63,73,0.8174759149551392,0.8174759149551392,0.7810403108596802,1.16458261013031
task04-init08-nominal,task04-init08,nominal,4,8,post,64,74,0.7615642547607422,0.7615642547607422,0.7540453672409058,1.0106008052825928
task04-init08-nominal,task04-init08,nominal,4,8,post,65,75,0.797683596611023,0.797683596611023,0.8115190267562866,0.9887928366661072
task04-init08-nominal,task04-init08,nominal,4,8,post,66,76,0.8282904624938965,0.8282904624938965,0.8296515941619873,1.036806344985962
task04-init08-nominal,task04-init08,nominal,4,8,post,67,77,0.7978555560112,0.7978555560112,0.8410531878471375,1.0031050443649292
task04-init08-nominal,task04-init08,nominal,4,8,post,68,78,0.951026439666748,0.951026439666748,0.9580885767936707,1.1110814809799194
task04-init08-nominal,task04-init08,nominal,4,8,post,69,79,0.8305572271347046,0.8305572271347046,0.8538860082626343,1.0720094442367554
task04-init08-nominal,task04-init08,nominal,4,8,post,70,80,0.8211946487426758,0.8211946487426758,0.8349205851554871,1.0027313232421875
task04-init08-nominal,task04-init08,nominal,4,8,post,71,81,0.8018060922622681,0.8018060922622681,0.7807862162590027,1.0102379322052002
task04-init08-nominal,task04-init08,nominal,4,8,post,72,82,0.742246150970459,0.742246150970459,0.7390742301940918,1.0249898433685303
task04-init08-nominal,task04-init08,nominal,4,8,post,73,83,0.721245288848877,0.721245288848877,0.7251337766647339,0.9258832335472107
task04-init08-nominal,task04-init08,nominal,4,8,post,74,84,0.7068292498588562,0.7068292498588562,0.6996001601219177,0.7911221385002136
task04-init08-nominal,task04-init08,nominal,4,8,post,75,85,0.7161860466003418,0.7161860466003418,0.6593758463859558,0.7492780685424805
task04-init08-nominal,task04-init08,nominal,4,8,post,76,86,0.6782414317131042,0.6782414317131042,0.6414862871170044,0.7255797386169434
task04-init08-nominal,task04-init08,nominal,4,8,post,77,87,0.652259111404419,0.652259111404419,0.6354746222496033,0.7156398296356201
task04-init08-nominal,task04-init08,nominal,4,8,post,78,88,0.7663472890853882,0.7663472890853882,0.700082540512085,0.6305961608886719
task04-init08-nominal,task04-init08,nominal,4,8,post,79,89,0.7585065364837646,0.7585065364837646,0.7538172602653503,0.7733985185623169
task04-init08-persistent_motion_dropout,task04-init08,persistent_motion_dropout,4,8,pre,10,20,0.8223594427108765,0.8223594427108765,0.8119900226593018,1.3177614212036133
task04-init08-persistent_motion_dropout,task04-init08,persistent_motion_dropout,4,8,pre,11,21,0.92889803647995,0.92889803647995,0.8618310689926147,1.2786297798156738
task04-init08-persistent_motion_dropout,task04-init08,persistent_motion_dropout,4,8,pre,12,22,0.855117678642273,0.855117678642273,0.808822512626648,1.2341874837875366
task04-init08-persistent_motion_dropout,task04-init08,persistent_motion_dropout,4,8,pre,13,23,0.8431763648986816,0.8431763648986816,0.8285557627677917,1.2302874326705933
task04-init08-persistent_motion_dropout,task04-init08,persistent_motion_dropout,4,8,pre,14,24,0.8410735130310059,0.8410735130310059,0.7690900564193726,1.2621517181396484
task04-init08-persistent_motion_dropout,task04-init08,persistent_motion_dropout,4,8,pre,15,25,0.9003356695175171,0.9003356695175171,0.7861146926879883,1.1884615421295166
task04-init08-persistent_motion_dropout,task04-init08,persistent_motion_dropout,4,8,pre,16,26,0.9384989738464355,0.9384989738464355,0.8544224500656128,1.1735622882843018
task04-init08-persistent_motion_dropout,task04-init08,persistent_motion_dropout,4,8,pre,17,27,0.9390257596969604,0.9390257596969604,0.8789496421813965,1.2586288452148438
task04-init08-persistent_motion_dropout,task04-init08,persistent_motion_dropout,4,8,pre,18,28,0.9923450946807861,0.9923450946807861,0.9590840339660645,1.2775709629058838
task04-init08-persistent_motion_dropout,task04-init08,persistent_motion_dropout,4,8,pre,19,29,0.8782039880752563,0.8782039880752563,0.8825641870498657,1.2767462730407715
task04-init08-persistent_motion_dropout,task04-init08,persistent_motion_dropout,4,8,pre,20,30,0.8475744128227234,0.8475744128227234,0.8588941097259521,1.371423602104187
task04-init08-persistent_motion_dropout,task04-init08,persistent_motion_dropout,4,8,pre,21,31,0.927865207195282,0.927865207195282,0.969704270362854,1.3977159261703491
task04-init08-persistent_motion_dropout,task04-init08,persistent_motion_dropout,4,8,pre,22,32,0.8584363460540771,0.8584363460540771,0.9137076735496521,1.3116189241409302
task04-init08-persistent_motion_dropout,task04-init08,persistent_motion_dropout,4,8,pre,23,33,0.8728944063186646,0.8728944063186646,0.9328652620315552,1.3505091667175293
task04-init08-persistent_motion_dropout,task04-init08,persistent_motion_dropout,4,8,pre,24,34,0.8881934881210327,0.8881934881210327,0.902498185634613,1.2699192762374878
task04-init08-persistent_motion_dropout,task04-init08,persistent_motion_dropout,4,8,pre,25,35,0.9071726202964783,0.9071726202964783,0.8957304954528809,1.2163532972335815
task04-init08-persistent_motion_dropout,task04-init08,persistent_motion_dropout,4,8,pre,26,36,0.8712559938430786,0.8712559938430786,0.8576454520225525,1.102250576019287
task04-init08-persistent_motion_dropout,task04-init08,persistent_motion_dropout,4,8,pre,27,37,0.8649381399154663,0.8649381399154663,0.8309897184371948,1.015251874923706
task04-init08-persistent_motion_dropout,task04-init08,persistent_motion_dropout,4,8,pre,28,38,0.7991613149642944,0.7991613149642944,0.7758945226669312,1.0012246370315552
task04-init08-persistent_motion_dropout,task04-init08,persistent_motion_dropout,4,8,pre,29,39,0.8787187933921814,0.8787187933921814,0.8675707578659058,1.02483069896698
task04-init08-persistent_motion_dropout,task04-init08,persistent_motion_dropout,4,8,pre,30,40,0.8003115057945251,0.8003115057945251,0.7916312217712402,0.9624942541122437
task04-init08-persistent_motion_dropout,task04-init08,persistent_motion_dropout,4,8,pre,31,41,0.8200795650482178,0.8200795650482178,0.8203336596488953,1.0860095024108887
task04-init08-persistent_motion_dropout,task04-init08,persistent_motion_dropout,4,8,pre,32,42,0.8107355833053589,0.8107355833053589,0.8389328718185425,1.173663854598999
task04-init08-persistent_motion_dropout,task04-init08,persistent_motion_dropout,4,8,pre,33,43,0.9424593448638916,0.9424593448638916,1.023844599723816,1.2525348663330078
task04-init08-persistent_motion_dropout,task04-init08,persistent_motion_dropout,4,8,pre,34,44,1.0456018447875977,1.0456018447875977,1.0834132432937622,1.3303627967834473
task04-init08-persistent_motion_dropout,task04-init08,persistent_motion_dropout,4,8,pre,35,45,1.0340335369110107,1.0340335369110107,1.0731589794158936,1.3013453483581543
task04-init08-persistent_motion_dropout,task04-init08,persistent_motion_dropout,4,8,pre,36,46,1.091296672821045,1.091296672821045,1.1482046842575073,1.3221455812454224
task04-init08-persistent_motion_dropout,task04-init08,persistent_motion_dropout,4,8,pre,37,47,1.0056204795837402,1.0056204795837402,1.0616602897644043,1.297916293144226
task04-init08-persistent_motion_dropout,task04-init08,persistent_motion_dropout,4,8,pre,38,48,1.0627641677856445,1.0627641677856445,1.0935049057006836,1.334847331047058
task04-init08-persistent_motion_dropout,task04-init08,persistent_motion_dropout,4,8,pre,39,49,1.006585955619812,1.006585955619812,1.0427820682525635,1.2951711416244507
task04-init08-persistent_motion_dropout,task04-init08,persistent_motion_dropout,4,8,post,50,60,0.8491324782371521,0.8805939555168152,0.8606733083724976,0.7495225667953491
task04-init08-persistent_motion_dropout,task04-init08,persistent_motion_dropout,4,8,post,51,61,0.8174344897270203,0.8374996185302734,0.8087441325187683,0.6833364963531494
task04-init08-persistent_motion_dropout,task04-init08,persistent_motion_dropout,4,8,post,52,62,0.7571074962615967,0.7352620959281921,0.7465202808380127,0.5048521757125854
task04-init08-persistent_motion_dropout,task04-init08,persistent_motion_dropout,4,8,post,53,63,0.7949584722518921,0.7289463877677917,0.8221911191940308,0.3918263912200928
task04-init08-persistent_motion_dropout,task04-init08,persistent_motion_dropout,4,8,post,54,64,0.7535344958305359,0.6843900084495544,0.7559168338775635,0.2511461675167084
task04-init08-persistent_motion_dropout,task04-init08,persistent_motion_dropout,4,8,post,55,65,0.778070330619812,0.7041668891906738,0.7881842851638794,0.25870653986930847
task04-init08-persistent_motion_dropout,task04-init08,persistent_motion_dropout,4,8,post,56,66,0.8546702265739441,0.7421649694442749,0.8717684745788574,0.16851398348808289
task04-init08-persistent_motion_dropout,task04-init08,persistent_motion_dropout,4,8,post,57,67,0.8394907712936401,0.7021667957305908,0.8781321048736572,0.18613961338996887
task04-init08-persistent_motion_dropout,task04-init08,persistent_motion_dropout,4,8,post,58,68,0.9081465601921082,0.7625035047531128,0.8833255767822266,0.1727263182401657
task04-init08-persistent_motion_dropout,task04-init08,persistent_motion_dropout,4,8,post,59,69,0.9695990085601807,0.7809911966323853,0.9047880172729492,0.17303059995174408
task04-init08-persistent_motion_dropout,task04-init08,persistent_motion_dropout,4,8,post,60,70,1.0402753353118896,0.8211053609848022,0.9370344877243042,0.1789257973432541
task04-init08-persistent_motion_dropout,task04-init08,persistent_motion_dropout,4,8,post,61,71,0.9995664954185486,0.8059861063957214,0.9217574000358582,0.19086948037147522
task04-init08-persistent_motion_dropout,task04-init08,persistent_motion_dropout,4,8,post,62,72,0.9169265627861023,0.7508742213249207,0.8573154211044312,0.19715818762779236
task04-init08-persistent_motion_dropout,task04-init08,persistent_motion_dropout,4,8,post,63,73,0.8894736170768738,0.7230978012084961,0.8212401270866394,0.20020529627799988
task04-init08-persistent_motion_dropout,task04-init08,persistent_motion_dropout,4,8,post,64,74,0.8528034687042236,0.6946560144424438,0.7955493927001953,0.17994658648967743
task04-init08-persistent_motion_dropout,task04-init08,persistent_motion_dropout,4,8,post,65,75,0.8141946792602539,0.6826490163803101,0.8028861284255981,0.17039018869400024
task04-init08-persistent_motion_dropout,task04-init08,persistent_motion_dropout,4,8,post,66,76,0.85204017162323,0.7029089331626892,0.8162243366241455,0.1840621829032898
task04-init08-persistent_motion_dropout,task04-init08,persistent_motion_dropout,4,8,post,67,77,0.9069153666496277,0.7332006692886353,0.8479664325714111,0.17133831977844238
task04-init08-persistent_motion_dropout,task04-init08,persistent_motion_dropout,4,8,post,68,78,0.9222947955131531,0.7451218962669373,0.8705670237541199,0.18500947952270508
task04-init08-persistent_motion_dropout,task04-init08,persistent_motion_dropout,4,8,post,69,79,0.8974809646606445,0.7345992922782898,0.8257613182067871,0.18560121953487396
task04-init08-persistent_motion_dropout,task04-init08,persistent_motion_dropout,4,8,post,70,80,0.9369591474533081,0.7486522197723389,0.8622347712516785,0.18046799302101135
task04-init08-persistent_motion_dropout,task04-init08,persistent_motion_dropout,4,8,post,71,81,0.9050732851028442,0.7119855880737305,0.8921370506286621,0.15467888116836548
task04-init08-persistent_motion_dropout,task04-init08,persistent_motion_dropout,4,8,post,72,82,0.8737810850143433,0.6929467916488647,0.875015914440155,0.11800645291805267
task04-init08-persistent_motion_dropout,task04-init08,persistent_motion_dropout,4,8,post,73,83,0.8400475978851318,0.6750668287277222,0.8350743055343628,0.08901574462652206
task04-init08-persistent_motion_dropout,task04-init08,persistent_motion_dropout,4,8,post,74,84,0.8059043884277344,0.6820613145828247,0.8189071416854858,0.07295491546392441
task04-init08-persistent_motion_dropout,task04-init08,persistent_motion_dropout,4,8,post,75,85,0.7863809466362,0.6668760180473328,0.8071116209030151,0.07732882350683212
task04-init08-persistent_motion_dropout,task04-init08,persistent_motion_dropout,4,8,post,76,86,0.7607371211051941,0.6390548944473267,0.7915307879447937,0.05533044785261154
task04-init08-persistent_motion_dropout,task04-init08,persistent_motion_dropout,4,8,post,77,87,0.815014123916626,0.6376966834068298,0.824559211730957,0.04771152883768082
task04-init08-persistent_motion_dropout,task04-init08,persistent_motion_dropout,4,8,post,78,88,0.7998746633529663,0.6226973533630371,0.7923886775970459,0.031277820467948914
task04-init08-persistent_motion_dropout,task04-init08,persistent_motion_dropout,4,8,post,79,89,0.8108552694320679,0.6540238857269287,0.7990494966506958,0.030376728624105453
task07-init04-nominal,task07-init04,nominal,7,4,pre,10,20,0.7060328722000122,0.7060328722000122,0.7124010920524597,0.6882253885269165
task07-init04-nominal,task07-init04,nominal,7,4,pre,11,21,0.7890500426292419,0.7890500426292419,0.7051407694816589,0.7041568160057068
task07-init04-nominal,task07-init04,nominal,7,4,pre,12,22,0.7791906595230103,0.7791906595230103,0.7499680519104004,0.7531108856201172
task07-init04-nominal,task07-init04,nominal,7,4,pre,13,23,0.7288244962692261,0.7288244962692261,0.7106677889823914,0.6793341040611267
task07-init04-nominal,task07-init04,nominal,7,4,pre,14,24,0.6362067461013794,0.6362067461013794,0.7069949507713318,0.5340932011604309
task07-init04-nominal,task07-init04,nominal,7,4,pre,15,25,0.6232031583786011,0.6232031583786011,0.7084295749664307,0.6120969653129578
task07-init04-nominal,task07-init04,nominal,7,4,pre,16,26,0.705861508846283,0.705861508846283,0.7519748210906982,0.8667219877243042
task07-init04-nominal,task07-init04,nominal,7,4,pre,17,27,0.779630184173584,0.779630184173584,0.8326035737991333,1.0691828727722168
task07-init04-nominal,task07-init04,nominal,7,4,pre,18,28,0.7486600875854492,0.7486600875854492,0.8564764857292175,1.208287000656128
task07-init04-nominal,task07-init04,nominal,7,4,pre,19,29,0.9533675909042358,0.9533675909042358,1.0709335803985596,1.6115245819091797
task07-init04-nominal,task07-init04,nominal,7,4,pre,20,30,1.0622856616973877,1.0622856616973877,1.223875880241394,1.8268144130706787
task07-init04-nominal,task07-init04,nominal,7,4,pre,21,31,0.9912878274917603,0.9912878274917603,1.1132526397705078,1.9508237838745117
task07-init04-nominal,task07-init04,nominal,7,4,pre,22,32,1.078337550163269,1.078337550163269,1.211867332458496,1.9936670064926147
task07-init04-nominal,task07-init04,nominal,7,4,pre,23,33,0.9877287149429321,0.9877287149429321,0.9985491633415222,1.8842849731445312
task07-init04-nominal,task07-init04,nominal,7,4,pre,24,34,1.0494822263717651,1.0494822263717651,0.9854099154472351,1.9261128902435303
task07-init04-nominal,task07-init04,nominal,7,4,pre,25,35,0.9932424426078796,0.9932424426078796,0.9672842025756836,1.8703783750534058
task07-init04-nominal,task07-init04,nominal,7,4,pre,26,36,1.0438313484191895,1.0438313484191895,0.9436922073364258,1.7836774587631226
task07-init04-nominal,task07-init04,nominal,7,4,pre,27,37,0.9157020449638367,0.9157020449638367,0.8305308818817139,1.528494119644165
task07-init04-nominal,task07-init04,nominal,7,4,pre,28,38,0.9299393892288208,0.9299393892288208,0.8345350027084351,1.463213324546814
task07-init04-nominal,task07-init04,nominal,7,4,pre,29,39,0.8336641192436218,0.8336641192436218,0.7730420827865601,1.3924883604049683
task07-init04-nominal,task07-init04,nominal,7,4,pre,30,40,0.6201452612876892,0.6201452612876892,0.6096639633178711,1.0529221296310425
task07-init04-nominal,task07-init04,nominal,7,4,pre,31,41,0.5006892681121826,0.5006892681121826,0.5059827566146851,0.6579183340072632
task07-init04-nominal,task07-init04,nominal,7,4,pre,32,42,0.4260706901550293,0.4260706901550293,0.4278281629085541,0.4674905240535736
task07-init04-nominal,task07-init04,nominal,7,4,pre,33,43,0.38415098190307617,0.38415098190307617,0.39267802238464355,0.3441677987575531
task07-init04-nominal,task07-init04,nominal,7,4,pre,34,44,0.36107105016708374,0.36107105016708374,0.3585994839668274,0.1920316219329834
task07-init04-nominal,task07-init04,nominal,7,4,pre,35,45,0.3508157730102539,0.3508157730102539,0.3493006229400635,0.21831923723220825
task07-init04-nominal,task07-init04,nominal,7,4,pre,36,46,0.3537505567073822,0.3537505567073822,0.35363537073135376,0.21419057250022888
task07-init04-nominal,task07-init04,nominal,7,4,pre,37,47,0.3657183349132538,0.3657183349132538,0.36308932304382324,0.2246827781200409
task07-init04-nominal,task07-init04,nominal,7,4,pre,38,48,0.3484336733818054,0.3484336733818054,0.3467071056365967,0.23030850291252136
task07-init04-nominal,task07-init04,nominal,7,4,pre,39,49,0.3628633916378021,0.3628633916378021,0.35793358087539673,0.2216275930404663
task07-init04-nominal,task07-init04,nominal,7,4,post,50,60,0.8044354319572449,0.8044354319572449,0.8041270971298218,1.0298125743865967
task07-init04-nominal,task07-init04,nominal,7,4,post,51,61,0.8640157580375671,0.8640157580375671,0.8681995868682861,1.1245853900909424
task07-init04-nominal,task07-init04,nominal,7,4,post,52,62,0.9546267986297607,0.9546267986297607,1.0100579261779785,1.3187894821166992
task07-init04-nominal,task07-init04,nominal,7,4,post,53,63,0.9251229166984558,0.9251229166984558,0.9843115210533142,1.2876108884811401
task07-init04-nominal,task07-init04,nominal,7,4,post,54,64,1.003282904624939,1.003282904624939,1.10048508644104,1.4118883609771729
task07-init04-nominal,task07-init04,nominal,7,4,post,55,65,1.0100030899047852,1.0100030899047852,1.0992662906646729,1.4812092781066895
task07-init04-nominal,task07-init04,nominal,7,4,post,56,66,0.9728636741638184,0.9728636741638184,1.046281337738037,1.4590749740600586
task07-init04-nominal,task07-init04,nominal,7,4,post,57,67,0.8992452621459961,0.8992452621459961,1.0389494895935059,1.4106369018554688
task07-init04-nominal,task07-init04,nominal,7,4,post,58,68,1.0806653499603271,1.0806653499603271,1.1656830310821533,1.47092604637146
task07-init04-nominal,task07-init04,nominal,7,4,post,59,69,0.9566781520843506,0.9566781520843506,0.9581117630004883,1.295011281967163
task07-init04-nominal,task07-init04,nominal,7,4,post,60,70,0.9029847979545593,0.9029847979545593,0.8621010780334473,1.207986831665039
task07-init04-nominal,task07-init04,nominal,7,4,post,61,71,0.8091162443161011,0.8091162443161011,0.8078221082687378,1.1653406620025635
task07-init04-nominal,task07-init04,nominal,7,4,post,62,72,0.7432904243469238,0.7432904243469238,0.736994743347168,1.0102812051773071
task07-init04-nominal,task07-init04,nominal,7,4,post,63,73,0.7769305109977722,0.7769305109977722,0.7158993482589722,0.8864760398864746
task07-init04-nominal,task07-init04,nominal,7,4,post,64,74,0.804938793182373,0.804938793182373,0.7986913919448853,1.0319031476974487
task07-init04-nominal,task07-init04,nominal,7,4,post,65,75,0.8578541278839111,0.8578541278839111,0.9020403623580933,1.1213393211364746
task07-init04-nominal,task07-init04,nominal,7,4,post,66,76,0.7782513499259949,0.7782513499259949,0.8268222808837891,0.9603909254074097
task07-init04-nominal,task07-init04,nominal,7,4,post,67,77,0.8432008028030396,0.8432008028030396,0.9213363528251648,1.1346176862716675
task07-init04-nominal,task07-init04,nominal,7,4,post,68,78,0.8602685928344727,0.8602685928344727,0.9592283964157104,1.1309242248535156
task07-init04-nominal,task07-init04,nominal,7,4,post,69,79,0.9098089933395386,0.9098089933395386,1.0445549488067627,1.2273435592651367
task07-init04-nominal,task07-init04,nominal,7,4,post,70,80,0.872860312461853,0.872860312461853,1.0491937398910522,1.1446832418441772
task07-init04-nominal,task07-init04,nominal,7,4,post,71,81,0.8377160429954529,0.8377160429954529,0.9994639158248901,1.1946370601654053
task07-init04-nominal,task07-init04,nominal,7,4,post,72,82,0.8246926069259644,0.8246926069259644,0.9474358558654785,1.1847723722457886
task07-init04-nominal,task07-init04,nominal,7,4,post,73,83,0.7662202715873718,0.7662202715873718,0.8002195358276367,1.109489917755127
task07-init04-nominal,task07-init04,nominal,7,4,post,74,84,0.8140902519226074,0.8140902519226074,0.8767759203910828,1.0821233987808228
task07-init04-nominal,task07-init04,nominal,7,4,post,75,85,0.6695544123649597,0.6695544123649597,0.7380334734916687,0.969596803188324
task07-init04-nominal,task07-init04,nominal,7,4,post,76,86,0.7124861478805542,0.7124861478805542,0.746783435344696,0.8468238711357117
task07-init04-nominal,task07-init04,nominal,7,4,post,77,87,0.631298840045929,0.631298840045929,0.6575109958648682,0.7949685454368591
task07-init04-nominal,task07-init04,nominal,7,4,post,78,88,0.6449378132820129,0.6449378132820129,0.6770795583724976,0.8659912943840027
task07-init04-nominal,task07-init04,nominal,7,4,post,79,89,0.6276893615722656,0.6276893615722656,0.7301642894744873,0.8934080600738525
task07-init04-persistent_motion_dropout,task07-init04,persistent_motion_dropout,7,4,pre,10,20,0.7060328722000122,0.7060328722000122,0.7124010920524597,0.6882253885269165
task07-init04-persistent_motion_dropout,task07-init04,persistent_motion_dropout,7,4,pre,11,21,0.7890500426292419,0.7890500426292419,0.7051407694816589,0.7041568160057068
task07-init04-persistent_motion_dropout,task07-init04,persistent_motion_dropout,7,4,pre,12,22,0.7791906595230103,0.7791906595230103,0.7499680519104004,0.7531108856201172
task07-init04-persistent_motion_dropout,task07-init04,persistent_motion_dropout,7,4,pre,13,23,0.7288244962692261,0.7288244962692261,0.7106677889823914,0.6793341040611267
task07-init04-persistent_motion_dropout,task07-init04,persistent_motion_dropout,7,4,pre,14,24,0.6362067461013794,0.6362067461013794,0.7069949507713318,0.5340932011604309
task07-init04-persistent_motion_dropout,task07-init04,persistent_motion_dropout,7,4,pre,15,25,0.6232031583786011,0.6232031583786011,0.7084295749664307,0.6120969653129578
task07-init04-persistent_motion_dropout,task07-init04,persistent_motion_dropout,7,4,pre,16,26,0.705861508846283,0.705861508846283,0.7519748210906982,0.8667219877243042
task07-init04-persistent_motion_dropout,task07-init04,persistent_motion_dropout,7,4,pre,17,27,0.779630184173584,0.779630184173584,0.8326035737991333,1.0691828727722168
task07-init04-persistent_motion_dropout,task07-init04,persistent_motion_dropout,7,4,pre,18,28,0.7486600875854492,0.7486600875854492,0.8564764857292175,1.208287000656128
task07-init04-persistent_motion_dropout,task07-init04,persistent_motion_dropout,7,4,pre,19,29,0.9533675909042358,0.9533675909042358,1.0709335803985596,1.6115245819091797
task07-init04-persistent_motion_dropout,task07-init04,persistent_motion_dropout,7,4,pre,20,30,1.0622856616973877,1.0622856616973877,1.223875880241394,1.8268144130706787
task07-init04-persistent_motion_dropout,task07-init04,persistent_motion_dropout,7,4,pre,21,31,0.9912878274917603,0.9912878274917603,1.1132526397705078,1.9508237838745117
task07-init04-persistent_motion_dropout,task07-init04,persistent_motion_dropout,7,4,pre,22,32,1.078337550163269,1.078337550163269,1.211867332458496,1.9936670064926147
task07-init04-persistent_motion_dropout,task07-init04,persistent_motion_dropout,7,4,pre,23,33,0.9877287149429321,0.9877287149429321,0.9985491633415222,1.8842849731445312
task07-init04-persistent_motion_dropout,task07-init04,persistent_motion_dropout,7,4,pre,24,34,1.0494822263717651,1.0494822263717651,0.9854099154472351,1.9261128902435303
task07-init04-persistent_motion_dropout,task07-init04,persistent_motion_dropout,7,4,pre,25,35,0.9932424426078796,0.9932424426078796,0.9672842025756836,1.8703783750534058
task07-init04-persistent_motion_dropout,task07-init04,persistent_motion_dropout,7,4,pre,26,36,1.0438313484191895,1.0438313484191895,0.9436922073364258,1.7836774587631226
task07-init04-persistent_motion_dropout,task07-init04,persistent_motion_dropout,7,4,pre,27,37,0.9157020449638367,0.9157020449638367,0.8305308818817139,1.528494119644165
task07-init04-persistent_motion_dropout,task07-init04,persistent_motion_dropout,7,4,pre,28,38,0.9299393892288208,0.9299393892288208,0.8345350027084351,1.463213324546814
task07-init04-persistent_motion_dropout,task07-init04,persistent_motion_dropout,7,4,pre,29,39,0.8336641192436218,0.8336641192436218,0.7730420827865601,1.3924883604049683
task07-init04-persistent_motion_dropout,task07-init04,persistent_motion_dropout,7,4,pre,30,40,0.6201452612876892,0.6201452612876892,0.6096639633178711,1.0529221296310425
task07-init04-persistent_motion_dropout,task07-init04,persistent_motion_dropout,7,4,pre,31,41,0.5006892681121826,0.5006892681121826,0.5059827566146851,0.6579183340072632
task07-init04-persistent_motion_dropout,task07-init04,persistent_motion_dropout,7,4,pre,32,42,0.4260706901550293,0.4260706901550293,0.4278281629085541,0.4674905240535736
task07-init04-persistent_motion_dropout,task07-init04,persistent_motion_dropout,7,4,pre,33,43,0.38415098190307617,0.38415098190307617,0.39267802238464355,0.3441677987575531
task07-init04-persistent_motion_dropout,task07-init04,persistent_motion_dropout,7,4,pre,34,44,0.36107105016708374,0.36107105016708374,0.3585994839668274,0.1920316219329834
task07-init04-persistent_motion_dropout,task07-init04,persistent_motion_dropout,7,4,pre,35,45,0.3508157730102539,0.3508157730102539,0.3493006229400635,0.21831923723220825
task07-init04-persistent_motion_dropout,task07-init04,persistent_motion_dropout,7,4,pre,36,46,0.3537505567073822,0.3537505567073822,0.35363537073135376,0.21419057250022888
task07-init04-persistent_motion_dropout,task07-init04,persistent_motion_dropout,7,4,pre,37,47,0.3657183349132538,0.3657183349132538,0.36308932304382324,0.2246827781200409
task07-init04-persistent_motion_dropout,task07-init04,persistent_motion_dropout,7,4,pre,38,48,0.3484336733818054,0.3484336733818054,0.3467071056365967,0.23030850291252136
task07-init04-persistent_motion_dropout,task07-init04,persistent_motion_dropout,7,4,pre,39,49,0.3628633916378021,0.3628633916378021,0.35793358087539673,0.2216275930404663
task07-init04-persistent_motion_dropout,task07-init04,persistent_motion_dropout,7,4,post,50,60,0.5690972805023193,0.6143316626548767,0.5813322067260742,0.5934765338897705
task07-init04-persistent_motion_dropout,task07-init04,persistent_motion_dropout,7,4,post,51,61,0.6115254759788513,0.6472665071487427,0.6151675581932068,0.6885803937911987
task07-init04-persistent_motion_dropout,task07-init04,persistent_motion_dropout,7,4,post,52,62,0.589033305644989,0.6228169202804565,0.6055240035057068,0.6879404783248901
task07-init04-persistent_motion_dropout,task07-init04,persistent_motion_dropout,7,4,post,53,63,0.6109816431999207,0.6438764333724976,0.6168347597122192,0.6846412420272827
task07-init04-persistent_motion_dropout,task07-init04,persistent_motion_dropout,7,4,post,54,64,0.6148521900177002,0.6507105231285095,0.6182275414466858,0.6647468209266663
task07-init04-persistent_motion_dropout,task07-init04,persistent_motion_dropout,7,4,post,55,65,0.6040759086608887,0.6418622732162476,0.600200891494751,0.642058253288269
task07-init04-persistent_motion_dropout,task07-init04,persistent_motion_dropout,7,4,post,56,66,0.5474473237991333,0.5680853724479675,0.5425690412521362,0.5058924555778503
task07-init04-persistent_motion_dropout,task07-init04,persistent_motion_dropout,7,4,post,57,67,0.504429042339325,0.5328935980796814,0.50850510597229,0.4180404543876648
task07-init04-persistent_motion_dropout,task07-init04,persistent_motion_dropout,7,4,post,58,68,0.4290750026702881,0.44581669569015503,0.41396546363830566,0.28136035799980164
task07-init04-persistent_motion_dropout,task07-init04,persistent_motion_dropout,7,4,post,59,69,0.4080321788787842,0.42119085788726807,0.3964266777038574,0.23420658707618713
task07-init04-persistent_motion_dropout,task07-init04,persistent_motion_dropout,7,4,post,60,70,0.41743117570877075,0.4006621241569519,0.39095720648765564,0.19756528735160828
task07-init04-persistent_motion_dropout,task07-init04,persistent_motion_dropout,7,4,post,61,71,0.423248291015625,0.40430936217308044,0.38699615001678467,0.19073650240898132
task07-init04-persistent_motion_dropout,task07-init04,persistent_motion_dropout,7,4,post,62,72,0.43546411395072937,0.4134739339351654,0.3975486755371094,0.1614474505186081
task07-init04-persistent_motion_dropout,task07-init04,persistent_motion_dropout,7,4,post,63,73,0.42170250415802,0.39303526282310486,0.3712857663631439,0.15997251868247986
task07-init04-persistent_motion_dropout,task07-init04,persistent_motion_dropout,7,4,post,64,74,0.43502530455589294,0.39948123693466187,0.3819882869720459,0.15566787123680115
task07-init04-persistent_motion_dropout,task07-init04,persistent_motion_dropout,7,4,post,65,75,0.4328341484069824,0.3987153172492981,0.3879704177379608,0.14353621006011963
task07-init04-persistent_motion_dropout,task07-init04,persistent_motion_dropout,7,4,post,66,76,0.4747541546821594,0.4285152852535248,0.42742761969566345,0.18490830063819885
task07-init04-persistent_motion_dropout,task07-init04,persistent_motion_dropout,7,4,post,67,77,0.4934377670288086,0.4322800040245056,0.43028825521469116,0.17001138627529144
task07-init04-persistent_motion_dropout,task07-init04,persistent_motion_dropout,7,4,post,68,78,0.5175645351409912,0.4467737674713135,0.4393955171108246,0.1795015037059784
task07-init04-persistent_motion_dropout,task07-init04,persistent_motion_dropout,7,4,post,69,79,0.5285553932189941,0.4512954354286194,0.44613832235336304,0.1739150732755661
task07-init04-persistent_motion_dropout,task07-init04,persistent_motion_dropout,7,4,post,70,80,0.5307453274726868,0.4329443573951721,0.43718403577804565,0.15762847661972046
task07-init04-persistent_motion_dropout,task07-init04,persistent_motion_dropout,7,4,post,71,81,0.5573304891586304,0.4519370496273041,0.4565224051475525,0.14275282621383667
task07-init04-persistent_motion_dropout,task07-init04,persistent_motion_dropout,7,4,post,72,82,0.5807763934135437,0.48219144344329834,0.4919256567955017,0.1687711477279663
task07-init04-persistent_motion_dropout,task07-init04,persistent_motion_dropout,7,4,post,73,83,0.5610486268997192,0.4662432372570038,0.47198665142059326,0.143768772482872
task07-init04-persistent_motion_dropout,task07-init04,persistent_motion_dropout,7,4,post,74,84,0.5769315958023071,0.4927136301994324,0.5005914568901062,0.1679612100124359
task07-init04-persistent_motion_dropout,task07-init04,persistent_motion_dropout,7,4,post,75,85,0.5874138474464417,0.5052165389060974,0.508530855178833,0.14080816507339478
task07-init04-persistent_motion_dropout,task07-init04,persistent_motion_dropout,7,4,post,76,86,0.5891713500022888,0.5108596086502075,0.5173956155776978,0.13365593552589417
task07-init04-persistent_motion_dropout,task07-init04,persistent_motion_dropout,7,4,post,77,87,0.5788339376449585,0.49926018714904785,0.495561420917511,0.13282358646392822
task07-init04-persistent_motion_dropout,task07-init04,persistent_motion_dropout,7,4,post,78,88,0.5824868679046631,0.4883526563644409,0.4799134135246277,0.09917430579662323
task07-init04-persistent_motion_dropout,task07-init04,persistent_motion_dropout,7,4,post,79,89,0.5984431505203247,0.4812924265861511,0.46287697553634644,0.102675661444664
task07-init06-nominal,task07-init06,nominal,7,6,pre,10,20,0.6330660581588745,0.6330660581588745,0.6437510251998901,0.6005849838256836
task07-init06-nominal,task07-init06,nominal,7,6,pre,11,21,0.6568262577056885,0.6568262577056885,0.6435831785202026,0.5440092086791992
task07-init06-nominal,task07-init06,nominal,7,6,pre,12,22,0.5618701577186584,0.5618701577186584,0.5712929964065552,0.5694789290428162
task07-init06-nominal,task07-init06,nominal,7,6,pre,13,23,0.5744473338127136,0.5744473338127136,0.6079606413841248,0.598717212677002
task07-init06-nominal,task07-init06,nominal,7,6,pre,14,24,0.6195494532585144,0.6195494532585144,0.6865557432174683,0.6484305262565613
task07-init06-nominal,task07-init06,nominal,7,6,pre,15,25,0.6485201120376587,0.6485201120376587,0.7175848484039307,0.7570432424545288
task07-init06-nominal,task07-init06,nominal,7,6,pre,16,26,0.7455202341079712,0.7455202341079712,0.8306629061698914,1.0322813987731934
task07-init06-nominal,task07-init06,nominal,7,6,pre,17,27,0.7659679651260376,0.7659679651260376,0.8590555191040039,1.151987075805664
task07-init06-nominal,task07-init06,nominal,7,6,pre,18,28,0.8558513522148132,0.8558513522148132,0.963019847869873,1.31502366065979
task07-init06-nominal,task07-init06,nominal,7,6,pre,19,29,0.9849998950958252,0.9849998950958252,1.0331436395645142,1.4117507934570312
task07-init06-nominal,task07-init06,nominal,7,6,pre,20,30,0.8638383150100708,0.8638383150100708,0.9492718577384949,1.5394271612167358
task07-init06-nominal,task07-init06,nominal,7,6,pre,21,31,1.0677019357681274,1.0677019357681274,1.003639578819275,1.9367225170135498
task07-init06-nominal,task07-init06,nominal,7,6,pre,22,32,1.129258394241333,1.129258394241333,1.047418475151062,1.971999168395996
task07-init06-nominal,task07-init06,nominal,7,6,pre,23,33,1.0780093669891357,1.0780093669891357,0.97764652967453,1.9005544185638428
task07-init06-nominal,task07-init06,nominal,7,6,pre,24,34,1.0434074401855469,1.0434074401855469,0.9659683704376221,1.7999471426010132
task07-init06-nominal,task07-init06,nominal,7,6,pre,25,35,1.0305074453353882,1.0305074453353882,0.9311959147453308,1.6960160732269287
task07-init06-nominal,task07-init06,nominal,7,6,pre,26,36,0.9683272242546082,0.9683272242546082,0.9261133074760437,1.6082267761230469
task07-init06-nominal,task07-init06,nominal,7,6,pre,27,37,0.9193007349967957,0.9193007349967957,0.8502014875411987,1.554306983947754
task07-init06-nominal,task07-init06,nominal,7,6,pre,28,38,0.8040566444396973,0.8040566444396973,0.750399112701416,1.4072473049163818
task07-init06-nominal,task07-init06,nominal,7,6,pre,29,39,0.649052619934082,0.649052619934082,0.6566369533538818,1.194412112236023
task07-init06-nominal,task07-init06,nominal,7,6,pre,30,40,0.5828826427459717,0.5828826427459717,0.6080671548843384,0.8813289403915405
task07-init06-nominal,task07-init06,nominal,7,6,pre,31,41,0.46778470277786255,0.46778470277786255,0.49515384435653687,0.4631286561489105
task07-init06-nominal,task07-init06,nominal,7,6,pre,32,42,0.374142587184906,0.374142587184906,0.38679999113082886,0.21956203877925873
task07-init06-nominal,task07-init06,nominal,7,6,pre,33,43,0.40556925535202026,0.40556925535202026,0.4101587235927582,0.26761698722839355
task07-init06-nominal,task07-init06,nominal,7,6,pre,34,44,0.4118803143501282,0.4118803143501282,0.4094997048377991,0.2520461678504944
task07-init06-nominal,task07-init06,nominal,7,6,pre,35,45,0.4104171693325043,0.4104171693325043,0.4060114324092865,0.24502095580101013
task07-init06-nominal,task07-init06,nominal,7,6,pre,36,46,0.4054815173149109,0.4054815173149109,0.3990923762321472,0.26914963126182556
task07-init06-nominal,task07-init06,nominal,7,6,pre,37,47,0.42973408102989197,0.42973408102989197,0.428098201751709,0.3139444887638092
task07-init06-nominal,task07-init06,nominal,7,6,pre,38,48,0.4072270393371582,0.4072270393371582,0.41517576575279236,0.3416277766227722
task07-init06-nominal,task07-init06,nominal,7,6,pre,39,49,0.4597280025482178,0.4597280025482178,0.46837425231933594,0.4121546745300293
task07-init06-nominal,task07-init06,nominal,7,6,post,50,60,0.7661890387535095,0.7661890387535095,0.6957291960716248,0.6552150249481201
task07-init06-nominal,task07-init06,nominal,7,6,post,51,61,0.7257639765739441,0.7257639765739441,0.6591543555259705,0.636724591255188
task07-init06-nominal,task07-init06,nominal,7,6,post,52,62,0.8310421705245972,0.8310421705245972,0.7547454833984375,0.6996731162071228
task07-init06-nominal,task07-init06,nominal,7,6,post,53,63,0.7250914573669434,0.7250914573669434,0.6234344244003296,0.5207067728042603
task07-init06-nominal,task07-init06,nominal,7,6,post,54,64,0.6414046287536621,0.6414046287536621,0.5956632494926453,0.7133021354675293
task07-init06-nominal,task07-init06,nominal,7,6,post,55,65,0.6076125502586365,0.6076125502586365,0.628054141998291,0.7517547607421875
task07-init06-nominal,task07-init06,nominal,7,6,post,56,66,0.590746283531189,0.590746283531189,0.618706464767456,0.708965003490448
task07-init06-nominal,task07-init06,nominal,7,6,post,57,67,0.7616273164749146,0.7616273164749146,0.7987961769104004,1.065411925315857
task07-init06-nominal,task07-init06,nominal,7,6,post,58,68,0.9248422980308533,0.9248422980308533,0.9461366534233093,1.3360008001327515
task07-init06-nominal,task07-init06,nominal,7,6,post,59,69,1.048857569694519,1.048857569694519,1.1419520378112793,1.8104690313339233
task07-init06-nominal,task07-init06,nominal,7,6,post,60,70,1.1483410596847534,1.1483410596847534,1.0618295669555664,1.6838409900665283
task07-init06-nominal,task07-init06,nominal,7,6,post,61,71,1.2228354215621948,1.2228354215621948,1.1113570928573608,1.6873178482055664
task07-init06-nominal,task07-init06,nominal,7,6,post,62,72,1.179028868675232,1.179028868675232,1.0700819492340088,1.802321434020996
task07-init06-nominal,task07-init06,nominal,7,6,post,63,73,1.3754633665084839,1.3754633665084839,1.1631650924682617,1.6292294263839722
task07-init06-nominal,task07-init06,nominal,7,6,post,64,74,1.26335871219635,1.26335871219635,1.0794899463653564,1.4175266027450562
task07-init06-nominal,task07-init06,nominal,7,6,post,65,75,1.2285264730453491,1.2285264730453491,1.019906997680664,1.2705109119415283
task07-init06-nominal,task07-init06,nominal,7,6,post,66,76,1.1041388511657715,1.1041388511657715,0.9374071955680847,1.3079383373260498
task07-init06-nominal,task07-init06,nominal,7,6,post,67,77,0.7827013731002808,0.7827013731002808,0.7529370784759521,1.0963724851608276
task07-init06-nominal,task07-init06,nominal,7,6,post,68,78,0.739155650138855,0.739155650138855,0.7424331903457642,1.0338027477264404
task07-init06-nominal,task07-init06,nominal,7,6,post,69,79,0.7178500890731812,0.7178500890731812,0.7433319091796875,1.1419401168823242
task07-init06-nominal,task07-init06,nominal,7,6,post,70,80,0.6772114038467407,0.6772114038467407,0.7262848615646362,1.1096234321594238
task07-init06-nominal,task07-init06,nominal,7,6,post,71,81,0.6869128942489624,0.6869128942489624,0.7870770692825317,1.1377767324447632
task07-init06-nominal,task07-init06,nominal,7,6,post,72,82,0.7788769602775574,0.7788769602775574,0.8514482975006104,1.127382755279541
task07-init06-nominal,task07-init06,nominal,7,6,post,73,83,0.7060779333114624,0.7060779333114624,0.7403060793876648,1.1184420585632324
task07-init06-nominal,task07-init06,nominal,7,6,post,74,84,0.6764887571334839,0.6764887571334839,0.7075044512748718,1.2098121643066406
task07-init06-nominal,task07-init06,nominal,7,6,post,75,85,0.6546895503997803,0.6546895503997803,0.6511410474777222,1.0208550691604614
task07-init06-nominal,task07-init06,nominal,7,6,post,76,86,0.7737830877304077,0.7737830877304077,0.7572565078735352,1.061317801475525
task07-init06-nominal,task07-init06,nominal,7,6,post,77,87,0.8013442754745483,0.8013442754745483,0.7951585054397583,1.0962202548980713
task07-init06-nominal,task07-init06,nominal,7,6,post,78,88,0.7404812574386597,0.7404812574386597,0.683348536491394,0.9378131628036499
task07-init06-nominal,task07-init06,nominal,7,6,post,79,89,0.6555454134941101,0.6555454134941101,0.6352595090866089,0.9884406924247742
task07-init06-persistent_motion_dropout,task07-init06,persistent_motion_dropout,7,6,pre,10,20,0.6330660581588745,0.6330660581588745,0.6437510251998901,0.6005849838256836
task07-init06-persistent_motion_dropout,task07-init06,persistent_motion_dropout,7,6,pre,11,21,0.6568262577056885,0.6568262577056885,0.6435831785202026,0.5440092086791992
task07-init06-persistent_motion_dropout,task07-init06,persistent_motion_dropout,7,6,pre,12,22,0.5618701577186584,0.5618701577186584,0.5712929964065552,0.5694789290428162
task07-init06-persistent_motion_dropout,task07-init06,persistent_motion_dropout,7,6,pre,13,23,0.5744473338127136,0.5744473338127136,0.6079606413841248,0.598717212677002
task07-init06-persistent_motion_dropout,task07-init06,persistent_motion_dropout,7,6,pre,14,24,0.6195494532585144,0.6195494532585144,0.6865557432174683,0.6484305262565613
task07-init06-persistent_motion_dropout,task07-init06,persistent_motion_dropout,7,6,pre,15,25,0.6485201120376587,0.6485201120376587,0.7175848484039307,0.7570432424545288
task07-init06-persistent_motion_dropout,task07-init06,persistent_motion_dropout,7,6,pre,16,26,0.7455202341079712,0.7455202341079712,0.8306629061698914,1.0322813987731934
task07-init06-persistent_motion_dropout,task07-init06,persistent_motion_dropout,7,6,pre,17,27,0.7659679651260376,0.7659679651260376,0.8590555191040039,1.151987075805664
task07-init06-persistent_motion_dropout,task07-init06,persistent_motion_dropout,7,6,pre,18,28,0.8558513522148132,0.8558513522148132,0.963019847869873,1.31502366065979
task07-init06-persistent_motion_dropout,task07-init06,persistent_motion_dropout,7,6,pre,19,29,0.9849998950958252,0.9849998950958252,1.0331436395645142,1.4117507934570312
task07-init06-persistent_motion_dropout,task07-init06,persistent_motion_dropout,7,6,pre,20,30,0.8638383150100708,0.8638383150100708,0.9492718577384949,1.5394271612167358
task07-init06-persistent_motion_dropout,task07-init06,persistent_motion_dropout,7,6,pre,21,31,1.0677019357681274,1.0677019357681274,1.003639578819275,1.9367225170135498
task07-init06-persistent_motion_dropout,task07-init06,persistent_motion_dropout,7,6,pre,22,32,1.129258394241333,1.129258394241333,1.047418475151062,1.971999168395996
task07-init06-persistent_motion_dropout,task07-init06,persistent_motion_dropout,7,6,pre,23,33,1.0780093669891357,1.0780093669891357,0.97764652967453,1.9005544185638428
task07-init06-persistent_motion_dropout,task07-init06,persistent_motion_dropout,7,6,pre,24,34,1.0434074401855469,1.0434074401855469,0.9659683704376221,1.7999471426010132
task07-init06-persistent_motion_dropout,task07-init06,persistent_motion_dropout,7,6,pre,25,35,1.0305074453353882,1.0305074453353882,0.9311959147453308,1.6960160732269287
task07-init06-persistent_motion_dropout,task07-init06,persistent_motion_dropout,7,6,pre,26,36,0.9683272242546082,0.9683272242546082,0.9261133074760437,1.6082267761230469
task07-init06-persistent_motion_dropout,task07-init06,persistent_motion_dropout,7,6,pre,27,37,0.9193007349967957,0.9193007349967957,0.8502014875411987,1.554306983947754
task07-init06-persistent_motion_dropout,task07-init06,persistent_motion_dropout,7,6,pre,28,38,0.8040566444396973,0.8040566444396973,0.750399112701416,1.4072473049163818
task07-init06-persistent_motion_dropout,task07-init06,persistent_motion_dropout,7,6,pre,29,39,0.649052619934082,0.649052619934082,0.6566369533538818,1.194412112236023
task07-init06-persistent_motion_dropout,task07-init06,persistent_motion_dropout,7,6,pre,30,40,0.5828826427459717,0.5828826427459717,0.6080671548843384,0.8813289403915405
task07-init06-persistent_motion_dropout,task07-init06,persistent_motion_dropout,7,6,pre,31,41,0.46778470277786255,0.46778470277786255,0.49515384435653687,0.4631286561489105
task07-init06-persistent_motion_dropout,task07-init06,persistent_motion_dropout,7,6,pre,32,42,0.374142587184906,0.374142587184906,0.38679999113082886,0.21956203877925873
task07-init06-persistent_motion_dropout,task07-init06,persistent_motion_dropout,7,6,pre,33,43,0.40556925535202026,0.40556925535202026,0.4101587235927582,0.26761698722839355
task07-init06-persistent_motion_dropout,task07-init06,persistent_motion_dropout,7,6,pre,34,44,0.4118803143501282,0.4118803143501282,0.4094997048377991,0.2520461678504944
task07-init06-persistent_motion_dropout,task07-init06,persistent_motion_dropout,7,6,pre,35,45,0.4104171693325043,0.4104171693325043,0.4060114324092865,0.24502095580101013
task07-init06-persistent_motion_dropout,task07-init06,persistent_motion_dropout,7,6,pre,36,46,0.4054815173149109,0.4054815173149109,0.3990923762321472,0.26914963126182556
task07-init06-persistent_motion_dropout,task07-init06,persistent_motion_dropout,7,6,pre,37,47,0.42973408102989197,0.42973408102989197,0.428098201751709,0.3139444887638092
task07-init06-persistent_motion_dropout,task07-init06,persistent_motion_dropout,7,6,pre,38,48,0.4072270393371582,0.4072270393371582,0.41517576575279236,0.3416277766227722
task07-init06-persistent_motion_dropout,task07-init06,persistent_motion_dropout,7,6,pre,39,49,0.4597280025482178,0.4597280025482178,0.46837425231933594,0.4121546745300293
task07-init06-persistent_motion_dropout,task07-init06,persistent_motion_dropout,7,6,post,50,60,0.5300792455673218,0.40548765659332275,0.40462106466293335,0.1433352679014206
task07-init06-persistent_motion_dropout,task07-init06,persistent_motion_dropout,7,6,post,51,61,0.542807936668396,0.39662545919418335,0.40029701590538025,0.13747037947177887
task07-init06-persistent_motion_dropout,task07-init06,persistent_motion_dropout,7,6,post,52,62,0.5050192475318909,0.37783727049827576,0.36197516322135925,0.12041934579610825
task07-init06-persistent_motion_dropout,task07-init06,persistent_motion_dropout,7,6,post,53,63,0.5398135781288147,0.36504945158958435,0.3946402072906494,0.12752601504325867
task07-init06-persistent_motion_dropout,task07-init06,persistent_motion_dropout,7,6,post,54,64,0.5269852876663208,0.3602104187011719,0.39102602005004883,0.12460799515247345
task07-init06-persistent_motion_dropout,task07-init06,persistent_motion_dropout,7,6,post,55,65,0.506961464881897,0.3392649292945862,0.37884271144866943,0.11189663410186768
task07-init06-persistent_motion_dropout,task07-init06,persistent_motion_dropout,7,6,post,56,66,0.4931749701499939,0.3375333547592163,0.36241012811660767,0.0946958065032959
task07-init06-persistent_motion_dropout,task07-init06,persistent_motion_dropout,7,6,post,57,67,0.520496666431427,0.35508930683135986,0.3774053454399109,0.10523199290037155
task07-init06-persistent_motion_dropout,task07-init06,persistent_motion_dropout,7,6,post,58,68,0.492000937461853,0.34678077697753906,0.364268958568573,0.09231473505496979
task07-init06-persistent_motion_dropout,task07-init06,persistent_motion_dropout,7,6,post,59,69,0.4968191981315613,0.34741970896720886,0.3607846200466156,0.09405744075775146
task07-init06-persistent_motion_dropout,task07-init06,persistent_motion_dropout,7,6,post,60,70,0.5282971858978271,0.35804224014282227,0.38823187351226807,0.10687264055013657
task07-init06-persistent_motion_dropout,task07-init06,persistent_motion_dropout,7,6,post,61,71,0.5306066870689392,0.3624432682991028,0.3907824456691742,0.1114521250128746
task07-init06-persistent_motion_dropout,task07-init06,persistent_motion_dropout,7,6,post,62,72,0.5052618980407715,0.36088594794273376,0.39095640182495117,0.10021551698446274
task07-init06-persistent_motion_dropout,task07-init06,persistent_motion_dropout,7,6,post,63,73,0.5220171809196472,0.3620475232601166,0.39050257205963135,0.0935775637626648
task07-init06-persistent_motion_dropout,task07-init06,persistent_motion_dropout,7,6,post,64,74,0.5008289217948914,0.34568461775779724,0.38176828622817993,0.08023236691951752
task07-init06-persistent_motion_dropout,task07-init06,persistent_motion_dropout,7,6,post,65,75,0.5110267400741577,0.3996421992778778,0.43145668506622314,0.23931387066841125
task07-init06-persistent_motion_dropout,task07-init06,persistent_motion_dropout,7,6,post,66,76,0.6906646490097046,0.6591250896453857,0.6629652976989746,0.6621864438056946
task07-init06-persistent_motion_dropout,task07-init06,persistent_motion_dropout,7,6,post,67,77,0.75680011510849,0.7312788367271423,0.7347559928894043,0.8282264471054077
task07-init06-persistent_motion_dropout,task07-init06,persistent_motion_dropout,7,6,post,68,78,0.9052931666374207,0.9019341468811035,0.8982499837875366,0.9909783601760864
task07-init06-persistent_motion_dropout,task07-init06,persistent_motion_dropout,7,6,post,69,79,0.9523155093193054,0.9163405895233154,0.9236661791801453,0.9695069789886475
task07-init06-persistent_motion_dropout,task07-init06,persistent_motion_dropout,7,6,post,70,80,0.9217779636383057,0.8418480753898621,0.8648457527160645,0.9270789623260498
task07-init06-persistent_motion_dropout,task07-init06,persistent_motion_dropout,7,6,post,71,81,0.9056680202484131,0.8223499059677124,0.85984867811203,0.92864990234375
task07-init06-persistent_motion_dropout,task07-init06,persistent_motion_dropout,7,6,post,72,82,0.8996021747589111,0.833287239074707,0.8756904602050781,0.9408789873123169
task07-init06-persistent_motion_dropout,task07-init06,persistent_motion_dropout,7,6,post,73,83,0.9034581184387207,0.8309659957885742,0.8794716596603394,0.9103354215621948
task07-init06-persistent_motion_dropout,task07-init06,persistent_motion_dropout,7,6,post,74,84,0.8745536208152771,0.797749400138855,0.8405008316040039,0.8761963248252869
task07-init06-persistent_motion_dropout,task07-init06,persistent_motion_dropout,7,6,post,75,85,0.7701519727706909,0.6694008708000183,0.7152277827262878,0.6266899108886719
task07-init06-persistent_motion_dropout,task07-init06,persistent_motion_dropout,7,6,post,76,86,0.7574474215507507,0.5333249568939209,0.6844913363456726,0.2746674418449402
task07-init06-persistent_motion_dropout,task07-init06,persistent_motion_dropout,7,6,post,77,87,0.6941763758659363,0.45542261004447937,0.5814790725708008,0.1313817948102951
task07-init06-persistent_motion_dropout,task07-init06,persistent_motion_dropout,7,6,post,78,88,0.6597635746002197,0.44984954595565796,0.5038348436355591,0.10373350232839584
task07-init06-persistent_motion_dropout,task07-init06,persistent_motion_dropout,7,6,post,79,89,0.666892409324646,0.4612696170806885,0.4716026186943054,0.06311199069023132
task08-init14-nominal,task08-init14,nominal,8,14,pre,10,20,0.6337987780570984,0.6337987780570984,0.6244699358940125,1.2405437231063843
task08-init14-nominal,task08-init14,nominal,8,14,pre,11,21,0.6224086880683899,0.6224086880683899,0.6314675211906433,1.0560811758041382
task08-init14-nominal,task08-init14,nominal,8,14,pre,12,22,0.6635277271270752,0.6635277271270752,0.6648461222648621,1.1552965641021729
task08-init14-nominal,task08-init14,nominal,8,14,pre,13,23,0.7281999588012695,0.7281999588012695,0.7177096605300903,1.1792213916778564
task08-init14-nominal,task08-init14,nominal,8,14,pre,14,24,0.6501147747039795,0.6501147747039795,0.6892608404159546,1.1811360120773315
task08-init14-nominal,task08-init14,nominal,8,14,pre,15,25,0.7133376002311707,0.7133376002311707,0.7480882406234741,1.1776556968688965
task08-init14-nominal,task08-init14,nominal,8,14,pre,16,26,0.7087539434432983,0.7087539434432983,0.7901738882064819,1.1832245588302612
task08-init14-nominal,task08-init14,nominal,8,14,pre,17,27,0.668146014213562,0.668146014213562,0.7849105596542358,1.104919195175171
task08-init14-nominal,task08-init14,nominal,8,14,pre,18,28,0.7602802515029907,0.7602802515029907,0.8971728086471558,1.2280951738357544
task08-init14-nominal,task08-init14,nominal,8,14,pre,19,29,0.676074206829071,0.676074206829071,0.7869161367416382,1.1047086715698242
task08-init14-nominal,task08-init14,nominal,8,14,pre,20,30,0.7752196192741394,0.7752196192741394,0.7977070808410645,1.1411049365997314
task08-init14-nominal,task08-init14,nominal,8,14,pre,21,31,0.7375544309616089,0.7375544309616089,0.8063623309135437,1.0660020112991333
task08-init14-nominal,task08-init14,nominal,8,14,pre,22,32,0.6643532514572144,0.6643532514572144,0.7650811076164246,1.0942614078521729
task08-init14-nominal,task08-init14,nominal,8,14,pre,23,33,0.7292641401290894,0.7292641401290894,0.7623319625854492,1.1207103729248047
task08-init14-nominal,task08-init14,nominal,8,14,pre,24,34,0.7747888565063477,0.7747888565063477,0.79015052318573,1.060136079788208
task08-init14-nominal,task08-init14,nominal,8,14,pre,25,35,0.7763242125511169,0.7763242125511169,0.7685000896453857,1.023443579673767
task08-init14-nominal,task08-init14,nominal,8,14,pre,26,36,0.909996509552002,0.909996509552002,0.8623062968254089,1.1190786361694336
task08-init14-nominal,task08-init14,nominal,8,14,pre,27,37,0.8926977515220642,0.8926977515220642,0.8532277941703796,0.930872917175293
task08-init14-nominal,task08-init14,nominal,8,14,pre,28,38,0.9023005366325378,0.9023005366325378,0.8801935911178589,0.8660783767700195
task08-init14-nominal,task08-init14,nominal,8,14,pre,29,39,0.7873286008834839,0.7873286008834839,0.7701403498649597,0.8339766263961792
task08-init14-nominal,task08-init14,nominal,8,14,pre,30,40,0.8114665746688843,0.8114665746688843,0.8250863552093506,0.8425347805023193
task08-init14-nominal,task08-init14,nominal,8,14,pre,31,41,0.7979949712753296,0.7979949712753296,0.8328725099563599,0.8093721270561218
task08-init14-nominal,task08-init14,nominal,8,14,pre,32,42,0.6681129336357117,0.6681129336357117,0.6802423000335693,0.7202105522155762
task08-init14-nominal,task08-init14,nominal,8,14,pre,33,43,0.7643240690231323,0.7643240690231323,0.7940497398376465,0.74351567029953
task08-init14-nominal,task08-init14,nominal,8,14,pre,34,44,0.7071401476860046,0.7071401476860046,0.7319406270980835,0.7137066721916199
task08-init14-nominal,task08-init14,nominal,8,14,pre,35,45,0.8038844466209412,0.8038844466209412,0.8131160140037537,0.8119059801101685
task08-init14-nominal,task08-init14,nominal,8,14,pre,36,46,0.9145210981369019,0.9145210981369019,0.7955905795097351,1.0097167491912842
task08-init14-nominal,task08-init14,nominal,8,14,pre,37,47,0.9653522968292236,0.9653522968292236,0.8182932734489441,1.163136601448059
task08-init14-nominal,task08-init14,nominal,8,14,pre,38,48,1.034813642501831,1.034813642501831,0.9304373264312744,1.4871864318847656
task08-init14-nominal,task08-init14,nominal,8,14,pre,39,49,1.0209007263183594,1.0209007263183594,0.9899153709411621,1.685027003288269
task08-init14-nominal,task08-init14,nominal,8,14,post,50,60,0.5749791860580444,0.5749791860580444,0.5863609313964844,0.5723284482955933
task08-init14-nominal,task08-init14,nominal,8,14,post,51,61,0.5928664207458496,0.5928664207458496,0.594458818435669,0.7247062921524048
task08-init14-nominal,task08-init14,nominal,8,14,post,52,62,0.5117350816726685,0.5117350816726685,0.5117625594139099,0.5680426955223083
task08-init14-nominal,task08-init14,nominal,8,14,post,53,63,0.566986083984375,0.566986083984375,0.5432490110397339,0.7574989795684814
task08-init14-nominal,task08-init14,nominal,8,14,post,54,64,0.6046534180641174,0.6046534180641174,0.5492368936538696,0.7102392911911011
task08-init14-nominal,task08-init14,nominal,8,14,post,55,65,0.6149649024009705,0.6149649024009705,0.5485355854034424,0.7180540561676025
task08-init14-nominal,task08-init14,nominal,8,14,post,56,66,0.6448096036911011,0.6448096036911011,0.5814623236656189,0.8258533477783203
task08-init14-nominal,task08-init14,nominal,8,14,post,57,67,0.5981404185295105,0.5981404185295105,0.5674463510513306,0.8738627433776855
task08-init14-nominal,task08-init14,nominal,8,14,post,58,68,0.5939626693725586,0.5939626693725586,0.5679697394371033,0.9122411012649536
task08-init14-nominal,task08-init14,nominal,8,14,post,59,69,0.6220201253890991,0.6220201253890991,0.5704636573791504,1.0321762561798096
task08-init14-nominal,task08-init14,nominal,8,14,post,60,70,0.7019619941711426,0.7019619941711426,0.6550235152244568,1.0966418981552124
task08-init14-nominal,task08-init14,nominal,8,14,post,61,71,0.7115296125411987,0.7115296125411987,0.6771775484085083,1.1392220258712769
task08-init14-nominal,task08-init14,nominal,8,14,post,62,72,0.6769042015075684,0.6769042015075684,0.6483972072601318,1.038240909576416
task08-init14-nominal,task08-init14,nominal,8,14,post,63,73,0.7178783416748047,0.7178783416748047,0.7305299639701843,1.017730474472046
task08-init14-nominal,task08-init14,nominal,8,14,post,64,74,0.6873129606246948,0.6873129606246948,0.6946396231651306,0.9455788135528564
task08-init14-nominal,task08-init14,nominal,8,14,post,65,75,0.6880587339401245,0.6880587339401245,0.6879658699035645,0.8559502959251404
task08-init14-nominal,task08-init14,nominal,8,14,post,66,76,0.6567341089248657,0.6567341089248657,0.6867015361785889,0.8315824270248413
task08-init14-nominal,task08-init14,nominal,8,14,post,67,77,0.6487129926681519,0.6487129926681519,0.6842991709709167,0.801747739315033
task08-init14-nominal,task08-init14,nominal,8,14,post,68,78,0.6887497305870056,0.6887497305870056,0.6731642484664917,0.811121940612793
task08-init14-nominal,task08-init14,nominal,8,14,post,69,79,0.661406397819519,0.661406397819519,0.6426100134849548,0.799334704875946
task08-init14-nominal,task08-init14,nominal,8,14,post,70,80,0.6706932783126831,0.6706932783126831,0.6613000631332397,0.875571608543396
task08-init14-nominal,task08-init14,nominal,8,14,post,71,81,0.6793227195739746,0.6793227195739746,0.6801662445068359,0.8229023814201355
task08-init14-nominal,task08-init14,nominal,8,14,post,72,82,0.6686577796936035,0.6686577796936035,0.6409017443656921,0.755297064781189
task08-init14-nominal,task08-init14,nominal,8,14,post,73,83,0.5955427885055542,0.5955427885055542,0.6126169562339783,0.7567879557609558
task08-init14-nominal,task08-init14,nominal,8,14,post,74,84,0.5748485326766968,0.5748485326766968,0.5671975016593933,0.6498994827270508
task08-init14-nominal,task08-init14,nominal,8,14,post,75,85,0.5658695697784424,0.5658695697784424,0.5369518399238586,0.5550076365470886
task08-init14-nominal,task08-init14,nominal,8,14,post,76,86,0.5096225142478943,0.5096225142478943,0.468555212020874,0.41683003306388855
task08-init14-nominal,task08-init14,nominal,8,14,post,77,87,0.5261664390563965,0.5261664390563965,0.4866315722465515,0.42421209812164307
task08-init14-nominal,task08-init14,nominal,8,14,post,78,88,0.5368165969848633,0.5368165969848633,0.48558101058006287,0.4334688186645508
task08-init14-nominal,task08-init14,nominal,8,14,post,79,89,0.501834511756897,0.501834511756897,0.4771695137023926,0.43260061740875244
task08-init14-persistent_motion_dropout,task08-init14,persistent_motion_dropout,8,14,pre,10,20,0.6337987780570984,0.6337987780570984,0.6244699358940125,1.2405437231063843
task08-init14-persistent_motion_dropout,task08-init14,persistent_motion_dropout,8,14,pre,11,21,0.6224086880683899,0.6224086880683899,0.6314675211906433,1.0560811758041382
task08-init14-persistent_motion_dropout,task08-init14,persistent_motion_dropout,8,14,pre,12,22,0.6635277271270752,0.6635277271270752,0.6648461222648621,1.1552965641021729
task08-init14-persistent_motion_dropout,task08-init14,persistent_motion_dropout,8,14,pre,13,23,0.7281999588012695,0.7281999588012695,0.7177096605300903,1.1792213916778564
task08-init14-persistent_motion_dropout,task08-init14,persistent_motion_dropout,8,14,pre,14,24,0.6501147747039795,0.6501147747039795,0.6892608404159546,1.1811360120773315
task08-init14-persistent_motion_dropout,task08-init14,persistent_motion_dropout,8,14,pre,15,25,0.7133376002311707,0.7133376002311707,0.7480882406234741,1.1776556968688965
task08-init14-persistent_motion_dropout,task08-init14,persistent_motion_dropout,8,14,pre,16,26,0.7087539434432983,0.7087539434432983,0.7901738882064819,1.1832245588302612
task08-init14-persistent_motion_dropout,task08-init14,persistent_motion_dropout,8,14,pre,17,27,0.668146014213562,0.668146014213562,0.7849105596542358,1.104919195175171
task08-init14-persistent_motion_dropout,task08-init14,persistent_motion_dropout,8,14,pre,18,28,0.7602802515029907,0.7602802515029907,0.8971728086471558,1.2280951738357544
task08-init14-persistent_motion_dropout,task08-init14,persistent_motion_dropout,8,14,pre,19,29,0.676074206829071,0.676074206829071,0.7869161367416382,1.1047086715698242
task08-init14-persistent_motion_dropout,task08-init14,persistent_motion_dropout,8,14,pre,20,30,0.7752196192741394,0.7752196192741394,0.7977070808410645,1.1411049365997314
task08-init14-persistent_motion_dropout,task08-init14,persistent_motion_dropout,8,14,pre,21,31,0.7375544309616089,0.7375544309616089,0.8063623309135437,1.0660020112991333
task08-init14-persistent_motion_dropout,task08-init14,persistent_motion_dropout,8,14,pre,22,32,0.6643532514572144,0.6643532514572144,0.7650811076164246,1.0942614078521729
task08-init14-persistent_motion_dropout,task08-init14,persistent_motion_dropout,8,14,pre,23,33,0.7292641401290894,0.7292641401290894,0.7623319625854492,1.1207103729248047
task08-init14-persistent_motion_dropout,task08-init14,persistent_motion_dropout,8,14,pre,24,34,0.7747888565063477,0.7747888565063477,0.79015052318573,1.060136079788208
task08-init14-persistent_motion_dropout,task08-init14,persistent_motion_dropout,8,14,pre,25,35,0.7763242125511169,0.7763242125511169,0.7685000896453857,1.023443579673767
task08-init14-persistent_motion_dropout,task08-init14,persistent_motion_dropout,8,14,pre,26,36,0.909996509552002,0.909996509552002,0.8623062968254089,1.1190786361694336
task08-init14-persistent_motion_dropout,task08-init14,persistent_motion_dropout,8,14,pre,27,37,0.8926977515220642,0.8926977515220642,0.8532277941703796,0.930872917175293
task08-init14-persistent_motion_dropout,task08-init14,persistent_motion_dropout,8,14,pre,28,38,0.9023005366325378,0.9023005366325378,0.8801935911178589,0.8660783767700195
task08-init14-persistent_motion_dropout,task08-init14,persistent_motion_dropout,8,14,pre,29,39,0.7873286008834839,0.7873286008834839,0.7701403498649597,0.8339766263961792
task08-init14-persistent_motion_dropout,task08-init14,persistent_motion_dropout,8,14,pre,30,40,0.8114665746688843,0.8114665746688843,0.8250863552093506,0.8425347805023193
task08-init14-persistent_motion_dropout,task08-init14,persistent_motion_dropout,8,14,pre,31,41,0.7979949712753296,0.7979949712753296,0.8328725099563599,0.8093721270561218
task08-init14-persistent_motion_dropout,task08-init14,persistent_motion_dropout,8,14,pre,32,42,0.6681129336357117,0.6681129336357117,0.6802423000335693,0.7202105522155762
task08-init14-persistent_motion_dropout,task08-init14,persistent_motion_dropout,8,14,pre,33,43,0.7643240690231323,0.7643240690231323,0.7940497398376465,0.74351567029953
task08-init14-persistent_motion_dropout,task08-init14,persistent_motion_dropout,8,14,pre,34,44,0.7071401476860046,0.7071401476860046,0.7319406270980835,0.7137066721916199
task08-init14-persistent_motion_dropout,task08-init14,persistent_motion_dropout,8,14,pre,35,45,0.8038844466209412,0.8038844466209412,0.8131160140037537,0.8119059801101685
task08-init14-persistent_motion_dropout,task08-init14,persistent_motion_dropout,8,14,pre,36,46,0.9145210981369019,0.9145210981369019,0.7955905795097351,1.0097167491912842
task08-init14-persistent_motion_dropout,task08-init14,persistent_motion_dropout,8,14,pre,37,47,0.9653522968292236,0.9653522968292236,0.8182932734489441,1.163136601448059
task08-init14-persistent_motion_dropout,task08-init14,persistent_motion_dropout,8,14,pre,38,48,1.034813642501831,1.034813642501831,0.9304373264312744,1.4871864318847656
task08-init14-persistent_motion_dropout,task08-init14,persistent_motion_dropout,8,14,pre,39,49,1.0209007263183594,1.0209007263183594,0.9899153709411621,1.685027003288269
task08-init14-persistent_motion_dropout,task08-init14,persistent_motion_dropout,8,14,post,50,60,0.597445011138916,0.600749671459198,0.6337471008300781,0.47096332907676697
task08-init14-persistent_motion_dropout,task08-init14,persistent_motion_dropout,8,14,post,51,61,0.5710902214050293,0.5555002093315125,0.6073342561721802,0.5036063194274902
task08-init14-persistent_motion_dropout,task08-init14,persistent_motion_dropout,8,14,post,52,62,0.5387439727783203,0.5043033361434937,0.5951988697052002,0.33800968527793884
task08-init14-persistent_motion_dropout,task08-init14,persistent_motion_dropout,8,14,post,53,63,0.5448646545410156,0.5031442642211914,0.5766176581382751,0.3749392628669739
task08-init14-persistent_motion_dropout,task08-init14,persistent_motion_dropout,8,14,post,54,64,0.5684041976928711,0.4991985559463501,0.5932109355926514,0.3513643145561218
task08-init14-persistent_motion_dropout,task08-init14,persistent_motion_dropout,8,14,post,55,65,0.5471433401107788,0.46331948041915894,0.5678340196609497,0.26191335916519165
task08-init14-persistent_motion_dropout,task08-init14,persistent_motion_dropout,8,14,post,56,66,0.5744961500167847,0.4559054374694824,0.5421415567398071,0.18773087859153748
task08-init14-persistent_motion_dropout,task08-init14,persistent_motion_dropout,8,14,post,57,67,0.64876389503479,0.4622201919555664,0.5507068634033203,0.15919528901576996
task08-init14-persistent_motion_dropout,task08-init14,persistent_motion_dropout,8,14,post,58,68,0.69403475522995,0.4589803218841553,0.5461385846138,0.11377912759780884
task08-init14-persistent_motion_dropout,task08-init14,persistent_motion_dropout,8,14,post,59,69,0.6884441375732422,0.4435041844844818,0.5451967120170593,0.08187749236822128
task08-init14-persistent_motion_dropout,task08-init14,persistent_motion_dropout,8,14,post,60,70,0.6986381411552429,0.4454379975795746,0.5419765710830688,0.04690961539745331
task08-init14-persistent_motion_dropout,task08-init14,persistent_motion_dropout,8,14,post,61,71,0.6147572994232178,0.42955300211906433,0.5146328806877136,0.05243062973022461
task08-init14-persistent_motion_dropout,task08-init14,persistent_motion_dropout,8,14,post,62,72,0.6065565347671509,0.41809481382369995,0.5078773498535156,0.041076771914958954
task08-init14-persistent_motion_dropout,task08-init14,persistent_motion_dropout,8,14,post,63,73,0.61092209815979,0.41416114568710327,0.50791335105896,0.03762940317392349
task08-init14-persistent_motion_dropout,task08-init14,persistent_motion_dropout,8,14,post,64,74,0.62961745262146,0.41143983602523804,0.5186392068862915,0.03491903468966484
task08-init14-persistent_motion_dropout,task08-init14,persistent_motion_dropout,8,14,post,65,75,0.6174070239067078,0.3981054425239563,0.5107450485229492,0.035140443593263626
task08-init14-persistent_motion_dropout,task08-init14,persistent_motion_dropout,8,14,post,66,76,0.6148828268051147,0.388393372297287,0.5109851360321045,0.037469565868377686
task08-init14-persistent_motion_dropout,task08-init14,persistent_motion_dropout,8,14,post,67,77,0.6120688915252686,0.3835473954677582,0.5150904059410095,0.046751558780670166
task08-init14-persistent_motion_dropout,task08-init14,persistent_motion_dropout,8,14,post,68,78,0.6451830863952637,0.38471680879592896,0.5255612134933472,0.052446916699409485
task08-init14-persistent_motion_dropout,task08-init14,persistent_motion_dropout,8,14,post,69,79,0.639133632183075,0.37840765714645386,0.5161805748939514,0.04839956760406494
task08-init14-persistent_motion_dropout,task08-init14,persistent_motion_dropout,8,14,post,70,80,0.6178973913192749,0.3615826964378357,0.4881105422973633,0.06820857524871826
task08-init14-persistent_motion_dropout,task08-init14,persistent_motion_dropout,8,14,post,71,81,0.5659754872322083,0.35795673727989197,0.4907449185848236,0.06256771087646484
task08-init14-persistent_motion_dropout,task08-init14,persistent_motion_dropout,8,14,post,72,82,0.5871626138687134,0.3638528287410736,0.5098101496696472,0.059301696717739105
task08-init14-persistent_motion_dropout,task08-init14,persistent_motion_dropout,8,14,post,73,83,0.6036158204078674,0.3668862283229828,0.5218075513839722,0.05974702537059784
task08-init14-persistent_motion_dropout,task08-init14,persistent_motion_dropout,8,14,post,74,84,0.5835677981376648,0.35527369379997253,0.49069494009017944,0.09591919183731079
task08-init14-persistent_motion_dropout,task08-init14,persistent_motion_dropout,8,14,post,75,85,0.6257013082504272,0.3717504143714905,0.5117771625518799,0.07125373184680939
task08-init14-persistent_motion_dropout,task08-init14,persistent_motion_dropout,8,14,post,76,86,0.6142842173576355,0.3560868203639984,0.49551790952682495,0.05693099647760391
task08-init14-persistent_motion_dropout,task08-init14,persistent_motion_dropout,8,14,post,77,87,0.587887167930603,0.34946149587631226,0.47571438550949097,0.05457216501235962
task08-init14-persistent_motion_dropout,task08-init14,persistent_motion_dropout,8,14,post,78,88,0.61252361536026,0.3461702764034271,0.46220970153808594,0.06164386123418808
task08-init14-persistent_motion_dropout,task08-init14,persistent_motion_dropout,8,14,post,79,89,0.6096022725105286,0.3425254225730896,0.45456013083457947,0.07477332651615143
task08-init24-nominal,task08-init24,nominal,8,24,pre,10,20,0.7016934752464294,0.7016934752464294,0.7241320610046387,1.3241443634033203
task08-init24-nominal,task08-init24,nominal,8,24,pre,11,21,0.6971595287322998,0.6971595287322998,0.6965476274490356,1.240209698677063
task08-init24-nominal,task08-init24,nominal,8,24,pre,12,22,0.5930706858634949,0.5930706858634949,0.6118125915527344,1.0631434917449951
task08-init24-nominal,task08-init24,nominal,8,24,pre,13,23,0.612739086151123,0.612739086151123,0.6395559310913086,1.081709384918213
task08-init24-nominal,task08-init24,nominal,8,24,pre,14,24,0.6430867910385132,0.6430867910385132,0.674264669418335,1.1259578466415405
task08-init24-nominal,task08-init24,nominal,8,24,pre,15,25,0.6632671356201172,0.6632671356201172,0.7215339541435242,1.259176254272461
task08-init24-nominal,task08-init24,nominal,8,24,pre,16,26,0.6924259066581726,0.6924259066581726,0.7568517923355103,1.1902318000793457
task08-init24-nominal,task08-init24,nominal,8,24,pre,17,27,0.6690663695335388,0.6690663695335388,0.7779930830001831,1.2203396558761597
task08-init24-nominal,task08-init24,nominal,8,24,pre,18,28,0.7314186096191406,0.7314186096191406,0.8868842124938965,1.2465739250183105
task08-init24-nominal,task08-init24,nominal,8,24,pre,19,29,0.703713595867157,0.703713595867157,0.8404687643051147,1.3496984243392944
task08-init24-nominal,task08-init24,nominal,8,24,pre,20,30,0.8117408752441406,0.8117408752441406,0.9016784429550171,1.1454999446868896
task08-init24-nominal,task08-init24,nominal,8,24,pre,21,31,0.9117954969406128,0.9117954969406128,0.9947271347045898,1.2154381275177002
task08-init24-nominal,task08-init24,nominal,8,24,pre,22,32,0.8459253311157227,0.8459253311157227,0.9744892120361328,1.1602883338928223
task08-init24-nominal,task08-init24,nominal,8,24,pre,23,33,0.8506078720092773,0.8506078720092773,0.8644264936447144,1.0682661533355713
task08-init24-nominal,task08-init24,nominal,8,24,pre,24,34,0.8189050555229187,0.8189050555229187,0.8278102874755859,1.1682980060577393
task08-init24-nominal,task08-init24,nominal,8,24,pre,25,35,0.8337620496749878,0.8337620496749878,0.7623254656791687,0.9900371432304382
task08-init24-nominal,task08-init24,nominal,8,24,pre,26,36,0.8023316264152527,0.8023316264152527,0.7634557485580444,1.034220576286316
task08-init24-nominal,task08-init24,nominal,8,24,pre,27,37,0.7162851691246033,0.7162851691246033,0.684100866317749,0.8701043128967285
task08-init24-nominal,task08-init24,nominal,8,24,pre,28,38,0.7753345370292664,0.7753345370292664,0.7783006429672241,0.9176120758056641
task08-init24-nominal,task08-init24,nominal,8,24,pre,29,39,0.8077870607376099,0.8077870607376099,0.805515468120575,0.8300597071647644
task08-init24-nominal,task08-init24,nominal,8,24,pre,30,40,0.7912752628326416,0.7912752628326416,0.88407301902771,0.9722470045089722
task08-init24-nominal,task08-init24,nominal,8,24,pre,31,41,0.7484498023986816,0.7484498023986816,0.8098978400230408,0.8392518758773804
task08-init24-nominal,task08-init24,nominal,8,24,pre,32,42,0.7144664525985718,0.7144664525985718,0.7479534149169922,0.9224056005477905
task08-init24-nominal,task08-init24,nominal,8,24,pre,33,43,0.7144284248352051,0.7144284248352051,0.7546848058700562,0.8242329359054565
task08-init24-nominal,task08-init24,nominal,8,24,pre,34,44,0.7688106298446655,0.7688106298446655,0.8265465497970581,0.8910244703292847
task08-init24-nominal,task08-init24,nominal,8,24,pre,35,45,0.7431036829948425,0.7431036829948425,0.7927224040031433,0.8907928466796875
task08-init24-nominal,task08-init24,nominal,8,24,pre,36,46,0.7901694178581238,0.7901694178581238,0.832023024559021,0.964545726776123
task08-init24-nominal,task08-init24,nominal,8,24,pre,37,47,0.7994441390037537,0.7994441390037537,0.85276859998703,1.0897910594940186
task08-init24-nominal,task08-init24,nominal,8,24,pre,38,48,0.9016356468200684,0.9016356468200684,0.9539052844047546,1.3996655941009521
task08-init24-nominal,task08-init24,nominal,8,24,pre,39,49,1.0067722797393799,1.0067722797393799,1.1382806301116943,1.6911554336547852
task08-init24-nominal,task08-init24,nominal,8,24,post,50,60,0.9947792887687683,0.9947792887687683,1.0245510339736938,1.2574048042297363
task08-init24-nominal,task08-init24,nominal,8,24,post,51,61,1.0398013591766357,1.0398013591766357,1.0768976211547852,1.3249205350875854
task08-init24-nominal,task08-init24,nominal,8,24,post,52,62,0.9906871318817139,0.9906871318817139,1.0516440868377686,1.3696238994598389
task08-init24-nominal,task08-init24,nominal,8,24,post,53,63,1.013542652130127,1.013542652130127,1.0505423545837402,1.3543723821640015
task08-init24-nominal,task08-init24,nominal,8,24,post,54,64,1.0215027332305908,1.0215027332305908,1.0729188919067383,1.300378680229187
task08-init24-nominal,task08-init24,nominal,8,24,post,55,65,0.9068815112113953,0.9068815112113953,0.930675208568573,1.2602972984313965
task08-init24-nominal,task08-init24,nominal,8,24,post,56,66,0.6869561076164246,0.6869561076164246,0.7237452268600464,0.8272770643234253
task08-init24-nominal,task08-init24,nominal,8,24,post,57,67,0.7432675361633301,0.7432675361633301,0.7802032232284546,0.7805773615837097
task08-init24-nominal,task08-init24,nominal,8,24,post,58,68,0.6638081073760986,0.6638081073760986,0.7401641607284546,0.8201063871383667
task08-init24-nominal,task08-init24,nominal,8,24,post,59,69,0.707461953163147,0.707461953163147,0.8090658187866211,0.8325488567352295
task08-init24-nominal,task08-init24,nominal,8,24,post,60,70,0.6428447961807251,0.6428447961807251,0.7113676071166992,0.7586851119995117
task08-init24-nominal,task08-init24,nominal,8,24,post,61,71,0.6542811393737793,0.6542811393737793,0.6865466833114624,0.7888371348381042
task08-init24-nominal,task08-init24,nominal,8,24,post,62,72,0.6314820051193237,0.6314820051193237,0.6568556427955627,0.7392200231552124
task08-init24-nominal,task08-init24,nominal,8,24,post,63,73,0.6396185159683228,0.6396185159683228,0.6252589225769043,0.8055390119552612
task08-init24-nominal,task08-init24,nominal,8,24,post,64,74,0.6458892822265625,0.6458892822265625,0.6408499479293823,0.8452762365341187
task08-init24-nominal,task08-init24,nominal,8,24,post,65,75,0.6560774445533752,0.6560774445533752,0.6706950068473816,0.8291322588920593
task08-init24-nominal,task08-init24,nominal,8,24,post,66,76,0.6489917635917664,0.6489917635917664,0.6366885900497437,0.7938084602355957
task08-init24-nominal,task08-init24,nominal,8,24,post,67,77,0.629509687423706,0.629509687423706,0.6291429400444031,0.813595175743103
task08-init24-nominal,task08-init24,nominal,8,24,post,68,78,0.6622664332389832,0.6622664332389832,0.651667058467865,0.8082162737846375
task08-init24-nominal,task08-init24,nominal,8,24,post,69,79,0.6694328784942627,0.6694328784942627,0.6662430763244629,0.8986300826072693
task08-init24-nominal,task08-init24,nominal,8,24,post,70,80,0.6094458103179932,0.6094458103179932,0.6199883818626404,0.8029961585998535
task08-init24-nominal,task08-init24,nominal,8,24,post,71,81,0.6174101829528809,0.6174101829528809,0.6137887239456177,0.7668725848197937
task08-init24-nominal,task08-init24,nominal,8,24,post,72,82,0.7165628671646118,0.7165628671646118,0.7417160272598267,0.7892484664916992
task08-init24-nominal,task08-init24,nominal,8,24,post,73,83,0.6441961526870728,0.6441961526870728,0.6919916868209839,0.6876828670501709
task08-init24-nominal,task08-init24,nominal,8,24,post,74,84,0.6444143056869507,0.6444143056869507,0.6705338358879089,0.6123528480529785
task08-init24-nominal,task08-init24,nominal,8,24,post,75,85,0.5938488245010376,0.5938488245010376,0.6010900735855103,0.511073648929596
task08-init24-nominal,task08-init24,nominal,8,24,post,76,86,0.5818886756896973,0.5818886756896973,0.5947321653366089,0.511181116104126
task08-init24-nominal,task08-init24,nominal,8,24,post,77,87,0.5846074223518372,0.5846074223518372,0.5556815266609192,0.42748937010765076
task08-init24-nominal,task08-init24,nominal,8,24,post,78,88,0.5610257983207703,0.5610257983207703,0.5513240098953247,0.4586606025695801
task08-init24-nominal,task08-init24,nominal,8,24,post,79,89,0.6281185150146484,0.6281185150146484,0.58552485704422,0.4844036102294922
task08-init24-persistent_motion_dropout,task08-init24,persistent_motion_dropout,8,24,pre,10,20,0.7016934752464294,0.7016934752464294,0.7241320610046387,1.3241443634033203
task08-init24-persistent_motion_dropout,task08-init24,persistent_motion_dropout,8,24,pre,11,21,0.6971595287322998,0.6971595287322998,0.6965476274490356,1.240209698677063
task08-init24-persistent_motion_dropout,task08-init24,persistent_motion_dropout,8,24,pre,12,22,0.5930706858634949,0.5930706858634949,0.6118125915527344,1.0631434917449951
task08-init24-persistent_motion_dropout,task08-init24,persistent_motion_dropout,8,24,pre,13,23,0.612739086151123,0.612739086151123,0.6395559310913086,1.081709384918213
task08-init24-persistent_motion_dropout,task08-init24,persistent_motion_dropout,8,24,pre,14,24,0.6430867910385132,0.6430867910385132,0.674264669418335,1.1259578466415405
task08-init24-persistent_motion_dropout,task08-init24,persistent_motion_dropout,8,24,pre,15,25,0.6632671356201172,0.6632671356201172,0.7215339541435242,1.259176254272461
task08-init24-persistent_motion_dropout,task08-init24,persistent_motion_dropout,8,24,pre,16,26,0.6924259066581726,0.6924259066581726,0.7568517923355103,1.1902318000793457
task08-init24-persistent_motion_dropout,task08-init24,persistent_motion_dropout,8,24,pre,17,27,0.6690663695335388,0.6690663695335388,0.7779930830001831,1.2203396558761597
task08-init24-persistent_motion_dropout,task08-init24,persistent_motion_dropout,8,24,pre,18,28,0.7314186096191406,0.7314186096191406,0.8868842124938965,1.2465739250183105
task08-init24-persistent_motion_dropout,task08-init24,persistent_motion_dropout,8,24,pre,19,29,0.703713595867157,0.703713595867157,0.8404687643051147,1.3496984243392944
task08-init24-persistent_motion_dropout,task08-init24,persistent_motion_dropout,8,24,pre,20,30,0.8117408752441406,0.8117408752441406,0.9016784429550171,1.1454999446868896
task08-init24-persistent_motion_dropout,task08-init24,persistent_motion_dropout,8,24,pre,21,31,0.9117954969406128,0.9117954969406128,0.9947271347045898,1.2154381275177002
task08-init24-persistent_motion_dropout,task08-init24,persistent_motion_dropout,8,24,pre,22,32,0.8459253311157227,0.8459253311157227,0.9744892120361328,1.1602883338928223
task08-init24-persistent_motion_dropout,task08-init24,persistent_motion_dropout,8,24,pre,23,33,0.8506078720092773,0.8506078720092773,0.8644264936447144,1.0682661533355713
task08-init24-persistent_motion_dropout,task08-init24,persistent_motion_dropout,8,24,pre,24,34,0.8189050555229187,0.8189050555229187,0.8278102874755859,1.1682980060577393
task08-init24-persistent_motion_dropout,task08-init24,persistent_motion_dropout,8,24,pre,25,35,0.8337620496749878,0.8337620496749878,0.7623254656791687,0.9900371432304382
task08-init24-persistent_motion_dropout,task08-init24,persistent_motion_dropout,8,24,pre,26,36,0.8023316264152527,0.8023316264152527,0.7634557485580444,1.034220576286316
task08-init24-persistent_motion_dropout,task08-init24,persistent_motion_dropout,8,24,pre,27,37,0.7162851691246033,0.7162851691246033,0.684100866317749,0.8701043128967285
task08-init24-persistent_motion_dropout,task08-init24,persistent_motion_dropout,8,24,pre,28,38,0.7753345370292664,0.7753345370292664,0.7783006429672241,0.9176120758056641
task08-init24-persistent_motion_dropout,task08-init24,persistent_motion_dropout,8,24,pre,29,39,0.8077870607376099,0.8077870607376099,0.805515468120575,0.8300597071647644
task08-init24-persistent_motion_dropout,task08-init24,persistent_motion_dropout,8,24,pre,30,40,0.7912752628326416,0.7912752628326416,0.88407301902771,0.9722470045089722
task08-init24-persistent_motion_dropout,task08-init24,persistent_motion_dropout,8,24,pre,31,41,0.7484498023986816,0.7484498023986816,0.8098978400230408,0.8392518758773804
task08-init24-persistent_motion_dropout,task08-init24,persistent_motion_dropout,8,24,pre,32,42,0.7144664525985718,0.7144664525985718,0.7479534149169922,0.9224056005477905
task08-init24-persistent_motion_dropout,task08-init24,persistent_motion_dropout,8,24,pre,33,43,0.7144284248352051,0.7144284248352051,0.7546848058700562,0.8242329359054565
task08-init24-persistent_motion_dropout,task08-init24,persistent_motion_dropout,8,24,pre,34,44,0.7688106298446655,0.7688106298446655,0.8265465497970581,0.8910244703292847
task08-init24-persistent_motion_dropout,task08-init24,persistent_motion_dropout,8,24,pre,35,45,0.7431036829948425,0.7431036829948425,0.7927224040031433,0.8907928466796875
task08-init24-persistent_motion_dropout,task08-init24,persistent_motion_dropout,8,24,pre,36,46,0.7901694178581238,0.7901694178581238,0.832023024559021,0.964545726776123
task08-init24-persistent_motion_dropout,task08-init24,persistent_motion_dropout,8,24,pre,37,47,0.7994441390037537,0.7994441390037537,0.85276859998703,1.0897910594940186
task08-init24-persistent_motion_dropout,task08-init24,persistent_motion_dropout,8,24,pre,38,48,0.9016356468200684,0.9016356468200684,0.9539052844047546,1.3996655941009521
task08-init24-persistent_motion_dropout,task08-init24,persistent_motion_dropout,8,24,pre,39,49,1.0067722797393799,1.0067722797393799,1.1382806301116943,1.6911554336547852
task08-init24-persistent_motion_dropout,task08-init24,persistent_motion_dropout,8,24,post,50,60,0.754204273223877,0.6322300434112549,0.7546989321708679,0.3530215620994568
task08-init24-persistent_motion_dropout,task08-init24,persistent_motion_dropout,8,24,post,51,61,0.6896390318870544,0.6421772837638855,0.7650154829025269,0.43053627014160156
task08-init24-persistent_motion_dropout,task08-init24,persistent_motion_dropout,8,24,post,52,62,0.8215130567550659,0.7454575896263123,0.8654946684837341,0.5301247835159302
task08-init24-persistent_motion_dropout,task08-init24,persistent_motion_dropout,8,24,post,53,63,0.7638030052185059,0.7066534757614136,0.8687233924865723,0.4656406044960022
task08-init24-persistent_motion_dropout,task08-init24,persistent_motion_dropout,8,24,post,54,64,0.883084774017334,0.7583633661270142,0.8882187604904175,0.46933287382125854
task08-init24-persistent_motion_dropout,task08-init24,persistent_motion_dropout,8,24,post,55,65,0.7893163561820984,0.6848006248474121,0.7996150851249695,0.4491159915924072
task08-init24-persistent_motion_dropout,task08-init24,persistent_motion_dropout,8,24,post,56,66,0.8151354789733887,0.6408947706222534,0.7618635892868042,0.40746912360191345
task08-init24-persistent_motion_dropout,task08-init24,persistent_motion_dropout,8,24,post,57,67,0.7841700315475464,0.6379708647727966,0.7488759756088257,0.38354286551475525
task08-init24-persistent_motion_dropout,task08-init24,persistent_motion_dropout,8,24,post,58,68,0.9477415084838867,0.6523849368095398,0.7859894633293152,0.33934324979782104
task08-init24-persistent_motion_dropout,task08-init24,persistent_motion_dropout,8,24,post,59,69,0.9636753797531128,0.5968140363693237,0.7818261384963989,0.30997204780578613
task08-init24-persistent_motion_dropout,task08-init24,persistent_motion_dropout,8,24,post,60,70,0.9440798163414001,0.568263053894043,0.6379808187484741,0.18047499656677246
task08-init24-persistent_motion_dropout,task08-init24,persistent_motion_dropout,8,24,post,61,71,0.9937071204185486,0.5786764621734619,0.7318627834320068,0.12016046047210693
task08-init24-persistent_motion_dropout,task08-init24,persistent_motion_dropout,8,24,post,62,72,0.9273253679275513,0.5674353241920471,0.6701929569244385,0.11774148792028427
task08-init24-persistent_motion_dropout,task08-init24,persistent_motion_dropout,8,24,post,63,73,0.9550585746765137,0.5582671761512756,0.6736246943473816,0.0930168628692627
task08-init24-persistent_motion_dropout,task08-init24,persistent_motion_dropout,8,24,post,64,74,0.8681714534759521,0.5205502510070801,0.5861088633537292,0.1004062220454216
task08-init24-persistent_motion_dropout,task08-init24,persistent_motion_dropout,8,24,post,65,75,0.8975870013237,0.5178573131561279,0.607433557510376,0.07103028893470764
task08-init24-persistent_motion_dropout,task08-init24,persistent_motion_dropout,8,24,post,66,76,0.8596457242965698,0.5052169561386108,0.6555298566818237,0.07906698435544968
task08-init24-persistent_motion_dropout,task08-init24,persistent_motion_dropout,8,24,post,67,77,0.849758505821228,0.5029901266098022,0.6558648943901062,0.08418482542037964
task08-init24-persistent_motion_dropout,task08-init24,persistent_motion_dropout,8,24,post,68,78,0.8987118005752563,0.5335811376571655,0.6175844669342041,0.06766773760318756
task08-init24-persistent_motion_dropout,task08-init24,persistent_motion_dropout,8,24,post,69,79,0.9056167602539062,0.5327920913696289,0.6751305460929871,0.05574881285429001
task08-init24-persistent_motion_dropout,task08-init24,persistent_motion_dropout,8,24,post,70,80,0.8918821215629578,0.528218686580658,0.6817554831504822,0.055850982666015625
task08-init24-persistent_motion_dropout,task08-init24,persistent_motion_dropout,8,24,post,71,81,0.870116114616394,0.5335105657577515,0.6877985000610352,0.06289338320493698
task08-init24-persistent_motion_dropout,task08-init24,persistent_motion_dropout,8,24,post,72,82,0.8713496923446655,0.5434640645980835,0.6899675726890564,0.06674681603908539
task08-init24-persistent_motion_dropout,task08-init24,persistent_motion_dropout,8,24,post,73,83,0.8825393915176392,0.5572844743728638,0.7098684310913086,0.04106958210468292
task08-init24-persistent_motion_dropout,task08-init24,persistent_motion_dropout,8,24,post,74,84,0.8953819274902344,0.5376967191696167,0.6870560050010681,0.032748181372880936
task08-init24-persistent_motion_dropout,task08-init24,persistent_motion_dropout,8,24,post,75,85,0.9040960669517517,0.5412916541099548,0.7073120474815369,0.02819022908806801
task08-init24-persistent_motion_dropout,task08-init24,persistent_motion_dropout,8,24,post,76,86,0.8849930763244629,0.5357729196548462,0.6988750696182251,0.031016342341899872
task08-init24-persistent_motion_dropout,task08-init24,persistent_motion_dropout,8,24,post,77,87,0.9099392890930176,0.5396864414215088,0.7093088030815125,0.03798116743564606
task08-init24-persistent_motion_dropout,task08-init24,persistent_motion_dropout,8,24,post,78,88,0.95442795753479,0.5702335238456726,0.7382735013961792,0.035830967128276825
task08-init24-persistent_motion_dropout,task08-init24,persistent_motion_dropout,8,24,post,79,89,0.9661962389945984,0.576153039932251,0.7470337748527527,0.03107641451060772
