episode_index,split,benchmark_task_id,dataset_task_index,task_prompt,length,data_file,camera1_video_file,camera1_from_seconds,camera1_to_seconds,camera2_video_file,camera2_from_seconds,camera2_to_seconds,valid_windows_h10,valid_windows_h25,valid_windows_h50
1261,validation,6,30,pick up the black bowl next to the cookie box and place it on the plate,110,data/chunk-000/file-308.parquet,videos/observation.images.image/chunk-000/file-027.mp4,474.0,485.0,videos/observation.images.image2/chunk-000/file-027.mp4,474.0,485.0,100,85,60
1262,train,4,31,pick up the black bowl in the top drawer of the wooden cabinet and place it on the plate,138,data/chunk-000/file-308.parquet,videos/observation.images.image/chunk-000/file-027.mp4,485.0,498.8,videos/observation.images.image2/chunk-000/file-027.mp4,485.0,498.8,128,113,88
1263,validation,4,31,pick up the black bowl in the top drawer of the wooden cabinet and place it on the plate,127,data/chunk-000/file-308.parquet,videos/observation.images.image/chunk-000/file-027.mp4,498.8,511.5,videos/observation.images.image2/chunk-000/file-027.mp4,498.8,511.5,117,102,77
1264,train,5,32,pick up the black bowl on the ramekin and place it on the plate,100,data/chunk-000/file-308.parquet,videos/observation.images.image/chunk-000/file-027.mp4,511.5,521.5,videos/observation.images.image2/chunk-000/file-027.mp4,511.5,521.5,90,75,50
1265,train,5,32,pick up the black bowl on the ramekin and place it on the plate,116,data/chunk-000/file-308.parquet,videos/observation.images.image/chunk-000/file-027.mp4,521.5,533.1,videos/observation.images.image2/chunk-000/file-027.mp4,521.5,533.1,106,91,66
1266,train,5,32,pick up the black bowl on the ramekin and place it on the plate,107,data/chunk-000/file-309.parquet,videos/observation.images.image/chunk-000/file-027.mp4,533.1,543.8000000000001,videos/observation.images.image2/chunk-000/file-027.mp4,533.1,543.8000000000001,97,82,57
1267,train,7,33,pick up the black bowl on the stove and place it on the plate,124,data/chunk-000/file-309.parquet,videos/observation.images.image/chunk-000/file-027.mp4,543.8000000000001,556.2,videos/observation.images.image2/chunk-000/file-027.mp4,543.8000000000001,556.2,114,99,74
1268,validation,4,31,pick up the black bowl in the top drawer of the wooden cabinet and place it on the plate,129,data/chunk-000/file-309.parquet,videos/observation.images.image/chunk-000/file-027.mp4,556.2,569.1,videos/observation.images.image2/chunk-000/file-027.mp4,556.2,569.1,119,104,79
1269,validation,7,33,pick up the black bowl on the stove and place it on the plate,139,data/chunk-000/file-309.parquet,videos/observation.images.image/chunk-000/file-027.mp4,569.1,583.0,videos/observation.images.image2/chunk-000/file-027.mp4,569.1,583.0,129,114,89
1270,validation,7,33,pick up the black bowl on the stove and place it on the plate,148,data/chunk-000/file-309.parquet,videos/observation.images.image/chunk-000/file-027.mp4,583.0,597.8,videos/observation.images.image2/chunk-000/file-027.mp4,583.0,597.8,138,123,98
1271,train,5,32,pick up the black bowl on the ramekin and place it on the plate,101,data/chunk-000/file-309.parquet,videos/observation.images.image/chunk-000/file-027.mp4,597.8,607.9,videos/observation.images.image2/chunk-000/file-027.mp4,597.8,607.9,91,76,51
1272,train,0,34,pick up the black bowl between the plate and the ramekin and place it on the plate,84,data/chunk-000/file-309.parquet,videos/observation.images.image/chunk-000/file-027.mp4,607.9,616.3,videos/observation.images.image2/chunk-000/file-027.mp4,607.9,616.3,74,59,34
1273,train,0,34,pick up the black bowl between the plate and the ramekin and place it on the plate,85,data/chunk-000/file-310.parquet,videos/observation.images.image/chunk-000/file-027.mp4,616.3,624.8,videos/observation.images.image2/chunk-000/file-027.mp4,616.3,624.8,75,60,35
1274,test,6,30,pick up the black bowl next to the cookie box and place it on the plate,113,data/chunk-000/file-310.parquet,videos/observation.images.image/chunk-000/file-027.mp4,624.8,636.0999999999999,videos/observation.images.image2/chunk-000/file-027.mp4,624.8,636.0999999999999,103,88,63
1275,train,0,34,pick up the black bowl between the plate and the ramekin and place it on the plate,128,data/chunk-000/file-310.parquet,videos/observation.images.image/chunk-000/file-027.mp4,636.0999999999999,648.8999999999999,videos/observation.images.image2/chunk-000/file-027.mp4,636.0999999999999,648.8999999999999,118,103,78
1276,train,4,31,pick up the black bowl in the top drawer of the wooden cabinet and place it on the plate,140,data/chunk-000/file-310.parquet,videos/observation.images.image/chunk-000/file-027.mp4,648.8999999999999,662.8999999999999,videos/observation.images.image2/chunk-000/file-027.mp4,648.8999999999999,662.8999999999999,130,115,90
1277,validation,6,30,pick up the black bowl next to the cookie box and place it on the plate,111,data/chunk-000/file-310.parquet,videos/observation.images.image/chunk-000/file-027.mp4,662.8999999999999,673.9999999999999,videos/observation.images.image2/chunk-000/file-027.mp4,662.8999999999999,673.9999999999999,101,86,61
1278,train,3,35,pick up the black bowl on the cookie box and place it on the plate,101,data/chunk-000/file-310.parquet,videos/observation.images.image/chunk-000/file-028.mp4,0.0,10.1,videos/observation.images.image2/chunk-000/file-028.mp4,0.0,10.1,91,76,51
1279,test,3,35,pick up the black bowl on the cookie box and place it on the plate,96,data/chunk-000/file-310.parquet,videos/observation.images.image/chunk-000/file-028.mp4,10.1,19.7,videos/observation.images.image2/chunk-000/file-028.mp4,10.1,19.7,86,71,46
1280,validation,8,36,pick up the black bowl next to the plate and place it on the plate,107,data/chunk-000/file-311.parquet,videos/observation.images.image/chunk-000/file-028.mp4,19.7,30.4,videos/observation.images.image2/chunk-000/file-028.mp4,19.7,30.4,97,82,57
1281,train,1,37,pick up the black bowl next to the ramekin and place it on the plate,112,data/chunk-000/file-311.parquet,videos/observation.images.image/chunk-000/file-028.mp4,30.4,41.599999999999994,videos/observation.images.image2/chunk-000/file-028.mp4,30.4,41.599999999999994,102,87,62
1282,train,0,34,pick up the black bowl between the plate and the ramekin and place it on the plate,84,data/chunk-000/file-311.parquet,videos/observation.images.image/chunk-000/file-028.mp4,41.599999999999994,49.99999999999999,videos/observation.images.image2/chunk-000/file-028.mp4,41.599999999999994,49.99999999999999,74,59,34
1283,train,2,38,pick up the black bowl from table center and place it on the plate,135,data/chunk-000/file-311.parquet,videos/observation.images.image/chunk-000/file-028.mp4,49.99999999999999,63.49999999999999,videos/observation.images.image2/chunk-000/file-028.mp4,49.99999999999999,63.49999999999999,125,110,85
1284,test,4,31,pick up the black bowl in the top drawer of the wooden cabinet and place it on the plate,149,data/chunk-000/file-311.parquet,videos/observation.images.image/chunk-000/file-028.mp4,63.49999999999999,78.39999999999999,videos/observation.images.image2/chunk-000/file-028.mp4,63.49999999999999,78.39999999999999,139,124,99
1285,train,8,36,pick up the black bowl next to the plate and place it on the plate,125,data/chunk-000/file-311.parquet,videos/observation.images.image/chunk-000/file-028.mp4,78.39999999999999,90.89999999999999,videos/observation.images.image2/chunk-000/file-028.mp4,78.39999999999999,90.89999999999999,115,100,75
1286,train,1,37,pick up the black bowl next to the ramekin and place it on the plate,132,data/chunk-000/file-312.parquet,videos/observation.images.image/chunk-000/file-028.mp4,90.89999999999999,104.1,videos/observation.images.image2/chunk-000/file-028.mp4,90.89999999999999,104.1,122,107,82
1287,train,2,38,pick up the black bowl from table center and place it on the plate,100,data/chunk-000/file-312.parquet,videos/observation.images.image/chunk-000/file-028.mp4,104.1,114.1,videos/observation.images.image2/chunk-000/file-028.mp4,104.1,114.1,90,75,50
1288,test,5,32,pick up the black bowl on the ramekin and place it on the plate,86,data/chunk-000/file-312.parquet,videos/observation.images.image/chunk-000/file-028.mp4,114.1,122.69999999999999,videos/observation.images.image2/chunk-000/file-028.mp4,114.1,122.69999999999999,76,61,36
1289,train,2,38,pick up the black bowl from table center and place it on the plate,120,data/chunk-000/file-312.parquet,videos/observation.images.image/chunk-000/file-028.mp4,122.69999999999999,134.7,videos/observation.images.image2/chunk-000/file-028.mp4,122.69999999999999,134.7,110,95,70
1290,train,9,39,pick up the black bowl on the wooden cabinet and place it on the plate,164,data/chunk-000/file-312.parquet,videos/observation.images.image/chunk-000/file-028.mp4,134.7,151.1,videos/observation.images.image2/chunk-000/file-028.mp4,134.7,151.1,154,139,114
1291,train,6,30,pick up the black bowl next to the cookie box and place it on the plate,125,data/chunk-000/file-312.parquet,videos/observation.images.image/chunk-000/file-028.mp4,151.1,163.6,videos/observation.images.image2/chunk-000/file-028.mp4,151.1,163.6,115,100,75
1292,train,6,30,pick up the black bowl next to the cookie box and place it on the plate,157,data/chunk-000/file-313.parquet,videos/observation.images.image/chunk-000/file-028.mp4,163.6,179.29999999999998,videos/observation.images.image2/chunk-000/file-028.mp4,163.6,179.29999999999998,147,132,107
1293,train,8,36,pick up the black bowl next to the plate and place it on the plate,121,data/chunk-000/file-313.parquet,videos/observation.images.image/chunk-000/file-028.mp4,179.29999999999998,191.39999999999998,videos/observation.images.image2/chunk-000/file-028.mp4,179.29999999999998,191.39999999999998,111,96,71
1294,train,1,37,pick up the black bowl next to the ramekin and place it on the plate,120,data/chunk-000/file-313.parquet,videos/observation.images.image/chunk-000/file-028.mp4,191.39999999999998,203.39999999999998,videos/observation.images.image2/chunk-000/file-028.mp4,191.39999999999998,203.39999999999998,110,95,70
1295,train,9,39,pick up the black bowl on the wooden cabinet and place it on the plate,137,data/chunk-000/file-313.parquet,videos/observation.images.image/chunk-000/file-028.mp4,203.39999999999998,217.09999999999997,videos/observation.images.image2/chunk-000/file-028.mp4,203.39999999999998,217.09999999999997,127,112,87
1296,test,9,39,pick up the black bowl on the wooden cabinet and place it on the plate,135,data/chunk-000/file-313.parquet,videos/observation.images.image/chunk-000/file-028.mp4,217.09999999999997,230.59999999999997,videos/observation.images.image2/chunk-000/file-028.mp4,217.09999999999997,230.59999999999997,125,110,85
1297,test,1,37,pick up the black bowl next to the ramekin and place it on the plate,116,data/chunk-000/file-313.parquet,videos/observation.images.image/chunk-000/file-028.mp4,230.59999999999997,242.19999999999996,videos/observation.images.image2/chunk-000/file-028.mp4,230.59999999999997,242.19999999999996,106,91,66
1298,train,4,31,pick up the black bowl in the top drawer of the wooden cabinet and place it on the plate,131,data/chunk-000/file-314.parquet,videos/observation.images.image/chunk-000/file-028.mp4,242.19999999999996,255.29999999999995,videos/observation.images.image2/chunk-000/file-028.mp4,242.19999999999996,255.29999999999995,121,106,81
1299,train,2,38,pick up the black bowl from table center and place it on the plate,121,data/chunk-000/file-314.parquet,videos/observation.images.image/chunk-000/file-028.mp4,255.29999999999995,267.4,videos/observation.images.image2/chunk-000/file-028.mp4,255.29999999999995,267.4,111,96,71
1300,train,0,34,pick up the black bowl between the plate and the ramekin and place it on the plate,102,data/chunk-000/file-314.parquet,videos/observation.images.image/chunk-000/file-028.mp4,267.4,277.59999999999997,videos/observation.images.image2/chunk-000/file-028.mp4,267.4,277.59999999999997,92,77,52
1301,train,6,30,pick up the black bowl next to the cookie box and place it on the plate,141,data/chunk-000/file-314.parquet,videos/observation.images.image/chunk-000/file-028.mp4,277.59999999999997,291.7,videos/observation.images.image2/chunk-000/file-028.mp4,277.59999999999997,291.7,131,116,91
1302,train,4,31,pick up the black bowl in the top drawer of the wooden cabinet and place it on the plate,156,data/chunk-000/file-314.parquet,videos/observation.images.image/chunk-000/file-028.mp4,291.7,307.3,videos/observation.images.image2/chunk-000/file-028.mp4,291.7,307.3,146,131,106
1303,test,3,35,pick up the black bowl on the cookie box and place it on the plate,119,data/chunk-000/file-314.parquet,videos/observation.images.image/chunk-000/file-028.mp4,307.3,319.2,videos/observation.images.image2/chunk-000/file-028.mp4,307.3,319.2,109,94,69
1304,validation,6,30,pick up the black bowl next to the cookie box and place it on the plate,113,data/chunk-000/file-315.parquet,videos/observation.images.image/chunk-000/file-028.mp4,319.2,330.5,videos/observation.images.image2/chunk-000/file-028.mp4,319.2,330.5,103,88,63
1305,validation,1,37,pick up the black bowl next to the ramekin and place it on the plate,143,data/chunk-000/file-315.parquet,videos/observation.images.image/chunk-000/file-028.mp4,330.5,344.8,videos/observation.images.image2/chunk-000/file-028.mp4,330.5,344.8,133,118,93
1306,train,9,39,pick up the black bowl on the wooden cabinet and place it on the plate,132,data/chunk-000/file-315.parquet,videos/observation.images.image/chunk-000/file-028.mp4,344.8,358.0,videos/observation.images.image2/chunk-000/file-028.mp4,344.8,358.0,122,107,82
1307,validation,8,36,pick up the black bowl next to the plate and place it on the plate,138,data/chunk-000/file-315.parquet,videos/observation.images.image/chunk-000/file-028.mp4,358.0,371.8,videos/observation.images.image2/chunk-000/file-028.mp4,358.0,371.8,128,113,88
1308,train,7,33,pick up the black bowl on the stove and place it on the plate,142,data/chunk-000/file-315.parquet,videos/observation.images.image/chunk-000/file-028.mp4,371.8,386.0,videos/observation.images.image2/chunk-000/file-028.mp4,371.8,386.0,132,117,92
1309,train,6,30,pick up the black bowl next to the cookie box and place it on the plate,115,data/chunk-000/file-315.parquet,videos/observation.images.image/chunk-000/file-028.mp4,386.0,397.5,videos/observation.images.image2/chunk-000/file-028.mp4,386.0,397.5,105,90,65
1310,train,2,38,pick up the black bowl from table center and place it on the plate,111,data/chunk-000/file-316.parquet,videos/observation.images.image/chunk-000/file-028.mp4,397.5,408.6,videos/observation.images.image2/chunk-000/file-028.mp4,397.5,408.6,101,86,61
1311,test,7,33,pick up the black bowl on the stove and place it on the plate,140,data/chunk-000/file-316.parquet,videos/observation.images.image/chunk-000/file-028.mp4,408.6,422.6,videos/observation.images.image2/chunk-000/file-028.mp4,408.6,422.6,130,115,90
1312,test,9,39,pick up the black bowl on the wooden cabinet and place it on the plate,145,data/chunk-000/file-316.parquet,videos/observation.images.image/chunk-000/file-028.mp4,422.6,437.1,videos/observation.images.image2/chunk-000/file-028.mp4,422.6,437.1,135,120,95
1313,train,5,32,pick up the black bowl on the ramekin and place it on the plate,113,data/chunk-000/file-316.parquet,videos/observation.images.image/chunk-000/file-028.mp4,437.1,448.40000000000003,videos/observation.images.image2/chunk-000/file-028.mp4,437.1,448.40000000000003,103,88,63
1314,train,6,30,pick up the black bowl next to the cookie box and place it on the plate,117,data/chunk-000/file-316.parquet,videos/observation.images.image/chunk-000/file-028.mp4,448.40000000000003,460.1,videos/observation.images.image2/chunk-000/file-028.mp4,448.40000000000003,460.1,107,92,67
1315,train,2,38,pick up the black bowl from table center and place it on the plate,106,data/chunk-000/file-316.parquet,videos/observation.images.image/chunk-000/file-028.mp4,460.1,470.70000000000005,videos/observation.images.image2/chunk-000/file-028.mp4,460.1,470.70000000000005,96,81,56
1316,train,2,38,pick up the black bowl from table center and place it on the plate,103,data/chunk-000/file-316.parquet,videos/observation.images.image/chunk-000/file-028.mp4,470.70000000000005,481.00000000000006,videos/observation.images.image2/chunk-000/file-028.mp4,470.70000000000005,481.00000000000006,93,78,53
1317,train,2,38,pick up the black bowl from table center and place it on the plate,114,data/chunk-000/file-317.parquet,videos/observation.images.image/chunk-000/file-028.mp4,481.00000000000006,492.40000000000003,videos/observation.images.image2/chunk-000/file-028.mp4,481.00000000000006,492.40000000000003,104,89,64
1318,train,1,37,pick up the black bowl next to the ramekin and place it on the plate,135,data/chunk-000/file-317.parquet,videos/observation.images.image/chunk-000/file-028.mp4,492.40000000000003,505.90000000000003,videos/observation.images.image2/chunk-000/file-028.mp4,492.40000000000003,505.90000000000003,125,110,85
1319,train,3,35,pick up the black bowl on the cookie box and place it on the plate,102,data/chunk-000/file-317.parquet,videos/observation.images.image/chunk-000/file-028.mp4,505.90000000000003,516.1,videos/observation.images.image2/chunk-000/file-028.mp4,505.90000000000003,516.1,92,77,52
1320,train,2,38,pick up the black bowl from table center and place it on the plate,123,data/chunk-000/file-317.parquet,videos/observation.images.image/chunk-000/file-028.mp4,516.1,528.4,videos/observation.images.image2/chunk-000/file-028.mp4,516.1,528.4,113,98,73
1321,train,3,35,pick up the black bowl on the cookie box and place it on the plate,111,data/chunk-000/file-317.parquet,videos/observation.images.image/chunk-000/file-028.mp4,528.4,539.5,videos/observation.images.image2/chunk-000/file-028.mp4,528.4,539.5,101,86,61
1322,train,1,37,pick up the black bowl next to the ramekin and place it on the plate,120,data/chunk-000/file-317.parquet,videos/observation.images.image/chunk-000/file-028.mp4,539.5,551.5,videos/observation.images.image2/chunk-000/file-028.mp4,539.5,551.5,110,95,70
1323,test,1,37,pick up the black bowl next to the ramekin and place it on the plate,125,data/chunk-000/file-317.parquet,videos/observation.images.image/chunk-000/file-028.mp4,551.5,564.0,videos/observation.images.image2/chunk-000/file-028.mp4,551.5,564.0,115,100,75
1324,train,3,35,pick up the black bowl on the cookie box and place it on the plate,99,data/chunk-000/file-318.parquet,videos/observation.images.image/chunk-000/file-028.mp4,564.0,573.9,videos/observation.images.image2/chunk-000/file-028.mp4,564.0,573.9,89,74,49
1325,train,7,33,pick up the black bowl on the stove and place it on the plate,135,data/chunk-000/file-318.parquet,videos/observation.images.image/chunk-000/file-028.mp4,573.9,587.4,videos/observation.images.image2/chunk-000/file-028.mp4,573.9,587.4,125,110,85
1326,train,9,39,pick up the black bowl on the wooden cabinet and place it on the plate,144,data/chunk-000/file-318.parquet,videos/observation.images.image/chunk-000/file-028.mp4,587.4,601.8,videos/observation.images.image2/chunk-000/file-028.mp4,587.4,601.8,134,119,94
1327,train,0,34,pick up the black bowl between the plate and the ramekin and place it on the plate,124,data/chunk-000/file-318.parquet,videos/observation.images.image/chunk-000/file-028.mp4,601.8,614.1999999999999,videos/observation.images.image2/chunk-000/file-028.mp4,601.8,614.1999999999999,114,99,74
1328,train,3,35,pick up the black bowl on the cookie box and place it on the plate,111,data/chunk-000/file-318.parquet,videos/observation.images.image/chunk-000/file-029.mp4,0.0,11.1,videos/observation.images.image2/chunk-000/file-029.mp4,0.0,11.1,101,86,61
1329,train,6,30,pick up the black bowl next to the cookie box and place it on the plate,124,data/chunk-000/file-318.parquet,videos/observation.images.image/chunk-000/file-029.mp4,11.1,23.5,videos/observation.images.image2/chunk-000/file-029.mp4,11.1,23.5,114,99,74
1330,train,0,34,pick up the black bowl between the plate and the ramekin and place it on the plate,168,data/chunk-000/file-319.parquet,videos/observation.images.image/chunk-000/file-029.mp4,23.5,40.3,videos/observation.images.image2/chunk-000/file-029.mp4,23.5,40.3,158,143,118
1331,train,1,37,pick up the black bowl next to the ramekin and place it on the plate,137,data/chunk-000/file-319.parquet,videos/observation.images.image/chunk-000/file-029.mp4,40.3,54.0,videos/observation.images.image2/chunk-000/file-029.mp4,40.3,54.0,127,112,87
1332,train,8,36,pick up the black bowl next to the plate and place it on the plate,125,data/chunk-000/file-319.parquet,videos/observation.images.image/chunk-000/file-029.mp4,54.0,66.5,videos/observation.images.image2/chunk-000/file-029.mp4,54.0,66.5,115,100,75
1333,train,6,30,pick up the black bowl next to the cookie box and place it on the plate,141,data/chunk-000/file-319.parquet,videos/observation.images.image/chunk-000/file-029.mp4,66.5,80.6,videos/observation.images.image2/chunk-000/file-029.mp4,66.5,80.6,131,116,91
1334,test,4,31,pick up the black bowl in the top drawer of the wooden cabinet and place it on the plate,147,data/chunk-000/file-319.parquet,videos/observation.images.image/chunk-000/file-029.mp4,80.6,95.3,videos/observation.images.image2/chunk-000/file-029.mp4,80.6,95.3,137,122,97
1335,train,9,39,pick up the black bowl on the wooden cabinet and place it on the plate,117,data/chunk-000/file-319.parquet,videos/observation.images.image/chunk-000/file-029.mp4,95.3,107.0,videos/observation.images.image2/chunk-000/file-029.mp4,95.3,107.0,107,92,67
1336,train,6,30,pick up the black bowl next to the cookie box and place it on the plate,135,data/chunk-000/file-320.parquet,videos/observation.images.image/chunk-000/file-029.mp4,107.0,120.5,videos/observation.images.image2/chunk-000/file-029.mp4,107.0,120.5,125,110,85
1337,train,6,30,pick up the black bowl next to the cookie box and place it on the plate,133,data/chunk-000/file-320.parquet,videos/observation.images.image/chunk-000/file-029.mp4,120.5,133.8,videos/observation.images.image2/chunk-000/file-029.mp4,120.5,133.8,123,108,83
1338,train,6,30,pick up the black bowl next to the cookie box and place it on the plate,125,data/chunk-000/file-320.parquet,videos/observation.images.image/chunk-000/file-029.mp4,133.8,146.3,videos/observation.images.image2/chunk-000/file-029.mp4,133.8,146.3,115,100,75
1339,train,4,31,pick up the black bowl in the top drawer of the wooden cabinet and place it on the plate,165,data/chunk-000/file-320.parquet,videos/observation.images.image/chunk-000/file-029.mp4,146.3,162.8,videos/observation.images.image2/chunk-000/file-029.mp4,146.3,162.8,155,140,115
1340,train,6,30,pick up the black bowl next to the cookie box and place it on the plate,122,data/chunk-000/file-320.parquet,videos/observation.images.image/chunk-000/file-029.mp4,162.8,175.0,videos/observation.images.image2/chunk-000/file-029.mp4,162.8,175.0,112,97,72
1341,train,5,32,pick up the black bowl on the ramekin and place it on the plate,154,data/chunk-000/file-320.parquet,videos/observation.images.image/chunk-000/file-029.mp4,175.0,190.4,videos/observation.images.image2/chunk-000/file-029.mp4,175.0,190.4,144,129,104
1342,train,8,36,pick up the black bowl next to the plate and place it on the plate,126,data/chunk-000/file-321.parquet,videos/observation.images.image/chunk-000/file-029.mp4,190.4,203.0,videos/observation.images.image2/chunk-000/file-029.mp4,190.4,203.0,116,101,76
1343,train,5,32,pick up the black bowl on the ramekin and place it on the plate,108,data/chunk-000/file-321.parquet,videos/observation.images.image/chunk-000/file-029.mp4,203.0,213.8,videos/observation.images.image2/chunk-000/file-029.mp4,203.0,213.8,98,83,58
1344,train,0,34,pick up the black bowl between the plate and the ramekin and place it on the plate,112,data/chunk-000/file-321.parquet,videos/observation.images.image/chunk-000/file-029.mp4,213.8,225.0,videos/observation.images.image2/chunk-000/file-029.mp4,213.8,225.0,102,87,62
1345,train,2,38,pick up the black bowl from table center and place it on the plate,109,data/chunk-000/file-321.parquet,videos/observation.images.image/chunk-000/file-029.mp4,225.0,235.9,videos/observation.images.image2/chunk-000/file-029.mp4,225.0,235.9,99,84,59
1346,train,8,36,pick up the black bowl next to the plate and place it on the plate,123,data/chunk-000/file-321.parquet,videos/observation.images.image/chunk-000/file-029.mp4,235.9,248.20000000000002,videos/observation.images.image2/chunk-000/file-029.mp4,235.9,248.20000000000002,113,98,73
1347,train,0,34,pick up the black bowl between the plate and the ramekin and place it on the plate,92,data/chunk-000/file-321.parquet,videos/observation.images.image/chunk-000/file-029.mp4,248.20000000000002,257.40000000000003,videos/observation.images.image2/chunk-000/file-029.mp4,248.20000000000002,257.40000000000003,82,67,42
1348,train,8,36,pick up the black bowl next to the plate and place it on the plate,114,data/chunk-000/file-321.parquet,videos/observation.images.image/chunk-000/file-029.mp4,257.40000000000003,268.8,videos/observation.images.image2/chunk-000/file-029.mp4,257.40000000000003,268.8,104,89,64
1349,train,4,31,pick up the black bowl in the top drawer of the wooden cabinet and place it on the plate,153,data/chunk-000/file-322.parquet,videos/observation.images.image/chunk-000/file-029.mp4,268.8,284.1,videos/observation.images.image2/chunk-000/file-029.mp4,268.8,284.1,143,128,103
1350,train,1,37,pick up the black bowl next to the ramekin and place it on the plate,127,data/chunk-000/file-322.parquet,videos/observation.images.image/chunk-000/file-029.mp4,284.1,296.8,videos/observation.images.image2/chunk-000/file-029.mp4,284.1,296.8,117,102,77
1351,train,9,39,pick up the black bowl on the wooden cabinet and place it on the plate,125,data/chunk-000/file-322.parquet,videos/observation.images.image/chunk-000/file-029.mp4,296.8,309.3,videos/observation.images.image2/chunk-000/file-029.mp4,296.8,309.3,115,100,75
1352,train,0,34,pick up the black bowl between the plate and the ramekin and place it on the plate,96,data/chunk-000/file-322.parquet,videos/observation.images.image/chunk-000/file-029.mp4,309.3,318.90000000000003,videos/observation.images.image2/chunk-000/file-029.mp4,309.3,318.90000000000003,86,71,46
1353,train,2,38,pick up the black bowl from table center and place it on the plate,107,data/chunk-000/file-322.parquet,videos/observation.images.image/chunk-000/file-029.mp4,318.90000000000003,329.6,videos/observation.images.image2/chunk-000/file-029.mp4,318.90000000000003,329.6,97,82,57
1354,train,2,38,pick up the black bowl from table center and place it on the plate,138,data/chunk-000/file-322.parquet,videos/observation.images.image/chunk-000/file-029.mp4,329.6,343.40000000000003,videos/observation.images.image2/chunk-000/file-029.mp4,329.6,343.40000000000003,128,113,88
1355,test,9,39,pick up the black bowl on the wooden cabinet and place it on the plate,138,data/chunk-000/file-323.parquet,videos/observation.images.image/chunk-000/file-029.mp4,343.40000000000003,357.20000000000005,videos/observation.images.image2/chunk-000/file-029.mp4,343.40000000000003,357.20000000000005,128,113,88
1356,train,9,39,pick up the black bowl on the wooden cabinet and place it on the plate,137,data/chunk-000/file-323.parquet,videos/observation.images.image/chunk-000/file-029.mp4,357.20000000000005,370.90000000000003,videos/observation.images.image2/chunk-000/file-029.mp4,357.20000000000005,370.90000000000003,127,112,87
1357,train,3,35,pick up the black bowl on the cookie box and place it on the plate,95,data/chunk-000/file-323.parquet,videos/observation.images.image/chunk-000/file-029.mp4,370.90000000000003,380.40000000000003,videos/observation.images.image2/chunk-000/file-029.mp4,370.90000000000003,380.40000000000003,85,70,45
1358,train,2,38,pick up the black bowl from table center and place it on the plate,105,data/chunk-000/file-323.parquet,videos/observation.images.image/chunk-000/file-029.mp4,380.40000000000003,390.90000000000003,videos/observation.images.image2/chunk-000/file-029.mp4,380.40000000000003,390.90000000000003,95,80,55
1359,train,4,31,pick up the black bowl in the top drawer of the wooden cabinet and place it on the plate,137,data/chunk-000/file-323.parquet,videos/observation.images.image/chunk-000/file-029.mp4,390.90000000000003,404.6,videos/observation.images.image2/chunk-000/file-029.mp4,390.90000000000003,404.6,127,112,87
1360,test,4,31,pick up the black bowl in the top drawer of the wooden cabinet and place it on the plate,134,data/chunk-000/file-323.parquet,videos/observation.images.image/chunk-000/file-029.mp4,404.6,418.0,videos/observation.images.image2/chunk-000/file-029.mp4,404.6,418.0,124,109,84
1361,test,1,37,pick up the black bowl next to the ramekin and place it on the plate,133,data/chunk-000/file-324.parquet,videos/observation.images.image/chunk-000/file-029.mp4,418.0,431.3,videos/observation.images.image2/chunk-000/file-029.mp4,418.0,431.3,123,108,83
1362,train,7,33,pick up the black bowl on the stove and place it on the plate,144,data/chunk-000/file-324.parquet,videos/observation.images.image/chunk-000/file-029.mp4,431.3,445.7,videos/observation.images.image2/chunk-000/file-029.mp4,431.3,445.7,134,119,94
1363,test,8,36,pick up the black bowl next to the plate and place it on the plate,164,data/chunk-000/file-324.parquet,videos/observation.images.image/chunk-000/file-029.mp4,445.7,462.09999999999997,videos/observation.images.image2/chunk-000/file-029.mp4,445.7,462.09999999999997,154,139,114
1364,train,7,33,pick up the black bowl on the stove and place it on the plate,167,data/chunk-000/file-324.parquet,videos/observation.images.image/chunk-000/file-029.mp4,462.09999999999997,478.79999999999995,videos/observation.images.image2/chunk-000/file-029.mp4,462.09999999999997,478.79999999999995,157,142,117
1365,validation,4,31,pick up the black bowl in the top drawer of the wooden cabinet and place it on the plate,147,data/chunk-000/file-324.parquet,videos/observation.images.image/chunk-000/file-029.mp4,478.79999999999995,493.49999999999994,videos/observation.images.image2/chunk-000/file-029.mp4,478.79999999999995,493.49999999999994,137,122,97
1366,validation,3,35,pick up the black bowl on the cookie box and place it on the plate,94,data/chunk-000/file-325.parquet,videos/observation.images.image/chunk-000/file-029.mp4,493.49999999999994,502.8999999999999,videos/observation.images.image2/chunk-000/file-029.mp4,493.49999999999994,502.8999999999999,84,69,44
1367,train,3,35,pick up the black bowl on the cookie box and place it on the plate,89,data/chunk-000/file-325.parquet,videos/observation.images.image/chunk-000/file-029.mp4,502.8999999999999,511.7999999999999,videos/observation.images.image2/chunk-000/file-029.mp4,502.8999999999999,511.7999999999999,79,64,39
1368,train,0,34,pick up the black bowl between the plate and the ramekin and place it on the plate,88,data/chunk-000/file-325.parquet,videos/observation.images.image/chunk-000/file-029.mp4,511.7999999999999,520.5999999999999,videos/observation.images.image2/chunk-000/file-029.mp4,511.7999999999999,520.5999999999999,78,63,38
1369,train,7,33,pick up the black bowl on the stove and place it on the plate,133,data/chunk-000/file-325.parquet,videos/observation.images.image/chunk-000/file-029.mp4,520.5999999999999,533.8999999999999,videos/observation.images.image2/chunk-000/file-029.mp4,520.5999999999999,533.8999999999999,123,108,83
1370,validation,1,37,pick up the black bowl next to the ramekin and place it on the plate,152,data/chunk-000/file-325.parquet,videos/observation.images.image/chunk-000/file-029.mp4,533.8999999999999,549.0999999999999,videos/observation.images.image2/chunk-000/file-029.mp4,533.8999999999999,549.0999999999999,142,127,102
1371,train,6,30,pick up the black bowl next to the cookie box and place it on the plate,122,data/chunk-000/file-325.parquet,videos/observation.images.image/chunk-000/file-029.mp4,549.0999999999999,561.3,videos/observation.images.image2/chunk-000/file-029.mp4,549.0999999999999,561.3,112,97,72
1372,train,8,36,pick up the black bowl next to the plate and place it on the plate,115,data/chunk-000/file-325.parquet,videos/observation.images.image/chunk-000/file-029.mp4,561.3,572.8,videos/observation.images.image2/chunk-000/file-029.mp4,561.3,572.8,105,90,65
1373,train,4,31,pick up the black bowl in the top drawer of the wooden cabinet and place it on the plate,156,data/chunk-000/file-326.parquet,videos/observation.images.image/chunk-000/file-029.mp4,572.8,588.4,videos/observation.images.image2/chunk-000/file-029.mp4,572.8,588.4,146,131,106
1374,test,6,30,pick up the black bowl next to the cookie box and place it on the plate,124,data/chunk-000/file-326.parquet,videos/observation.images.image/chunk-000/file-029.mp4,588.4,600.8,videos/observation.images.image2/chunk-000/file-029.mp4,588.4,600.8,114,99,74
1375,train,1,37,pick up the black bowl next to the ramekin and place it on the plate,125,data/chunk-000/file-326.parquet,videos/observation.images.image/chunk-000/file-029.mp4,600.8,613.3,videos/observation.images.image2/chunk-000/file-029.mp4,600.8,613.3,115,100,75
1376,train,1,37,pick up the black bowl next to the ramekin and place it on the plate,126,data/chunk-000/file-326.parquet,videos/observation.images.image/chunk-000/file-029.mp4,613.3,625.9,videos/observation.images.image2/chunk-000/file-029.mp4,613.3,625.9,116,101,76
1377,validation,2,38,pick up the black bowl from table center and place it on the plate,134,data/chunk-000/file-326.parquet,videos/observation.images.image/chunk-000/file-029.mp4,625.9,639.3,videos/observation.images.image2/chunk-000/file-029.mp4,625.9,639.3,124,109,84
1378,train,3,35,pick up the black bowl on the cookie box and place it on the plate,115,data/chunk-000/file-326.parquet,videos/observation.images.image/chunk-000/file-030.mp4,0.0,11.5,videos/observation.images.image2/chunk-000/file-030.mp4,0.0,11.5,105,90,65
1379,train,0,34,pick up the black bowl between the plate and the ramekin and place it on the plate,75,data/chunk-000/file-327.parquet,videos/observation.images.image/chunk-000/file-030.mp4,11.5,19.0,videos/observation.images.image2/chunk-000/file-030.mp4,11.5,19.0,65,50,25
1380,test,2,38,pick up the black bowl from table center and place it on the plate,110,data/chunk-000/file-327.parquet,videos/observation.images.image/chunk-000/file-030.mp4,19.0,30.0,videos/observation.images.image2/chunk-000/file-030.mp4,19.0,30.0,100,85,60
1381,train,7,33,pick up the black bowl on the stove and place it on the plate,128,data/chunk-000/file-327.parquet,videos/observation.images.image/chunk-000/file-030.mp4,30.0,42.8,videos/observation.images.image2/chunk-000/file-030.mp4,30.0,42.8,118,103,78
1382,train,0,34,pick up the black bowl between the plate and the ramekin and place it on the plate,121,data/chunk-000/file-327.parquet,videos/observation.images.image/chunk-000/file-030.mp4,42.8,54.9,videos/observation.images.image2/chunk-000/file-030.mp4,42.8,54.9,111,96,71
1383,train,2,38,pick up the black bowl from table center and place it on the plate,114,data/chunk-000/file-327.parquet,videos/observation.images.image/chunk-000/file-030.mp4,54.9,66.3,videos/observation.images.image2/chunk-000/file-030.mp4,54.9,66.3,104,89,64
1384,train,7,33,pick up the black bowl on the stove and place it on the plate,126,data/chunk-000/file-327.parquet,videos/observation.images.image/chunk-000/file-030.mp4,66.3,78.89999999999999,videos/observation.images.image2/chunk-000/file-030.mp4,66.3,78.89999999999999,116,101,76
1385,validation,2,38,pick up the black bowl from table center and place it on the plate,108,data/chunk-000/file-327.parquet,videos/observation.images.image/chunk-000/file-030.mp4,78.89999999999999,89.69999999999999,videos/observation.images.image2/chunk-000/file-030.mp4,78.89999999999999,89.69999999999999,98,83,58
1386,train,3,35,pick up the black bowl on the cookie box and place it on the plate,97,data/chunk-000/file-328.parquet,videos/observation.images.image/chunk-000/file-030.mp4,89.69999999999999,99.39999999999999,videos/observation.images.image2/chunk-000/file-030.mp4,89.69999999999999,99.39999999999999,87,72,47
1387,train,8,36,pick up the black bowl next to the plate and place it on the plate,138,data/chunk-000/file-328.parquet,videos/observation.images.image/chunk-000/file-030.mp4,99.39999999999999,113.19999999999999,videos/observation.images.image2/chunk-000/file-030.mp4,99.39999999999999,113.19999999999999,128,113,88
1388,train,5,32,pick up the black bowl on the ramekin and place it on the plate,106,data/chunk-000/file-328.parquet,videos/observation.images.image/chunk-000/file-030.mp4,113.19999999999999,123.79999999999998,videos/observation.images.image2/chunk-000/file-030.mp4,113.19999999999999,123.79999999999998,96,81,56
1389,train,7,33,pick up the black bowl on the stove and place it on the plate,136,data/chunk-000/file-328.parquet,videos/observation.images.image/chunk-000/file-030.mp4,123.79999999999998,137.39999999999998,videos/observation.images.image2/chunk-000/file-030.mp4,123.79999999999998,137.39999999999998,126,111,86
1390,train,9,39,pick up the black bowl on the wooden cabinet and place it on the plate,130,data/chunk-000/file-328.parquet,videos/observation.images.image/chunk-000/file-030.mp4,137.39999999999998,150.39999999999998,videos/observation.images.image2/chunk-000/file-030.mp4,137.39999999999998,150.39999999999998,120,105,80
1391,train,3,35,pick up the black bowl on the cookie box and place it on the plate,96,data/chunk-000/file-328.parquet,videos/observation.images.image/chunk-000/file-030.mp4,150.39999999999998,159.99999999999997,videos/observation.images.image2/chunk-000/file-030.mp4,150.39999999999998,159.99999999999997,86,71,46
1392,train,8,36,pick up the black bowl next to the plate and place it on the plate,122,data/chunk-000/file-328.parquet,videos/observation.images.image/chunk-000/file-030.mp4,159.99999999999997,172.19999999999996,videos/observation.images.image2/chunk-000/file-030.mp4,159.99999999999997,172.19999999999996,112,97,72
1393,train,8,36,pick up the black bowl next to the plate and place it on the plate,109,data/chunk-000/file-329.parquet,videos/observation.images.image/chunk-000/file-030.mp4,172.19999999999996,183.09999999999997,videos/observation.images.image2/chunk-000/file-030.mp4,172.19999999999996,183.09999999999997,99,84,59
1394,train,4,31,pick up the black bowl in the top drawer of the wooden cabinet and place it on the plate,163,data/chunk-000/file-329.parquet,videos/observation.images.image/chunk-000/file-030.mp4,183.09999999999997,199.39999999999998,videos/observation.images.image2/chunk-000/file-030.mp4,183.09999999999997,199.39999999999998,153,138,113
1395,validation,0,34,pick up the black bowl between the plate and the ramekin and place it on the plate,87,data/chunk-000/file-329.parquet,videos/observation.images.image/chunk-000/file-030.mp4,199.39999999999998,208.09999999999997,videos/observation.images.image2/chunk-000/file-030.mp4,199.39999999999998,208.09999999999997,77,62,37
1396,train,5,32,pick up the black bowl on the ramekin and place it on the plate,110,data/chunk-000/file-329.parquet,videos/observation.images.image/chunk-000/file-030.mp4,208.09999999999997,219.09999999999997,videos/observation.images.image2/chunk-000/file-030.mp4,208.09999999999997,219.09999999999997,100,85,60
1397,train,0,34,pick up the black bowl between the plate and the ramekin and place it on the plate,95,data/chunk-000/file-329.parquet,videos/observation.images.image/chunk-000/file-030.mp4,219.09999999999997,228.59999999999997,videos/observation.images.image2/chunk-000/file-030.mp4,219.09999999999997,228.59999999999997,85,70,45
1398,train,7,33,pick up the black bowl on the stove and place it on the plate,142,data/chunk-000/file-329.parquet,videos/observation.images.image/chunk-000/file-030.mp4,228.59999999999997,242.79999999999995,videos/observation.images.image2/chunk-000/file-030.mp4,228.59999999999997,242.79999999999995,132,117,92
1399,train,1,37,pick up the black bowl next to the ramekin and place it on the plate,145,data/chunk-000/file-330.parquet,videos/observation.images.image/chunk-000/file-030.mp4,242.79999999999995,257.29999999999995,videos/observation.images.image2/chunk-000/file-030.mp4,242.79999999999995,257.29999999999995,135,120,95
1400,train,9,39,pick up the black bowl on the wooden cabinet and place it on the plate,140,data/chunk-000/file-330.parquet,videos/observation.images.image/chunk-000/file-030.mp4,257.29999999999995,271.29999999999995,videos/observation.images.image2/chunk-000/file-030.mp4,257.29999999999995,271.29999999999995,130,115,90
1401,train,0,34,pick up the black bowl between the plate and the ramekin and place it on the plate,89,data/chunk-000/file-330.parquet,videos/observation.images.image/chunk-000/file-030.mp4,271.29999999999995,280.19999999999993,videos/observation.images.image2/chunk-000/file-030.mp4,271.29999999999995,280.19999999999993,79,64,39
1402,train,9,39,pick up the black bowl on the wooden cabinet and place it on the plate,173,data/chunk-000/file-330.parquet,videos/observation.images.image/chunk-000/file-030.mp4,280.19999999999993,297.49999999999994,videos/observation.images.image2/chunk-000/file-030.mp4,280.19999999999993,297.49999999999994,163,148,123
1403,train,8,36,pick up the black bowl next to the plate and place it on the plate,137,data/chunk-000/file-330.parquet,videos/observation.images.image/chunk-000/file-030.mp4,297.49999999999994,311.19999999999993,videos/observation.images.image2/chunk-000/file-030.mp4,297.49999999999994,311.19999999999993,127,112,87
1404,train,5,32,pick up the black bowl on the ramekin and place it on the plate,91,data/chunk-000/file-330.parquet,videos/observation.images.image/chunk-000/file-030.mp4,311.19999999999993,320.29999999999995,videos/observation.images.image2/chunk-000/file-030.mp4,311.19999999999993,320.29999999999995,81,66,41
1405,train,3,35,pick up the black bowl on the cookie box and place it on the plate,92,data/chunk-000/file-331.parquet,videos/observation.images.image/chunk-000/file-030.mp4,320.29999999999995,329.49999999999994,videos/observation.images.image2/chunk-000/file-030.mp4,320.29999999999995,329.49999999999994,82,67,42
1406,train,1,37,pick up the black bowl next to the ramekin and place it on the plate,126,data/chunk-000/file-331.parquet,videos/observation.images.image/chunk-000/file-030.mp4,329.49999999999994,342.09999999999997,videos/observation.images.image2/chunk-000/file-030.mp4,329.49999999999994,342.09999999999997,116,101,76
1407,validation,7,33,pick up the black bowl on the stove and place it on the plate,130,data/chunk-000/file-331.parquet,videos/observation.images.image/chunk-000/file-030.mp4,342.09999999999997,355.09999999999997,videos/observation.images.image2/chunk-000/file-030.mp4,342.09999999999997,355.09999999999997,120,105,80
1408,train,9,39,pick up the black bowl on the wooden cabinet and place it on the plate,136,data/chunk-000/file-331.parquet,videos/observation.images.image/chunk-000/file-030.mp4,355.09999999999997,368.7,videos/observation.images.image2/chunk-000/file-030.mp4,355.09999999999997,368.7,126,111,86
1409,train,8,36,pick up the black bowl next to the plate and place it on the plate,110,data/chunk-000/file-331.parquet,videos/observation.images.image/chunk-000/file-030.mp4,368.7,379.7,videos/observation.images.image2/chunk-000/file-030.mp4,368.7,379.7,100,85,60
1410,train,0,34,pick up the black bowl between the plate and the ramekin and place it on the plate,89,data/chunk-000/file-331.parquet,videos/observation.images.image/chunk-000/file-030.mp4,379.7,388.59999999999997,videos/observation.images.image2/chunk-000/file-030.mp4,379.7,388.59999999999997,79,64,39
1411,train,9,39,pick up the black bowl on the wooden cabinet and place it on the plate,139,data/chunk-000/file-331.parquet,videos/observation.images.image/chunk-000/file-030.mp4,388.59999999999997,402.49999999999994,videos/observation.images.image2/chunk-000/file-030.mp4,388.59999999999997,402.49999999999994,129,114,89
1412,train,9,39,pick up the black bowl on the wooden cabinet and place it on the plate,145,data/chunk-000/file-332.parquet,videos/observation.images.image/chunk-000/file-030.mp4,402.49999999999994,416.99999999999994,videos/observation.images.image2/chunk-000/file-030.mp4,402.49999999999994,416.99999999999994,135,120,95
1413,train,8,36,pick up the black bowl next to the plate and place it on the plate,97,data/chunk-000/file-332.parquet,videos/observation.images.image/chunk-000/file-030.mp4,416.99999999999994,426.69999999999993,videos/observation.images.image2/chunk-000/file-030.mp4,416.99999999999994,426.69999999999993,87,72,47
1414,train,1,37,pick up the black bowl next to the ramekin and place it on the plate,155,data/chunk-000/file-332.parquet,videos/observation.images.image/chunk-000/file-030.mp4,426.69999999999993,442.19999999999993,videos/observation.images.image2/chunk-000/file-030.mp4,426.69999999999993,442.19999999999993,145,130,105
1415,train,6,30,pick up the black bowl next to the cookie box and place it on the plate,133,data/chunk-000/file-332.parquet,videos/observation.images.image/chunk-000/file-030.mp4,442.19999999999993,455.49999999999994,videos/observation.images.image2/chunk-000/file-030.mp4,442.19999999999993,455.49999999999994,123,108,83
1416,train,6,30,pick up the black bowl next to the cookie box and place it on the plate,133,data/chunk-000/file-332.parquet,videos/observation.images.image/chunk-000/file-030.mp4,455.49999999999994,468.79999999999995,videos/observation.images.image2/chunk-000/file-030.mp4,455.49999999999994,468.79999999999995,123,108,83
1417,train,8,36,pick up the black bowl next to the plate and place it on the plate,96,data/chunk-000/file-332.parquet,videos/observation.images.image/chunk-000/file-030.mp4,468.79999999999995,478.4,videos/observation.images.image2/chunk-000/file-030.mp4,468.79999999999995,478.4,86,71,46
1418,train,6,30,pick up the black bowl next to the cookie box and place it on the plate,152,data/chunk-000/file-333.parquet,videos/observation.images.image/chunk-000/file-030.mp4,478.4,493.59999999999997,videos/observation.images.image2/chunk-000/file-030.mp4,478.4,493.59999999999997,142,127,102
1419,validation,9,39,pick up the black bowl on the wooden cabinet and place it on the plate,135,data/chunk-000/file-333.parquet,videos/observation.images.image/chunk-000/file-030.mp4,493.59999999999997,507.09999999999997,videos/observation.images.image2/chunk-000/file-030.mp4,493.59999999999997,507.09999999999997,125,110,85
1420,train,4,31,pick up the black bowl in the top drawer of the wooden cabinet and place it on the plate,156,data/chunk-000/file-333.parquet,videos/observation.images.image/chunk-000/file-030.mp4,507.09999999999997,522.6999999999999,videos/observation.images.image2/chunk-000/file-030.mp4,507.09999999999997,522.6999999999999,146,131,106
1421,validation,6,30,pick up the black bowl next to the cookie box and place it on the plate,118,data/chunk-000/file-333.parquet,videos/observation.images.image/chunk-000/file-030.mp4,522.6999999999999,534.4999999999999,videos/observation.images.image2/chunk-000/file-030.mp4,522.6999999999999,534.4999999999999,108,93,68
1422,train,7,33,pick up the black bowl on the stove and place it on the plate,129,data/chunk-000/file-333.parquet,videos/observation.images.image/chunk-000/file-030.mp4,534.4999999999999,547.3999999999999,videos/observation.images.image2/chunk-000/file-030.mp4,534.4999999999999,547.3999999999999,119,104,79
1423,train,7,33,pick up the black bowl on the stove and place it on the plate,137,data/chunk-000/file-333.parquet,videos/observation.images.image/chunk-000/file-030.mp4,547.3999999999999,561.0999999999999,videos/observation.images.image2/chunk-000/file-030.mp4,547.3999999999999,561.0999999999999,127,112,87
1424,train,7,33,pick up the black bowl on the stove and place it on the plate,129,data/chunk-000/file-334.parquet,videos/observation.images.image/chunk-000/file-030.mp4,561.0999999999999,573.9999999999999,videos/observation.images.image2/chunk-000/file-030.mp4,561.0999999999999,573.9999999999999,119,104,79
1425,train,0,34,pick up the black bowl between the plate and the ramekin and place it on the plate,86,data/chunk-000/file-334.parquet,videos/observation.images.image/chunk-000/file-030.mp4,573.9999999999999,582.5999999999999,videos/observation.images.image2/chunk-000/file-030.mp4,573.9999999999999,582.5999999999999,76,61,36
1426,train,2,38,pick up the black bowl from table center and place it on the plate,115,data/chunk-000/file-334.parquet,videos/observation.images.image/chunk-000/file-030.mp4,582.5999999999999,594.0999999999999,videos/observation.images.image2/chunk-000/file-030.mp4,582.5999999999999,594.0999999999999,105,90,65
1427,train,1,37,pick up the black bowl next to the ramekin and place it on the plate,150,data/chunk-000/file-334.parquet,videos/observation.images.image/chunk-000/file-030.mp4,594.0999999999999,609.0999999999999,videos/observation.images.image2/chunk-000/file-030.mp4,594.0999999999999,609.0999999999999,140,125,100
1428,validation,2,38,pick up the black bowl from table center and place it on the plate,111,data/chunk-000/file-334.parquet,videos/observation.images.image/chunk-000/file-031.mp4,0.0,11.1,videos/observation.images.image2/chunk-000/file-031.mp4,0.0,11.1,101,86,61
1429,train,6,30,pick up the black bowl next to the cookie box and place it on the plate,123,data/chunk-000/file-334.parquet,videos/observation.images.image/chunk-000/file-031.mp4,11.1,23.4,videos/observation.images.image2/chunk-000/file-031.mp4,11.1,23.4,113,98,73
1430,train,4,31,pick up the black bowl in the top drawer of the wooden cabinet and place it on the plate,169,data/chunk-000/file-335.parquet,videos/observation.images.image/chunk-000/file-031.mp4,23.4,40.3,videos/observation.images.image2/chunk-000/file-031.mp4,23.4,40.3,159,144,119
1431,train,1,37,pick up the black bowl next to the ramekin and place it on the plate,134,data/chunk-000/file-335.parquet,videos/observation.images.image/chunk-000/file-031.mp4,40.3,53.699999999999996,videos/observation.images.image2/chunk-000/file-031.mp4,40.3,53.699999999999996,124,109,84
1432,train,2,38,pick up the black bowl from table center and place it on the plate,131,data/chunk-000/file-335.parquet,videos/observation.images.image/chunk-000/file-031.mp4,53.699999999999996,66.8,videos/observation.images.image2/chunk-000/file-031.mp4,53.699999999999996,66.8,121,106,81
1433,train,5,32,pick up the black bowl on the ramekin and place it on the plate,142,data/chunk-000/file-335.parquet,videos/observation.images.image/chunk-000/file-031.mp4,66.8,81.0,videos/observation.images.image2/chunk-000/file-031.mp4,66.8,81.0,132,117,92
1434,train,4,31,pick up the black bowl in the top drawer of the wooden cabinet and place it on the plate,134,data/chunk-000/file-335.parquet,videos/observation.images.image/chunk-000/file-031.mp4,81.0,94.4,videos/observation.images.image2/chunk-000/file-031.mp4,81.0,94.4,124,109,84
1435,validation,9,39,pick up the black bowl on the wooden cabinet and place it on the plate,142,data/chunk-000/file-336.parquet,videos/observation.images.image/chunk-000/file-031.mp4,94.4,108.60000000000001,videos/observation.images.image2/chunk-000/file-031.mp4,94.4,108.60000000000001,132,117,92
1436,train,1,37,pick up the black bowl next to the ramekin and place it on the plate,109,data/chunk-000/file-336.parquet,videos/observation.images.image/chunk-000/file-031.mp4,108.60000000000001,119.50000000000001,videos/observation.images.image2/chunk-000/file-031.mp4,108.60000000000001,119.50000000000001,99,84,59
1437,train,3,35,pick up the black bowl on the cookie box and place it on the plate,100,data/chunk-000/file-336.parquet,videos/observation.images.image/chunk-000/file-031.mp4,119.50000000000001,129.5,videos/observation.images.image2/chunk-000/file-031.mp4,119.50000000000001,129.5,90,75,50
1438,train,8,36,pick up the black bowl next to the plate and place it on the plate,106,data/chunk-000/file-336.parquet,videos/observation.images.image/chunk-000/file-031.mp4,129.5,140.1,videos/observation.images.image2/chunk-000/file-031.mp4,129.5,140.1,96,81,56
1439,train,9,39,pick up the black bowl on the wooden cabinet and place it on the plate,139,data/chunk-000/file-336.parquet,videos/observation.images.image/chunk-000/file-031.mp4,140.1,154.0,videos/observation.images.image2/chunk-000/file-031.mp4,140.1,154.0,129,114,89
1440,train,2,38,pick up the black bowl from table center and place it on the plate,129,data/chunk-000/file-336.parquet,videos/observation.images.image/chunk-000/file-031.mp4,154.0,166.9,videos/observation.images.image2/chunk-000/file-031.mp4,154.0,166.9,119,104,79
1441,train,4,31,pick up the black bowl in the top drawer of the wooden cabinet and place it on the plate,153,data/chunk-000/file-337.parquet,videos/observation.images.image/chunk-000/file-031.mp4,166.9,182.20000000000002,videos/observation.images.image2/chunk-000/file-031.mp4,166.9,182.20000000000002,143,128,103
1442,train,2,38,pick up the black bowl from table center and place it on the plate,124,data/chunk-000/file-337.parquet,videos/observation.images.image/chunk-000/file-031.mp4,182.20000000000002,194.60000000000002,videos/observation.images.image2/chunk-000/file-031.mp4,182.20000000000002,194.60000000000002,114,99,74
1443,train,5,32,pick up the black bowl on the ramekin and place it on the plate,128,data/chunk-000/file-337.parquet,videos/observation.images.image/chunk-000/file-031.mp4,194.60000000000002,207.40000000000003,videos/observation.images.image2/chunk-000/file-031.mp4,194.60000000000002,207.40000000000003,118,103,78
1444,train,9,39,pick up the black bowl on the wooden cabinet and place it on the plate,136,data/chunk-000/file-337.parquet,videos/observation.images.image/chunk-000/file-031.mp4,207.40000000000003,221.00000000000003,videos/observation.images.image2/chunk-000/file-031.mp4,207.40000000000003,221.00000000000003,126,111,86
1445,train,2,38,pick up the black bowl from table center and place it on the plate,109,data/chunk-000/file-337.parquet,videos/observation.images.image/chunk-000/file-031.mp4,221.00000000000003,231.90000000000003,videos/observation.images.image2/chunk-000/file-031.mp4,221.00000000000003,231.90000000000003,99,84,59
1446,test,6,30,pick up the black bowl next to the cookie box and place it on the plate,106,data/chunk-000/file-337.parquet,videos/observation.images.image/chunk-000/file-031.mp4,231.90000000000003,242.50000000000003,videos/observation.images.image2/chunk-000/file-031.mp4,231.90000000000003,242.50000000000003,96,81,56
1447,train,9,39,pick up the black bowl on the wooden cabinet and place it on the plate,131,data/chunk-000/file-338.parquet,videos/observation.images.image/chunk-000/file-031.mp4,242.50000000000003,255.60000000000002,videos/observation.images.image2/chunk-000/file-031.mp4,242.50000000000003,255.60000000000002,121,106,81
1448,train,6,30,pick up the black bowl next to the cookie box and place it on the plate,119,data/chunk-000/file-338.parquet,videos/observation.images.image/chunk-000/file-031.mp4,255.60000000000002,267.5,videos/observation.images.image2/chunk-000/file-031.mp4,255.60000000000002,267.5,109,94,69
1449,train,0,34,pick up the black bowl between the plate and the ramekin and place it on the plate,93,data/chunk-000/file-338.parquet,videos/observation.images.image/chunk-000/file-031.mp4,267.5,276.8,videos/observation.images.image2/chunk-000/file-031.mp4,267.5,276.8,83,68,43
1450,train,0,34,pick up the black bowl between the plate and the ramekin and place it on the plate,92,data/chunk-000/file-338.parquet,videos/observation.images.image/chunk-000/file-031.mp4,276.8,286.0,videos/observation.images.image2/chunk-000/file-031.mp4,276.8,286.0,82,67,42
1451,train,8,36,pick up the black bowl next to the plate and place it on the plate,111,data/chunk-000/file-338.parquet,videos/observation.images.image/chunk-000/file-031.mp4,286.0,297.1,videos/observation.images.image2/chunk-000/file-031.mp4,286.0,297.1,101,86,61
1452,train,3,35,pick up the black bowl on the cookie box and place it on the plate,96,data/chunk-000/file-338.parquet,videos/observation.images.image/chunk-000/file-031.mp4,297.1,306.70000000000005,videos/observation.images.image2/chunk-000/file-031.mp4,297.1,306.70000000000005,86,71,46
1453,train,4,31,pick up the black bowl in the top drawer of the wooden cabinet and place it on the plate,158,data/chunk-000/file-338.parquet,videos/observation.images.image/chunk-000/file-031.mp4,306.70000000000005,322.50000000000006,videos/observation.images.image2/chunk-000/file-031.mp4,306.70000000000005,322.50000000000006,148,133,108
1454,train,9,39,pick up the black bowl on the wooden cabinet and place it on the plate,145,data/chunk-000/file-339.parquet,videos/observation.images.image/chunk-000/file-031.mp4,322.50000000000006,337.00000000000006,videos/observation.images.image2/chunk-000/file-031.mp4,322.50000000000006,337.00000000000006,135,120,95
1455,train,2,38,pick up the black bowl from table center and place it on the plate,143,data/chunk-000/file-339.parquet,videos/observation.images.image/chunk-000/file-031.mp4,337.00000000000006,351.30000000000007,videos/observation.images.image2/chunk-000/file-031.mp4,337.00000000000006,351.30000000000007,133,118,93
1456,train,6,30,pick up the black bowl next to the cookie box and place it on the plate,129,data/chunk-000/file-339.parquet,videos/observation.images.image/chunk-000/file-031.mp4,351.30000000000007,364.20000000000005,videos/observation.images.image2/chunk-000/file-031.mp4,351.30000000000007,364.20000000000005,119,104,79
1457,train,3,35,pick up the black bowl on the cookie box and place it on the plate,96,data/chunk-000/file-339.parquet,videos/observation.images.image/chunk-000/file-031.mp4,364.20000000000005,373.80000000000007,videos/observation.images.image2/chunk-000/file-031.mp4,364.20000000000005,373.80000000000007,86,71,46
1458,train,9,39,pick up the black bowl on the wooden cabinet and place it on the plate,130,data/chunk-000/file-339.parquet,videos/observation.images.image/chunk-000/file-031.mp4,373.80000000000007,386.80000000000007,videos/observation.images.image2/chunk-000/file-031.mp4,373.80000000000007,386.80000000000007,120,105,80
1459,test,8,36,pick up the black bowl next to the plate and place it on the plate,100,data/chunk-000/file-339.parquet,videos/observation.images.image/chunk-000/file-031.mp4,386.80000000000007,396.80000000000007,videos/observation.images.image2/chunk-000/file-031.mp4,386.80000000000007,396.80000000000007,90,75,50
1460,train,2,38,pick up the black bowl from table center and place it on the plate,109,data/chunk-000/file-339.parquet,videos/observation.images.image/chunk-000/file-031.mp4,396.80000000000007,407.70000000000005,videos/observation.images.image2/chunk-000/file-031.mp4,396.80000000000007,407.70000000000005,99,84,59
1461,train,4,31,pick up the black bowl in the top drawer of the wooden cabinet and place it on the plate,167,data/chunk-000/file-340.parquet,videos/observation.images.image/chunk-000/file-031.mp4,407.70000000000005,424.40000000000003,videos/observation.images.image2/chunk-000/file-031.mp4,407.70000000000005,424.40000000000003,157,142,117
1462,validation,5,32,pick up the black bowl on the ramekin and place it on the plate,129,data/chunk-000/file-340.parquet,videos/observation.images.image/chunk-000/file-031.mp4,424.40000000000003,437.3,videos/observation.images.image2/chunk-000/file-031.mp4,424.40000000000003,437.3,119,104,79
1463,train,3,35,pick up the black bowl on the cookie box and place it on the plate,97,data/chunk-000/file-340.parquet,videos/observation.images.image/chunk-000/file-031.mp4,437.3,447.0,videos/observation.images.image2/chunk-000/file-031.mp4,437.3,447.0,87,72,47
1464,train,8,36,pick up the black bowl next to the plate and place it on the plate,113,data/chunk-000/file-340.parquet,videos/observation.images.image/chunk-000/file-031.mp4,447.0,458.3,videos/observation.images.image2/chunk-000/file-031.mp4,447.0,458.3,103,88,63
1465,train,5,32,pick up the black bowl on the ramekin and place it on the plate,111,data/chunk-000/file-340.parquet,videos/observation.images.image/chunk-000/file-031.mp4,458.3,469.40000000000003,videos/observation.images.image2/chunk-000/file-031.mp4,458.3,469.40000000000003,101,86,61
1466,train,2,38,pick up the black bowl from table center and place it on the plate,125,data/chunk-000/file-340.parquet,videos/observation.images.image/chunk-000/file-031.mp4,469.40000000000003,481.90000000000003,videos/observation.images.image2/chunk-000/file-031.mp4,469.40000000000003,481.90000000000003,115,100,75
1467,validation,8,36,pick up the black bowl next to the plate and place it on the plate,109,data/chunk-000/file-341.parquet,videos/observation.images.image/chunk-000/file-031.mp4,481.90000000000003,492.8,videos/observation.images.image2/chunk-000/file-031.mp4,481.90000000000003,492.8,99,84,59
1468,train,3,35,pick up the black bowl on the cookie box and place it on the plate,95,data/chunk-000/file-341.parquet,videos/observation.images.image/chunk-000/file-031.mp4,492.8,502.3,videos/observation.images.image2/chunk-000/file-031.mp4,492.8,502.3,85,70,45
1469,validation,5,32,pick up the black bowl on the ramekin and place it on the plate,137,data/chunk-000/file-341.parquet,videos/observation.images.image/chunk-000/file-031.mp4,502.3,516.0,videos/observation.images.image2/chunk-000/file-031.mp4,502.3,516.0,127,112,87
1470,test,4,31,pick up the black bowl in the top drawer of the wooden cabinet and place it on the plate,159,data/chunk-000/file-341.parquet,videos/observation.images.image/chunk-000/file-031.mp4,516.0,531.9,videos/observation.images.image2/chunk-000/file-031.mp4,516.0,531.9,149,134,109
1471,train,8,36,pick up the black bowl next to the plate and place it on the plate,95,data/chunk-000/file-341.parquet,videos/observation.images.image/chunk-000/file-031.mp4,531.9,541.4,videos/observation.images.image2/chunk-000/file-031.mp4,531.9,541.4,85,70,45
1472,train,6,30,pick up the black bowl next to the cookie box and place it on the plate,122,data/chunk-000/file-341.parquet,videos/observation.images.image/chunk-000/file-031.mp4,541.4,553.6,videos/observation.images.image2/chunk-000/file-031.mp4,541.4,553.6,112,97,72
1473,train,6,30,pick up the black bowl next to the cookie box and place it on the plate,124,data/chunk-000/file-341.parquet,videos/observation.images.image/chunk-000/file-031.mp4,553.6,566.0,videos/observation.images.image2/chunk-000/file-031.mp4,553.6,566.0,114,99,74
1474,train,4,31,pick up the black bowl in the top drawer of the wooden cabinet and place it on the plate,158,data/chunk-000/file-342.parquet,videos/observation.images.image/chunk-000/file-031.mp4,566.0,581.8,videos/observation.images.image2/chunk-000/file-031.mp4,566.0,581.8,148,133,108
1475,train,3,35,pick up the black bowl on the cookie box and place it on the plate,111,data/chunk-000/file-342.parquet,videos/observation.images.image/chunk-000/file-031.mp4,581.8,592.9,videos/observation.images.image2/chunk-000/file-031.mp4,581.8,592.9,101,86,61
1476,train,9,39,pick up the black bowl on the wooden cabinet and place it on the plate,125,data/chunk-000/file-342.parquet,videos/observation.images.image/chunk-000/file-031.mp4,592.9,605.4,videos/observation.images.image2/chunk-000/file-031.mp4,592.9,605.4,115,100,75
1477,train,9,39,pick up the black bowl on the wooden cabinet and place it on the plate,131,data/chunk-000/file-342.parquet,videos/observation.images.image/chunk-000/file-031.mp4,605.4,618.5,videos/observation.images.image2/chunk-000/file-031.mp4,605.4,618.5,121,106,81
1478,train,2,38,pick up the black bowl from table center and place it on the plate,122,data/chunk-000/file-342.parquet,videos/observation.images.image/chunk-000/file-032.mp4,0.0,12.2,videos/observation.images.image2/chunk-000/file-032.mp4,0.0,12.2,112,97,72
1479,train,2,38,pick up the black bowl from table center and place it on the plate,115,data/chunk-000/file-342.parquet,videos/observation.images.image/chunk-000/file-032.mp4,12.2,23.7,videos/observation.images.image2/chunk-000/file-032.mp4,12.2,23.7,105,90,65
1480,test,1,37,pick up the black bowl next to the ramekin and place it on the plate,127,data/chunk-000/file-343.parquet,videos/observation.images.image/chunk-000/file-032.mp4,23.7,36.4,videos/observation.images.image2/chunk-000/file-032.mp4,23.7,36.4,117,102,77
1481,train,5,32,pick up the black bowl on the ramekin and place it on the plate,118,data/chunk-000/file-343.parquet,videos/observation.images.image/chunk-000/file-032.mp4,36.4,48.2,videos/observation.images.image2/chunk-000/file-032.mp4,36.4,48.2,108,93,68
1482,train,5,32,pick up the black bowl on the ramekin and place it on the plate,98,data/chunk-000/file-343.parquet,videos/observation.images.image/chunk-000/file-032.mp4,48.2,58.0,videos/observation.images.image2/chunk-000/file-032.mp4,48.2,58.0,88,73,48
1483,test,2,38,pick up the black bowl from table center and place it on the plate,101,data/chunk-000/file-343.parquet,videos/observation.images.image/chunk-000/file-032.mp4,58.0,68.1,videos/observation.images.image2/chunk-000/file-032.mp4,58.0,68.1,91,76,51
1484,train,9,39,pick up the black bowl on the wooden cabinet and place it on the plate,182,data/chunk-000/file-343.parquet,videos/observation.images.image/chunk-000/file-032.mp4,68.1,86.3,videos/observation.images.image2/chunk-000/file-032.mp4,68.1,86.3,172,157,132
1485,train,6,30,pick up the black bowl next to the cookie box and place it on the plate,123,data/chunk-000/file-343.parquet,videos/observation.images.image/chunk-000/file-032.mp4,86.3,98.6,videos/observation.images.image2/chunk-000/file-032.mp4,86.3,98.6,113,98,73
1486,train,1,37,pick up the black bowl next to the ramekin and place it on the plate,124,data/chunk-000/file-344.parquet,videos/observation.images.image/chunk-000/file-032.mp4,98.6,111.0,videos/observation.images.image2/chunk-000/file-032.mp4,98.6,111.0,114,99,74
1487,train,3,35,pick up the black bowl on the cookie box and place it on the plate,103,data/chunk-000/file-344.parquet,videos/observation.images.image/chunk-000/file-032.mp4,111.0,121.3,videos/observation.images.image2/chunk-000/file-032.mp4,111.0,121.3,93,78,53
1488,train,8,36,pick up the black bowl next to the plate and place it on the plate,133,data/chunk-000/file-344.parquet,videos/observation.images.image/chunk-000/file-032.mp4,121.3,134.6,videos/observation.images.image2/chunk-000/file-032.mp4,121.3,134.6,123,108,83
1489,train,3,35,pick up the black bowl on the cookie box and place it on the plate,86,data/chunk-000/file-344.parquet,videos/observation.images.image/chunk-000/file-032.mp4,134.6,143.2,videos/observation.images.image2/chunk-000/file-032.mp4,134.6,143.2,76,61,36
1490,train,1,37,pick up the black bowl next to the ramekin and place it on the plate,127,data/chunk-000/file-344.parquet,videos/observation.images.image/chunk-000/file-032.mp4,143.2,155.89999999999998,videos/observation.images.image2/chunk-000/file-032.mp4,143.2,155.89999999999998,117,102,77
1491,validation,0,34,pick up the black bowl between the plate and the ramekin and place it on the plate,100,data/chunk-000/file-344.parquet,videos/observation.images.image/chunk-000/file-032.mp4,155.89999999999998,165.89999999999998,videos/observation.images.image2/chunk-000/file-032.mp4,155.89999999999998,165.89999999999998,90,75,50
1492,train,7,33,pick up the black bowl on the stove and place it on the plate,137,data/chunk-000/file-344.parquet,videos/observation.images.image/chunk-000/file-032.mp4,165.89999999999998,179.59999999999997,videos/observation.images.image2/chunk-000/file-032.mp4,165.89999999999998,179.59999999999997,127,112,87
1493,train,0,34,pick up the black bowl between the plate and the ramekin and place it on the plate,84,data/chunk-000/file-345.parquet,videos/observation.images.image/chunk-000/file-032.mp4,179.59999999999997,187.99999999999997,videos/observation.images.image2/chunk-000/file-032.mp4,179.59999999999997,187.99999999999997,74,59,34
1494,train,4,31,pick up the black bowl in the top drawer of the wooden cabinet and place it on the plate,142,data/chunk-000/file-345.parquet,videos/observation.images.image/chunk-000/file-032.mp4,187.99999999999997,202.19999999999996,videos/observation.images.image2/chunk-000/file-032.mp4,187.99999999999997,202.19999999999996,132,117,92
1495,train,1,37,pick up the black bowl next to the ramekin and place it on the plate,135,data/chunk-000/file-345.parquet,videos/observation.images.image/chunk-000/file-032.mp4,202.19999999999996,215.69999999999996,videos/observation.images.image2/chunk-000/file-032.mp4,202.19999999999996,215.69999999999996,125,110,85
1496,train,5,32,pick up the black bowl on the ramekin and place it on the plate,100,data/chunk-000/file-345.parquet,videos/observation.images.image/chunk-000/file-032.mp4,215.69999999999996,225.69999999999996,videos/observation.images.image2/chunk-000/file-032.mp4,215.69999999999996,225.69999999999996,90,75,50
1497,train,9,39,pick up the black bowl on the wooden cabinet and place it on the plate,140,data/chunk-000/file-345.parquet,videos/observation.images.image/chunk-000/file-032.mp4,225.69999999999996,239.69999999999996,videos/observation.images.image2/chunk-000/file-032.mp4,225.69999999999996,239.69999999999996,130,115,90
1498,test,5,32,pick up the black bowl on the ramekin and place it on the plate,131,data/chunk-000/file-345.parquet,videos/observation.images.image/chunk-000/file-032.mp4,239.69999999999996,252.79999999999995,videos/observation.images.image2/chunk-000/file-032.mp4,239.69999999999996,252.79999999999995,121,106,81
1499,validation,1,37,pick up the black bowl next to the ramekin and place it on the plate,117,data/chunk-000/file-346.parquet,videos/observation.images.image/chunk-000/file-032.mp4,252.79999999999995,264.49999999999994,videos/observation.images.image2/chunk-000/file-032.mp4,252.79999999999995,264.49999999999994,107,92,67
1500,test,0,34,pick up the black bowl between the plate and the ramekin and place it on the plate,91,data/chunk-000/file-346.parquet,videos/observation.images.image/chunk-000/file-032.mp4,264.49999999999994,273.59999999999997,videos/observation.images.image2/chunk-000/file-032.mp4,264.49999999999994,273.59999999999997,81,66,41
1501,train,1,37,pick up the black bowl next to the ramekin and place it on the plate,154,data/chunk-000/file-346.parquet,videos/observation.images.image/chunk-000/file-032.mp4,273.59999999999997,288.99999999999994,videos/observation.images.image2/chunk-000/file-032.mp4,273.59999999999997,288.99999999999994,144,129,104
1502,train,6,30,pick up the black bowl next to the cookie box and place it on the plate,146,data/chunk-000/file-346.parquet,videos/observation.images.image/chunk-000/file-032.mp4,288.99999999999994,303.59999999999997,videos/observation.images.image2/chunk-000/file-032.mp4,288.99999999999994,303.59999999999997,136,121,96
1503,train,8,36,pick up the black bowl next to the plate and place it on the plate,105,data/chunk-000/file-346.parquet,videos/observation.images.image/chunk-000/file-032.mp4,303.59999999999997,314.09999999999997,videos/observation.images.image2/chunk-000/file-032.mp4,303.59999999999997,314.09999999999997,95,80,55
1504,train,0,34,pick up the black bowl between the plate and the ramekin and place it on the plate,89,data/chunk-000/file-346.parquet,videos/observation.images.image/chunk-000/file-032.mp4,314.09999999999997,322.99999999999994,videos/observation.images.image2/chunk-000/file-032.mp4,314.09999999999997,322.99999999999994,79,64,39
1505,train,4,31,pick up the black bowl in the top drawer of the wooden cabinet and place it on the plate,150,data/chunk-000/file-347.parquet,videos/observation.images.image/chunk-000/file-032.mp4,322.99999999999994,337.99999999999994,videos/observation.images.image2/chunk-000/file-032.mp4,322.99999999999994,337.99999999999994,140,125,100
1506,train,0,34,pick up the black bowl between the plate and the ramekin and place it on the plate,79,data/chunk-000/file-347.parquet,videos/observation.images.image/chunk-000/file-032.mp4,337.99999999999994,345.8999999999999,videos/observation.images.image2/chunk-000/file-032.mp4,337.99999999999994,345.8999999999999,69,54,29
1507,train,8,36,pick up the black bowl next to the plate and place it on the plate,107,data/chunk-000/file-347.parquet,videos/observation.images.image/chunk-000/file-032.mp4,345.8999999999999,356.5999999999999,videos/observation.images.image2/chunk-000/file-032.mp4,345.8999999999999,356.5999999999999,97,82,57
1508,train,1,37,pick up the black bowl next to the ramekin and place it on the plate,113,data/chunk-000/file-347.parquet,videos/observation.images.image/chunk-000/file-032.mp4,356.5999999999999,367.8999999999999,videos/observation.images.image2/chunk-000/file-032.mp4,356.5999999999999,367.8999999999999,103,88,63
1509,train,2,38,pick up the black bowl from table center and place it on the plate,123,data/chunk-000/file-347.parquet,videos/observation.images.image/chunk-000/file-032.mp4,367.8999999999999,380.19999999999993,videos/observation.images.image2/chunk-000/file-032.mp4,367.8999999999999,380.19999999999993,113,98,73
1510,train,2,38,pick up the black bowl from table center and place it on the plate,114,data/chunk-000/file-347.parquet,videos/observation.images.image/chunk-000/file-032.mp4,380.19999999999993,391.5999999999999,videos/observation.images.image2/chunk-000/file-032.mp4,380.19999999999993,391.5999999999999,104,89,64
1511,train,9,39,pick up the black bowl on the wooden cabinet and place it on the plate,124,data/chunk-000/file-347.parquet,videos/observation.images.image/chunk-000/file-032.mp4,391.5999999999999,403.9999999999999,videos/observation.images.image2/chunk-000/file-032.mp4,391.5999999999999,403.9999999999999,114,99,74
1512,train,9,39,pick up the black bowl on the wooden cabinet and place it on the plate,138,data/chunk-000/file-348.parquet,videos/observation.images.image/chunk-000/file-032.mp4,403.9999999999999,417.7999999999999,videos/observation.images.image2/chunk-000/file-032.mp4,403.9999999999999,417.7999999999999,128,113,88
1513,train,8,36,pick up the black bowl next to the plate and place it on the plate,111,data/chunk-000/file-348.parquet,videos/observation.images.image/chunk-000/file-032.mp4,417.7999999999999,428.8999999999999,videos/observation.images.image2/chunk-000/file-032.mp4,417.7999999999999,428.8999999999999,101,86,61
1514,train,2,38,pick up the black bowl from table center and place it on the plate,119,data/chunk-000/file-348.parquet,videos/observation.images.image/chunk-000/file-032.mp4,428.8999999999999,440.7999999999999,videos/observation.images.image2/chunk-000/file-032.mp4,428.8999999999999,440.7999999999999,109,94,69
1515,train,8,36,pick up the black bowl next to the plate and place it on the plate,114,data/chunk-000/file-348.parquet,videos/observation.images.image/chunk-000/file-032.mp4,440.7999999999999,452.1999999999999,videos/observation.images.image2/chunk-000/file-032.mp4,440.7999999999999,452.1999999999999,104,89,64
1516,validation,7,33,pick up the black bowl on the stove and place it on the plate,136,data/chunk-000/file-348.parquet,videos/observation.images.image/chunk-000/file-032.mp4,452.1999999999999,465.7999999999999,videos/observation.images.image2/chunk-000/file-032.mp4,452.1999999999999,465.7999999999999,126,111,86
1517,train,0,34,pick up the black bowl between the plate and the ramekin and place it on the plate,127,data/chunk-000/file-348.parquet,videos/observation.images.image/chunk-000/file-032.mp4,465.7999999999999,478.4999999999999,videos/observation.images.image2/chunk-000/file-032.mp4,465.7999999999999,478.4999999999999,117,102,77
1518,train,9,39,pick up the black bowl on the wooden cabinet and place it on the plate,133,data/chunk-000/file-349.parquet,videos/observation.images.image/chunk-000/file-032.mp4,478.4999999999999,491.7999999999999,videos/observation.images.image2/chunk-000/file-032.mp4,478.4999999999999,491.7999999999999,123,108,83
1519,train,5,32,pick up the black bowl on the ramekin and place it on the plate,121,data/chunk-000/file-349.parquet,videos/observation.images.image/chunk-000/file-032.mp4,491.7999999999999,503.8999999999999,videos/observation.images.image2/chunk-000/file-032.mp4,491.7999999999999,503.8999999999999,111,96,71
1520,train,9,39,pick up the black bowl on the wooden cabinet and place it on the plate,134,data/chunk-000/file-349.parquet,videos/observation.images.image/chunk-000/file-032.mp4,503.8999999999999,517.3,videos/observation.images.image2/chunk-000/file-032.mp4,503.8999999999999,517.3,124,109,84
1521,train,5,32,pick up the black bowl on the ramekin and place it on the plate,128,data/chunk-000/file-349.parquet,videos/observation.images.image/chunk-000/file-032.mp4,517.3,530.0999999999999,videos/observation.images.image2/chunk-000/file-032.mp4,517.3,530.0999999999999,118,103,78
1522,train,3,35,pick up the black bowl on the cookie box and place it on the plate,97,data/chunk-000/file-349.parquet,videos/observation.images.image/chunk-000/file-032.mp4,530.0999999999999,539.8,videos/observation.images.image2/chunk-000/file-032.mp4,530.0999999999999,539.8,87,72,47
1523,train,9,39,pick up the black bowl on the wooden cabinet and place it on the plate,130,data/chunk-000/file-349.parquet,videos/observation.images.image/chunk-000/file-032.mp4,539.8,552.8,videos/observation.images.image2/chunk-000/file-032.mp4,539.8,552.8,120,105,80
1524,train,5,32,pick up the black bowl on the ramekin and place it on the plate,123,data/chunk-000/file-350.parquet,videos/observation.images.image/chunk-000/file-032.mp4,552.8,565.0999999999999,videos/observation.images.image2/chunk-000/file-032.mp4,552.8,565.0999999999999,113,98,73
1525,train,5,32,pick up the black bowl on the ramekin and place it on the plate,119,data/chunk-000/file-350.parquet,videos/observation.images.image/chunk-000/file-032.mp4,565.0999999999999,576.9999999999999,videos/observation.images.image2/chunk-000/file-032.mp4,565.0999999999999,576.9999999999999,109,94,69
1526,test,6,30,pick up the black bowl next to the cookie box and place it on the plate,130,data/chunk-000/file-350.parquet,videos/observation.images.image/chunk-000/file-032.mp4,576.9999999999999,589.9999999999999,videos/observation.images.image2/chunk-000/file-032.mp4,576.9999999999999,589.9999999999999,120,105,80
1527,train,0,34,pick up the black bowl between the plate and the ramekin and place it on the plate,134,data/chunk-000/file-350.parquet,videos/observation.images.image/chunk-000/file-032.mp4,589.9999999999999,603.3999999999999,videos/observation.images.image2/chunk-000/file-032.mp4,589.9999999999999,603.3999999999999,124,109,84
1528,train,3,35,pick up the black bowl on the cookie box and place it on the plate,113,data/chunk-000/file-350.parquet,videos/observation.images.image/chunk-000/file-033.mp4,0.0,11.3,videos/observation.images.image2/chunk-000/file-033.mp4,0.0,11.3,103,88,63
1529,validation,1,37,pick up the black bowl next to the ramekin and place it on the plate,111,data/chunk-000/file-350.parquet,videos/observation.images.image/chunk-000/file-033.mp4,11.3,22.4,videos/observation.images.image2/chunk-000/file-033.mp4,11.3,22.4,101,86,61
1530,validation,9,39,pick up the black bowl on the wooden cabinet and place it on the plate,126,data/chunk-000/file-351.parquet,videos/observation.images.image/chunk-000/file-033.mp4,22.4,35.0,videos/observation.images.image2/chunk-000/file-033.mp4,22.4,35.0,116,101,76
1531,train,9,39,pick up the black bowl on the wooden cabinet and place it on the plate,142,data/chunk-000/file-351.parquet,videos/observation.images.image/chunk-000/file-033.mp4,35.0,49.2,videos/observation.images.image2/chunk-000/file-033.mp4,35.0,49.2,132,117,92
1532,train,0,34,pick up the black bowl between the plate and the ramekin and place it on the plate,96,data/chunk-000/file-351.parquet,videos/observation.images.image/chunk-000/file-033.mp4,49.2,58.800000000000004,videos/observation.images.image2/chunk-000/file-033.mp4,49.2,58.800000000000004,86,71,46
1533,train,8,36,pick up the black bowl next to the plate and place it on the plate,165,data/chunk-000/file-351.parquet,videos/observation.images.image/chunk-000/file-033.mp4,58.800000000000004,75.30000000000001,videos/observation.images.image2/chunk-000/file-033.mp4,58.800000000000004,75.30000000000001,155,140,115
1534,train,6,30,pick up the black bowl next to the cookie box and place it on the plate,127,data/chunk-000/file-351.parquet,videos/observation.images.image/chunk-000/file-033.mp4,75.30000000000001,88.00000000000001,videos/observation.images.image2/chunk-000/file-033.mp4,75.30000000000001,88.00000000000001,117,102,77
1535,validation,3,35,pick up the black bowl on the cookie box and place it on the plate,92,data/chunk-000/file-351.parquet,videos/observation.images.image/chunk-000/file-033.mp4,88.00000000000001,97.20000000000002,videos/observation.images.image2/chunk-000/file-033.mp4,88.00000000000001,97.20000000000002,82,67,42
1536,train,8,36,pick up the black bowl next to the plate and place it on the plate,121,data/chunk-000/file-352.parquet,videos/observation.images.image/chunk-000/file-033.mp4,97.20000000000002,109.30000000000001,videos/observation.images.image2/chunk-000/file-033.mp4,97.20000000000002,109.30000000000001,111,96,71
1537,train,4,31,pick up the black bowl in the top drawer of the wooden cabinet and place it on the plate,132,data/chunk-000/file-352.parquet,videos/observation.images.image/chunk-000/file-033.mp4,109.30000000000001,122.50000000000001,videos/observation.images.image2/chunk-000/file-033.mp4,109.30000000000001,122.50000000000001,122,107,82
1538,train,7,33,pick up the black bowl on the stove and place it on the plate,145,data/chunk-000/file-352.parquet,videos/observation.images.image/chunk-000/file-033.mp4,122.50000000000001,137.0,videos/observation.images.image2/chunk-000/file-033.mp4,122.50000000000001,137.0,135,120,95
1539,train,6,30,pick up the black bowl next to the cookie box and place it on the plate,122,data/chunk-000/file-352.parquet,videos/observation.images.image/chunk-000/file-033.mp4,137.0,149.2,videos/observation.images.image2/chunk-000/file-033.mp4,137.0,149.2,112,97,72
1540,train,8,36,pick up the black bowl next to the plate and place it on the plate,104,data/chunk-000/file-352.parquet,videos/observation.images.image/chunk-000/file-033.mp4,149.2,159.6,videos/observation.images.image2/chunk-000/file-033.mp4,149.2,159.6,94,79,54
1541,train,1,37,pick up the black bowl next to the ramekin and place it on the plate,143,data/chunk-000/file-352.parquet,videos/observation.images.image/chunk-000/file-033.mp4,159.6,173.9,videos/observation.images.image2/chunk-000/file-033.mp4,159.6,173.9,133,118,93
1542,train,8,36,pick up the black bowl next to the plate and place it on the plate,117,data/chunk-000/file-353.parquet,videos/observation.images.image/chunk-000/file-033.mp4,173.9,185.6,videos/observation.images.image2/chunk-000/file-033.mp4,173.9,185.6,107,92,67
1543,train,4,31,pick up the black bowl in the top drawer of the wooden cabinet and place it on the plate,145,data/chunk-000/file-353.parquet,videos/observation.images.image/chunk-000/file-033.mp4,185.6,200.1,videos/observation.images.image2/chunk-000/file-033.mp4,185.6,200.1,135,120,95
1544,train,6,30,pick up the black bowl next to the cookie box and place it on the plate,121,data/chunk-000/file-353.parquet,videos/observation.images.image/chunk-000/file-033.mp4,200.1,212.2,videos/observation.images.image2/chunk-000/file-033.mp4,200.1,212.2,111,96,71
1545,validation,2,38,pick up the black bowl from table center and place it on the plate,106,data/chunk-000/file-353.parquet,videos/observation.images.image/chunk-000/file-033.mp4,212.2,222.79999999999998,videos/observation.images.image2/chunk-000/file-033.mp4,212.2,222.79999999999998,96,81,56
1546,train,8,36,pick up the black bowl next to the plate and place it on the plate,173,data/chunk-000/file-353.parquet,videos/observation.images.image/chunk-000/file-033.mp4,222.79999999999998,240.1,videos/observation.images.image2/chunk-000/file-033.mp4,222.79999999999998,240.1,163,148,123
1547,train,8,36,pick up the black bowl next to the plate and place it on the plate,104,data/chunk-000/file-353.parquet,videos/observation.images.image/chunk-000/file-033.mp4,240.1,250.5,videos/observation.images.image2/chunk-000/file-033.mp4,240.1,250.5,94,79,54
1548,train,3,35,pick up the black bowl on the cookie box and place it on the plate,96,data/chunk-000/file-354.parquet,videos/observation.images.image/chunk-000/file-033.mp4,250.5,260.1,videos/observation.images.image2/chunk-000/file-033.mp4,250.5,260.1,86,71,46
1549,train,2,38,pick up the black bowl from table center and place it on the plate,125,data/chunk-000/file-354.parquet,videos/observation.images.image/chunk-000/file-033.mp4,260.1,272.6,videos/observation.images.image2/chunk-000/file-033.mp4,260.1,272.6,115,100,75
1550,train,1,37,pick up the black bowl next to the ramekin and place it on the plate,120,data/chunk-000/file-354.parquet,videos/observation.images.image/chunk-000/file-033.mp4,272.6,284.6,videos/observation.images.image2/chunk-000/file-033.mp4,272.6,284.6,110,95,70
1551,train,4,31,pick up the black bowl in the top drawer of the wooden cabinet and place it on the plate,151,data/chunk-000/file-354.parquet,videos/observation.images.image/chunk-000/file-033.mp4,284.6,299.70000000000005,videos/observation.images.image2/chunk-000/file-033.mp4,284.6,299.70000000000005,141,126,101
1552,train,8,36,pick up the black bowl next to the plate and place it on the plate,110,data/chunk-000/file-354.parquet,videos/observation.images.image/chunk-000/file-033.mp4,299.70000000000005,310.70000000000005,videos/observation.images.image2/chunk-000/file-033.mp4,299.70000000000005,310.70000000000005,100,85,60
1553,train,7,33,pick up the black bowl on the stove and place it on the plate,133,data/chunk-000/file-354.parquet,videos/observation.images.image/chunk-000/file-033.mp4,310.70000000000005,324.00000000000006,videos/observation.images.image2/chunk-000/file-033.mp4,310.70000000000005,324.00000000000006,123,108,83
1554,train,3,35,pick up the black bowl on the cookie box and place it on the plate,101,data/chunk-000/file-354.parquet,videos/observation.images.image/chunk-000/file-033.mp4,324.00000000000006,334.1000000000001,videos/observation.images.image2/chunk-000/file-033.mp4,324.00000000000006,334.1000000000001,91,76,51
1555,train,1,37,pick up the black bowl next to the ramekin and place it on the plate,131,data/chunk-000/file-355.parquet,videos/observation.images.image/chunk-000/file-033.mp4,334.1000000000001,347.2000000000001,videos/observation.images.image2/chunk-000/file-033.mp4,334.1000000000001,347.2000000000001,121,106,81
1556,test,2,38,pick up the black bowl from table center and place it on the plate,110,data/chunk-000/file-355.parquet,videos/observation.images.image/chunk-000/file-033.mp4,347.2000000000001,358.2000000000001,videos/observation.images.image2/chunk-000/file-033.mp4,347.2000000000001,358.2000000000001,100,85,60
1557,test,2,38,pick up the black bowl from table center and place it on the plate,98,data/chunk-000/file-355.parquet,videos/observation.images.image/chunk-000/file-033.mp4,358.2000000000001,368.0000000000001,videos/observation.images.image2/chunk-000/file-033.mp4,358.2000000000001,368.0000000000001,88,73,48
1558,train,1,37,pick up the black bowl next to the ramekin and place it on the plate,117,data/chunk-000/file-355.parquet,videos/observation.images.image/chunk-000/file-033.mp4,368.0000000000001,379.7000000000001,videos/observation.images.image2/chunk-000/file-033.mp4,368.0000000000001,379.7000000000001,107,92,67
1559,train,1,37,pick up the black bowl next to the ramekin and place it on the plate,112,data/chunk-000/file-355.parquet,videos/observation.images.image/chunk-000/file-033.mp4,379.7000000000001,390.9000000000001,videos/observation.images.image2/chunk-000/file-033.mp4,379.7000000000001,390.9000000000001,102,87,62
1560,train,0,34,pick up the black bowl between the plate and the ramekin and place it on the plate,105,data/chunk-000/file-355.parquet,videos/observation.images.image/chunk-000/file-033.mp4,390.9000000000001,401.4000000000001,videos/observation.images.image2/chunk-000/file-033.mp4,390.9000000000001,401.4000000000001,95,80,55
1561,train,5,32,pick up the black bowl on the ramekin and place it on the plate,121,data/chunk-000/file-355.parquet,videos/observation.images.image/chunk-000/file-033.mp4,401.4000000000001,413.5000000000001,videos/observation.images.image2/chunk-000/file-033.mp4,401.4000000000001,413.5000000000001,111,96,71
1562,test,5,32,pick up the black bowl on the ramekin and place it on the plate,117,data/chunk-000/file-356.parquet,videos/observation.images.image/chunk-000/file-033.mp4,413.5000000000001,425.2000000000001,videos/observation.images.image2/chunk-000/file-033.mp4,413.5000000000001,425.2000000000001,107,92,67
1563,train,0,34,pick up the black bowl between the plate and the ramekin and place it on the plate,151,data/chunk-000/file-356.parquet,videos/observation.images.image/chunk-000/file-033.mp4,425.2000000000001,440.3000000000001,videos/observation.images.image2/chunk-000/file-033.mp4,425.2000000000001,440.3000000000001,141,126,101
1564,train,6,30,pick up the black bowl next to the cookie box and place it on the plate,114,data/chunk-000/file-356.parquet,videos/observation.images.image/chunk-000/file-033.mp4,440.3000000000001,451.7000000000001,videos/observation.images.image2/chunk-000/file-033.mp4,440.3000000000001,451.7000000000001,104,89,64
1565,train,8,36,pick up the black bowl next to the plate and place it on the plate,110,data/chunk-000/file-356.parquet,videos/observation.images.image/chunk-000/file-033.mp4,451.7000000000001,462.7000000000001,videos/observation.images.image2/chunk-000/file-033.mp4,451.7000000000001,462.7000000000001,100,85,60
1566,test,9,39,pick up the black bowl on the wooden cabinet and place it on the plate,143,data/chunk-000/file-356.parquet,videos/observation.images.image/chunk-000/file-033.mp4,462.7000000000001,477.0000000000001,videos/observation.images.image2/chunk-000/file-033.mp4,462.7000000000001,477.0000000000001,133,118,93
1567,train,0,34,pick up the black bowl between the plate and the ramekin and place it on the plate,92,data/chunk-000/file-356.parquet,videos/observation.images.image/chunk-000/file-033.mp4,477.0000000000001,486.2000000000001,videos/observation.images.image2/chunk-000/file-033.mp4,477.0000000000001,486.2000000000001,82,67,42
1568,train,0,34,pick up the black bowl between the plate and the ramekin and place it on the plate,92,data/chunk-000/file-356.parquet,videos/observation.images.image/chunk-000/file-033.mp4,486.2000000000001,495.4000000000001,videos/observation.images.image2/chunk-000/file-033.mp4,486.2000000000001,495.4000000000001,82,67,42
1569,train,3,35,pick up the black bowl on the cookie box and place it on the plate,103,data/chunk-000/file-357.parquet,videos/observation.images.image/chunk-000/file-033.mp4,495.4000000000001,505.7000000000001,videos/observation.images.image2/chunk-000/file-033.mp4,495.4000000000001,505.7000000000001,93,78,53
1570,train,3,35,pick up the black bowl on the cookie box and place it on the plate,106,data/chunk-000/file-357.parquet,videos/observation.images.image/chunk-000/file-033.mp4,505.7000000000001,516.3000000000001,videos/observation.images.image2/chunk-000/file-033.mp4,505.7000000000001,516.3000000000001,96,81,56
1571,train,7,33,pick up the black bowl on the stove and place it on the plate,133,data/chunk-000/file-357.parquet,videos/observation.images.image/chunk-000/file-033.mp4,516.3000000000001,529.6,videos/observation.images.image2/chunk-000/file-033.mp4,516.3000000000001,529.6,123,108,83
1572,train,8,36,pick up the black bowl next to the plate and place it on the plate,116,data/chunk-000/file-357.parquet,videos/observation.images.image/chunk-000/file-033.mp4,529.6,541.2,videos/observation.images.image2/chunk-000/file-033.mp4,529.6,541.2,106,91,66
1573,train,2,38,pick up the black bowl from table center and place it on the plate,117,data/chunk-000/file-357.parquet,videos/observation.images.image/chunk-000/file-033.mp4,541.2,552.9000000000001,videos/observation.images.image2/chunk-000/file-033.mp4,541.2,552.9000000000001,107,92,67
1574,validation,0,34,pick up the black bowl between the plate and the ramekin and place it on the plate,105,data/chunk-000/file-357.parquet,videos/observation.images.image/chunk-000/file-033.mp4,552.9000000000001,563.4000000000001,videos/observation.images.image2/chunk-000/file-033.mp4,552.9000000000001,563.4000000000001,95,80,55
1575,train,6,30,pick up the black bowl next to the cookie box and place it on the plate,133,data/chunk-000/file-357.parquet,videos/observation.images.image/chunk-000/file-033.mp4,563.4000000000001,576.7,videos/observation.images.image2/chunk-000/file-033.mp4,563.4000000000001,576.7,123,108,83
1576,train,4,31,pick up the black bowl in the top drawer of the wooden cabinet and place it on the plate,158,data/chunk-000/file-358.parquet,videos/observation.images.image/chunk-000/file-033.mp4,576.7,592.5,videos/observation.images.image2/chunk-000/file-033.mp4,576.7,592.5,148,133,108
1577,validation,5,32,pick up the black bowl on the ramekin and place it on the plate,111,data/chunk-000/file-358.parquet,videos/observation.images.image/chunk-000/file-033.mp4,592.5,603.6,videos/observation.images.image2/chunk-000/file-033.mp4,592.5,603.6,101,86,61
1578,train,3,35,pick up the black bowl on the cookie box and place it on the plate,99,data/chunk-000/file-358.parquet,videos/observation.images.image/chunk-000/file-034.mp4,0.0,9.9,videos/observation.images.image2/chunk-000/file-034.mp4,0.0,9.9,89,74,49
1579,train,0,34,pick up the black bowl between the plate and the ramekin and place it on the plate,108,data/chunk-000/file-358.parquet,videos/observation.images.image/chunk-000/file-034.mp4,9.9,20.700000000000003,videos/observation.images.image2/chunk-000/file-034.mp4,9.9,20.700000000000003,98,83,58
1580,train,3,35,pick up the black bowl on the cookie box and place it on the plate,100,data/chunk-000/file-358.parquet,videos/observation.images.image/chunk-000/file-034.mp4,20.700000000000003,30.700000000000003,videos/observation.images.image2/chunk-000/file-034.mp4,20.700000000000003,30.700000000000003,90,75,50
1581,train,4,31,pick up the black bowl in the top drawer of the wooden cabinet and place it on the plate,132,data/chunk-000/file-358.parquet,videos/observation.images.image/chunk-000/file-034.mp4,30.700000000000003,43.900000000000006,videos/observation.images.image2/chunk-000/file-034.mp4,30.700000000000003,43.900000000000006,122,107,82
1582,train,4,31,pick up the black bowl in the top drawer of the wooden cabinet and place it on the plate,137,data/chunk-000/file-359.parquet,videos/observation.images.image/chunk-000/file-034.mp4,43.900000000000006,57.60000000000001,videos/observation.images.image2/chunk-000/file-034.mp4,43.900000000000006,57.60000000000001,127,112,87
1583,train,0,34,pick up the black bowl between the plate and the ramekin and place it on the plate,97,data/chunk-000/file-359.parquet,videos/observation.images.image/chunk-000/file-034.mp4,57.60000000000001,67.30000000000001,videos/observation.images.image2/chunk-000/file-034.mp4,57.60000000000001,67.30000000000001,87,72,47
1584,test,8,36,pick up the black bowl next to the plate and place it on the plate,115,data/chunk-000/file-359.parquet,videos/observation.images.image/chunk-000/file-034.mp4,67.30000000000001,78.80000000000001,videos/observation.images.image2/chunk-000/file-034.mp4,67.30000000000001,78.80000000000001,105,90,65
1585,test,7,33,pick up the black bowl on the stove and place it on the plate,128,data/chunk-000/file-359.parquet,videos/observation.images.image/chunk-000/file-034.mp4,78.80000000000001,91.60000000000001,videos/observation.images.image2/chunk-000/file-034.mp4,78.80000000000001,91.60000000000001,118,103,78
1586,train,4,31,pick up the black bowl in the top drawer of the wooden cabinet and place it on the plate,131,data/chunk-000/file-359.parquet,videos/observation.images.image/chunk-000/file-034.mp4,91.60000000000001,104.7,videos/observation.images.image2/chunk-000/file-034.mp4,91.60000000000001,104.7,121,106,81
1587,train,1,37,pick up the black bowl next to the ramekin and place it on the plate,137,data/chunk-000/file-359.parquet,videos/observation.images.image/chunk-000/file-034.mp4,104.7,118.4,videos/observation.images.image2/chunk-000/file-034.mp4,104.7,118.4,127,112,87
1588,train,1,37,pick up the black bowl next to the ramekin and place it on the plate,189,data/chunk-000/file-360.parquet,videos/observation.images.image/chunk-000/file-034.mp4,118.4,137.3,videos/observation.images.image2/chunk-000/file-034.mp4,118.4,137.3,179,164,139
1589,test,0,34,pick up the black bowl between the plate and the ramekin and place it on the plate,93,data/chunk-000/file-360.parquet,videos/observation.images.image/chunk-000/file-034.mp4,137.3,146.60000000000002,videos/observation.images.image2/chunk-000/file-034.mp4,137.3,146.60000000000002,83,68,43
1590,train,7,33,pick up the black bowl on the stove and place it on the plate,164,data/chunk-000/file-360.parquet,videos/observation.images.image/chunk-000/file-034.mp4,146.60000000000002,163.00000000000003,videos/observation.images.image2/chunk-000/file-034.mp4,146.60000000000002,163.00000000000003,154,139,114
1591,train,4,31,pick up the black bowl in the top drawer of the wooden cabinet and place it on the plate,170,data/chunk-000/file-360.parquet,videos/observation.images.image/chunk-000/file-034.mp4,163.00000000000003,180.00000000000003,videos/observation.images.image2/chunk-000/file-034.mp4,163.00000000000003,180.00000000000003,160,145,120
1592,train,3,35,pick up the black bowl on the cookie box and place it on the plate,95,data/chunk-000/file-360.parquet,videos/observation.images.image/chunk-000/file-034.mp4,180.00000000000003,189.50000000000003,videos/observation.images.image2/chunk-000/file-034.mp4,180.00000000000003,189.50000000000003,85,70,45
1593,test,7,33,pick up the black bowl on the stove and place it on the plate,124,data/chunk-000/file-360.parquet,videos/observation.images.image/chunk-000/file-034.mp4,189.50000000000003,201.90000000000003,videos/observation.images.image2/chunk-000/file-034.mp4,189.50000000000003,201.90000000000003,114,99,74
1594,train,5,32,pick up the black bowl on the ramekin and place it on the plate,110,data/chunk-000/file-361.parquet,videos/observation.images.image/chunk-000/file-034.mp4,201.90000000000003,212.90000000000003,videos/observation.images.image2/chunk-000/file-034.mp4,201.90000000000003,212.90000000000003,100,85,60
1595,train,4,31,pick up the black bowl in the top drawer of the wooden cabinet and place it on the plate,139,data/chunk-000/file-361.parquet,videos/observation.images.image/chunk-000/file-034.mp4,212.90000000000003,226.80000000000004,videos/observation.images.image2/chunk-000/file-034.mp4,212.90000000000003,226.80000000000004,129,114,89
1596,train,1,37,pick up the black bowl next to the ramekin and place it on the plate,141,data/chunk-000/file-361.parquet,videos/observation.images.image/chunk-000/file-034.mp4,226.80000000000004,240.90000000000003,videos/observation.images.image2/chunk-000/file-034.mp4,226.80000000000004,240.90000000000003,131,116,91
1597,validation,0,34,pick up the black bowl between the plate and the ramekin and place it on the plate,96,data/chunk-000/file-361.parquet,videos/observation.images.image/chunk-000/file-034.mp4,240.90000000000003,250.50000000000003,videos/observation.images.image2/chunk-000/file-034.mp4,240.90000000000003,250.50000000000003,86,71,46
1598,train,5,32,pick up the black bowl on the ramekin and place it on the plate,129,data/chunk-000/file-361.parquet,videos/observation.images.image/chunk-000/file-034.mp4,250.50000000000003,263.40000000000003,videos/observation.images.image2/chunk-000/file-034.mp4,250.50000000000003,263.40000000000003,119,104,79
1599,train,8,36,pick up the black bowl next to the plate and place it on the plate,116,data/chunk-000/file-361.parquet,videos/observation.images.image/chunk-000/file-034.mp4,263.40000000000003,275.00000000000006,videos/observation.images.image2/chunk-000/file-034.mp4,263.40000000000003,275.00000000000006,106,91,66
1600,train,3,35,pick up the black bowl on the cookie box and place it on the plate,97,data/chunk-000/file-361.parquet,videos/observation.images.image/chunk-000/file-034.mp4,275.00000000000006,284.70000000000005,videos/observation.images.image2/chunk-000/file-034.mp4,275.00000000000006,284.70000000000005,87,72,47
1601,train,1,37,pick up the black bowl next to the ramekin and place it on the plate,134,data/chunk-000/file-362.parquet,videos/observation.images.image/chunk-000/file-034.mp4,284.70000000000005,298.1,videos/observation.images.image2/chunk-000/file-034.mp4,284.70000000000005,298.1,124,109,84
1602,train,0,34,pick up the black bowl between the plate and the ramekin and place it on the plate,95,data/chunk-000/file-362.parquet,videos/observation.images.image/chunk-000/file-034.mp4,298.1,307.6,videos/observation.images.image2/chunk-000/file-034.mp4,298.1,307.6,85,70,45
1603,validation,2,38,pick up the black bowl from table center and place it on the plate,122,data/chunk-000/file-362.parquet,videos/observation.images.image/chunk-000/file-034.mp4,307.6,319.8,videos/observation.images.image2/chunk-000/file-034.mp4,307.6,319.8,112,97,72
1604,train,6,30,pick up the black bowl next to the cookie box and place it on the plate,120,data/chunk-000/file-362.parquet,videos/observation.images.image/chunk-000/file-034.mp4,319.8,331.8,videos/observation.images.image2/chunk-000/file-034.mp4,319.8,331.8,110,95,70
1605,train,5,32,pick up the black bowl on the ramekin and place it on the plate,119,data/chunk-000/file-362.parquet,videos/observation.images.image/chunk-000/file-034.mp4,331.8,343.7,videos/observation.images.image2/chunk-000/file-034.mp4,331.8,343.7,109,94,69
1606,train,6,30,pick up the black bowl next to the cookie box and place it on the plate,113,data/chunk-000/file-362.parquet,videos/observation.images.image/chunk-000/file-034.mp4,343.7,355.0,videos/observation.images.image2/chunk-000/file-034.mp4,343.7,355.0,103,88,63
1607,train,6,30,pick up the black bowl next to the cookie box and place it on the plate,137,data/chunk-000/file-362.parquet,videos/observation.images.image/chunk-000/file-034.mp4,355.0,368.7,videos/observation.images.image2/chunk-000/file-034.mp4,355.0,368.7,127,112,87
1608,train,3,35,pick up the black bowl on the cookie box and place it on the plate,89,data/chunk-000/file-363.parquet,videos/observation.images.image/chunk-000/file-034.mp4,368.7,377.59999999999997,videos/observation.images.image2/chunk-000/file-034.mp4,368.7,377.59999999999997,79,64,39
1609,test,8,36,pick up the black bowl next to the plate and place it on the plate,99,data/chunk-000/file-363.parquet,videos/observation.images.image/chunk-000/file-034.mp4,377.59999999999997,387.49999999999994,videos/observation.images.image2/chunk-000/file-034.mp4,377.59999999999997,387.49999999999994,89,74,49
1610,test,3,35,pick up the black bowl on the cookie box and place it on the plate,92,data/chunk-000/file-363.parquet,videos/observation.images.image/chunk-000/file-034.mp4,387.49999999999994,396.69999999999993,videos/observation.images.image2/chunk-000/file-034.mp4,387.49999999999994,396.69999999999993,82,67,42
1611,train,6,30,pick up the black bowl next to the cookie box and place it on the plate,123,data/chunk-000/file-363.parquet,videos/observation.images.image/chunk-000/file-034.mp4,396.69999999999993,408.99999999999994,videos/observation.images.image2/chunk-000/file-034.mp4,396.69999999999993,408.99999999999994,113,98,73
1612,validation,6,30,pick up the black bowl next to the cookie box and place it on the plate,124,data/chunk-000/file-363.parquet,videos/observation.images.image/chunk-000/file-034.mp4,408.99999999999994,421.3999999999999,videos/observation.images.image2/chunk-000/file-034.mp4,408.99999999999994,421.3999999999999,114,99,74
1613,train,6,30,pick up the black bowl next to the cookie box and place it on the plate,108,data/chunk-000/file-363.parquet,videos/observation.images.image/chunk-000/file-034.mp4,421.3999999999999,432.19999999999993,videos/observation.images.image2/chunk-000/file-034.mp4,421.3999999999999,432.19999999999993,98,83,58
1614,train,1,37,pick up the black bowl next to the ramekin and place it on the plate,133,data/chunk-000/file-363.parquet,videos/observation.images.image/chunk-000/file-034.mp4,432.19999999999993,445.49999999999994,videos/observation.images.image2/chunk-000/file-034.mp4,432.19999999999993,445.49999999999994,123,108,83
1615,test,0,34,pick up the black bowl between the plate and the ramekin and place it on the plate,90,data/chunk-000/file-364.parquet,videos/observation.images.image/chunk-000/file-034.mp4,445.49999999999994,454.49999999999994,videos/observation.images.image2/chunk-000/file-034.mp4,445.49999999999994,454.49999999999994,80,65,40
1616,train,7,33,pick up the black bowl on the stove and place it on the plate,124,data/chunk-000/file-364.parquet,videos/observation.images.image/chunk-000/file-034.mp4,454.49999999999994,466.8999999999999,videos/observation.images.image2/chunk-000/file-034.mp4,454.49999999999994,466.8999999999999,114,99,74
1617,train,0,34,pick up the black bowl between the plate and the ramekin and place it on the plate,92,data/chunk-000/file-364.parquet,videos/observation.images.image/chunk-000/file-034.mp4,466.8999999999999,476.0999999999999,videos/observation.images.image2/chunk-000/file-034.mp4,466.8999999999999,476.0999999999999,82,67,42
1618,validation,3,35,pick up the black bowl on the cookie box and place it on the plate,90,data/chunk-000/file-364.parquet,videos/observation.images.image/chunk-000/file-034.mp4,476.0999999999999,485.0999999999999,videos/observation.images.image2/chunk-000/file-034.mp4,476.0999999999999,485.0999999999999,80,65,40
1619,train,4,31,pick up the black bowl in the top drawer of the wooden cabinet and place it on the plate,156,data/chunk-000/file-364.parquet,videos/observation.images.image/chunk-000/file-034.mp4,485.0999999999999,500.69999999999993,videos/observation.images.image2/chunk-000/file-034.mp4,485.0999999999999,500.69999999999993,146,131,106
1620,train,4,31,pick up the black bowl in the top drawer of the wooden cabinet and place it on the plate,162,data/chunk-000/file-364.parquet,videos/observation.images.image/chunk-000/file-034.mp4,500.69999999999993,516.9,videos/observation.images.image2/chunk-000/file-034.mp4,500.69999999999993,516.9,152,137,112
1621,train,8,36,pick up the black bowl next to the plate and place it on the plate,150,data/chunk-000/file-365.parquet,videos/observation.images.image/chunk-000/file-034.mp4,516.9,531.9,videos/observation.images.image2/chunk-000/file-034.mp4,516.9,531.9,140,125,100
1622,test,2,38,pick up the black bowl from table center and place it on the plate,131,data/chunk-000/file-365.parquet,videos/observation.images.image/chunk-000/file-034.mp4,531.9,545.0,videos/observation.images.image2/chunk-000/file-034.mp4,531.9,545.0,121,106,81
1623,validation,8,36,pick up the black bowl next to the plate and place it on the plate,127,data/chunk-000/file-365.parquet,videos/observation.images.image/chunk-000/file-034.mp4,545.0,557.7,videos/observation.images.image2/chunk-000/file-034.mp4,545.0,557.7,117,102,77
1624,train,6,30,pick up the black bowl next to the cookie box and place it on the plate,108,data/chunk-000/file-365.parquet,videos/observation.images.image/chunk-000/file-034.mp4,557.7,568.5,videos/observation.images.image2/chunk-000/file-034.mp4,557.7,568.5,98,83,58
1625,train,4,31,pick up the black bowl in the top drawer of the wooden cabinet and place it on the plate,149,data/chunk-000/file-365.parquet,videos/observation.images.image/chunk-000/file-034.mp4,568.5,583.4,videos/observation.images.image2/chunk-000/file-034.mp4,568.5,583.4,139,124,99
1626,validation,5,32,pick up the black bowl on the ramekin and place it on the plate,112,data/chunk-000/file-365.parquet,videos/observation.images.image/chunk-000/file-034.mp4,583.4,594.6,videos/observation.images.image2/chunk-000/file-034.mp4,583.4,594.6,102,87,62
1627,train,9,39,pick up the black bowl on the wooden cabinet and place it on the plate,136,data/chunk-000/file-366.parquet,videos/observation.images.image/chunk-000/file-034.mp4,594.6,608.2,videos/observation.images.image2/chunk-000/file-034.mp4,594.6,608.2,126,111,86
1628,train,9,39,pick up the black bowl on the wooden cabinet and place it on the plate,139,data/chunk-000/file-366.parquet,videos/observation.images.image/chunk-000/file-035.mp4,0.0,13.9,videos/observation.images.image2/chunk-000/file-035.mp4,0.0,13.9,129,114,89
1629,train,3,35,pick up the black bowl on the cookie box and place it on the plate,100,data/chunk-000/file-366.parquet,videos/observation.images.image/chunk-000/file-035.mp4,13.9,23.9,videos/observation.images.image2/chunk-000/file-035.mp4,13.9,23.9,90,75,50
1630,train,8,36,pick up the black bowl next to the plate and place it on the plate,99,data/chunk-000/file-366.parquet,videos/observation.images.image/chunk-000/file-035.mp4,23.9,33.8,videos/observation.images.image2/chunk-000/file-035.mp4,23.9,33.8,89,74,49
1631,train,7,33,pick up the black bowl on the stove and place it on the plate,120,data/chunk-000/file-366.parquet,videos/observation.images.image/chunk-000/file-035.mp4,33.8,45.8,videos/observation.images.image2/chunk-000/file-035.mp4,33.8,45.8,110,95,70
1632,train,1,37,pick up the black bowl next to the ramekin and place it on the plate,123,data/chunk-000/file-366.parquet,videos/observation.images.image/chunk-000/file-035.mp4,45.8,58.099999999999994,videos/observation.images.image2/chunk-000/file-035.mp4,45.8,58.099999999999994,113,98,73
1633,train,9,39,pick up the black bowl on the wooden cabinet and place it on the plate,193,data/chunk-000/file-367.parquet,videos/observation.images.image/chunk-000/file-035.mp4,58.099999999999994,77.39999999999999,videos/observation.images.image2/chunk-000/file-035.mp4,58.099999999999994,77.39999999999999,183,168,143
1634,train,7,33,pick up the black bowl on the stove and place it on the plate,125,data/chunk-000/file-367.parquet,videos/observation.images.image/chunk-000/file-035.mp4,77.39999999999999,89.89999999999999,videos/observation.images.image2/chunk-000/file-035.mp4,77.39999999999999,89.89999999999999,115,100,75
1635,train,5,32,pick up the black bowl on the ramekin and place it on the plate,109,data/chunk-000/file-367.parquet,videos/observation.images.image/chunk-000/file-035.mp4,89.89999999999999,100.8,videos/observation.images.image2/chunk-000/file-035.mp4,89.89999999999999,100.8,99,84,59
1636,test,7,33,pick up the black bowl on the stove and place it on the plate,140,data/chunk-000/file-367.parquet,videos/observation.images.image/chunk-000/file-035.mp4,100.8,114.8,videos/observation.images.image2/chunk-000/file-035.mp4,100.8,114.8,130,115,90
1637,train,7,33,pick up the black bowl on the stove and place it on the plate,141,data/chunk-000/file-367.parquet,videos/observation.images.image/chunk-000/file-035.mp4,114.8,128.9,videos/observation.images.image2/chunk-000/file-035.mp4,114.8,128.9,131,116,91
1638,validation,3,35,pick up the black bowl on the cookie box and place it on the plate,99,data/chunk-000/file-367.parquet,videos/observation.images.image/chunk-000/file-035.mp4,128.9,138.8,videos/observation.images.image2/chunk-000/file-035.mp4,128.9,138.8,89,74,49
1639,validation,8,36,pick up the black bowl next to the plate and place it on the plate,116,data/chunk-000/file-368.parquet,videos/observation.images.image/chunk-000/file-035.mp4,138.8,150.4,videos/observation.images.image2/chunk-000/file-035.mp4,138.8,150.4,106,91,66
1640,train,4,31,pick up the black bowl in the top drawer of the wooden cabinet and place it on the plate,172,data/chunk-000/file-368.parquet,videos/observation.images.image/chunk-000/file-035.mp4,150.4,167.6,videos/observation.images.image2/chunk-000/file-035.mp4,150.4,167.6,162,147,122
1641,train,2,38,pick up the black bowl from table center and place it on the plate,93,data/chunk-000/file-368.parquet,videos/observation.images.image/chunk-000/file-035.mp4,167.6,176.9,videos/observation.images.image2/chunk-000/file-035.mp4,167.6,176.9,83,68,43
1642,train,0,34,pick up the black bowl between the plate and the ramekin and place it on the plate,90,data/chunk-000/file-368.parquet,videos/observation.images.image/chunk-000/file-035.mp4,176.9,185.9,videos/observation.images.image2/chunk-000/file-035.mp4,176.9,185.9,80,65,40
1643,train,9,39,pick up the black bowl on the wooden cabinet and place it on the plate,128,data/chunk-000/file-368.parquet,videos/observation.images.image/chunk-000/file-035.mp4,185.9,198.70000000000002,videos/observation.images.image2/chunk-000/file-035.mp4,185.9,198.70000000000002,118,103,78
1644,train,9,39,pick up the black bowl on the wooden cabinet and place it on the plate,136,data/chunk-000/file-368.parquet,videos/observation.images.image/chunk-000/file-035.mp4,198.70000000000002,212.3,videos/observation.images.image2/chunk-000/file-035.mp4,198.70000000000002,212.3,126,111,86
1645,test,6,30,pick up the black bowl next to the cookie box and place it on the plate,155,data/chunk-000/file-369.parquet,videos/observation.images.image/chunk-000/file-035.mp4,212.3,227.8,videos/observation.images.image2/chunk-000/file-035.mp4,212.3,227.8,145,130,105
1646,train,5,32,pick up the black bowl on the ramekin and place it on the plate,98,data/chunk-000/file-369.parquet,videos/observation.images.image/chunk-000/file-035.mp4,227.8,237.60000000000002,videos/observation.images.image2/chunk-000/file-035.mp4,227.8,237.60000000000002,88,73,48
1647,train,5,32,pick up the black bowl on the ramekin and place it on the plate,120,data/chunk-000/file-369.parquet,videos/observation.images.image/chunk-000/file-035.mp4,237.60000000000002,249.60000000000002,videos/observation.images.image2/chunk-000/file-035.mp4,237.60000000000002,249.60000000000002,110,95,70
1648,train,8,36,pick up the black bowl next to the plate and place it on the plate,140,data/chunk-000/file-369.parquet,videos/observation.images.image/chunk-000/file-035.mp4,249.60000000000002,263.6,videos/observation.images.image2/chunk-000/file-035.mp4,249.60000000000002,263.6,130,115,90
1649,train,1,37,pick up the black bowl next to the ramekin and place it on the plate,114,data/chunk-000/file-369.parquet,videos/observation.images.image/chunk-000/file-035.mp4,263.6,275.0,videos/observation.images.image2/chunk-000/file-035.mp4,263.6,275.0,104,89,64
1650,train,3,35,pick up the black bowl on the cookie box and place it on the plate,129,data/chunk-000/file-369.parquet,videos/observation.images.image/chunk-000/file-035.mp4,275.0,287.9,videos/observation.images.image2/chunk-000/file-035.mp4,275.0,287.9,119,104,79
1651,validation,4,31,pick up the black bowl in the top drawer of the wooden cabinet and place it on the plate,182,data/chunk-000/file-370.parquet,videos/observation.images.image/chunk-000/file-035.mp4,287.9,306.09999999999997,videos/observation.images.image2/chunk-000/file-035.mp4,287.9,306.09999999999997,172,157,132
1652,train,2,38,pick up the black bowl from table center and place it on the plate,120,data/chunk-000/file-370.parquet,videos/observation.images.image/chunk-000/file-035.mp4,306.09999999999997,318.09999999999997,videos/observation.images.image2/chunk-000/file-035.mp4,306.09999999999997,318.09999999999997,110,95,70
1653,validation,9,39,pick up the black bowl on the wooden cabinet and place it on the plate,141,data/chunk-000/file-370.parquet,videos/observation.images.image/chunk-000/file-035.mp4,318.09999999999997,332.2,videos/observation.images.image2/chunk-000/file-035.mp4,318.09999999999997,332.2,131,116,91
1654,train,7,33,pick up the black bowl on the stove and place it on the plate,128,data/chunk-000/file-370.parquet,videos/observation.images.image/chunk-000/file-035.mp4,332.2,345.0,videos/observation.images.image2/chunk-000/file-035.mp4,332.2,345.0,118,103,78
1655,train,6,30,pick up the black bowl next to the cookie box and place it on the plate,124,data/chunk-000/file-370.parquet,videos/observation.images.image/chunk-000/file-035.mp4,345.0,357.4,videos/observation.images.image2/chunk-000/file-035.mp4,345.0,357.4,114,99,74
1656,train,1,37,pick up the black bowl next to the ramekin and place it on the plate,129,data/chunk-000/file-370.parquet,videos/observation.images.image/chunk-000/file-035.mp4,357.4,370.29999999999995,videos/observation.images.image2/chunk-000/file-035.mp4,357.4,370.29999999999995,119,104,79
1657,train,2,38,pick up the black bowl from table center and place it on the plate,126,data/chunk-000/file-371.parquet,videos/observation.images.image/chunk-000/file-035.mp4,370.29999999999995,382.9,videos/observation.images.image2/chunk-000/file-035.mp4,370.29999999999995,382.9,116,101,76
1658,test,3,35,pick up the black bowl on the cookie box and place it on the plate,101,data/chunk-000/file-371.parquet,videos/observation.images.image/chunk-000/file-035.mp4,382.9,393.0,videos/observation.images.image2/chunk-000/file-035.mp4,382.9,393.0,91,76,51
1659,train,3,35,pick up the black bowl on the cookie box and place it on the plate,98,data/chunk-000/file-371.parquet,videos/observation.images.image/chunk-000/file-035.mp4,393.0,402.8,videos/observation.images.image2/chunk-000/file-035.mp4,393.0,402.8,88,73,48
1660,train,0,34,pick up the black bowl between the plate and the ramekin and place it on the plate,92,data/chunk-000/file-371.parquet,videos/observation.images.image/chunk-000/file-035.mp4,402.8,412.0,videos/observation.images.image2/chunk-000/file-035.mp4,402.8,412.0,82,67,42
1661,train,6,30,pick up the black bowl next to the cookie box and place it on the plate,130,data/chunk-000/file-371.parquet,videos/observation.images.image/chunk-000/file-035.mp4,412.0,425.0,videos/observation.images.image2/chunk-000/file-035.mp4,412.0,425.0,120,105,80
1662,train,3,35,pick up the black bowl on the cookie box and place it on the plate,99,data/chunk-000/file-371.parquet,videos/observation.images.image/chunk-000/file-035.mp4,425.0,434.9,videos/observation.images.image2/chunk-000/file-035.mp4,425.0,434.9,89,74,49
1663,train,4,31,pick up the black bowl in the top drawer of the wooden cabinet and place it on the plate,138,data/chunk-000/file-371.parquet,videos/observation.images.image/chunk-000/file-035.mp4,434.9,448.7,videos/observation.images.image2/chunk-000/file-035.mp4,434.9,448.7,128,113,88
1664,train,1,37,pick up the black bowl next to the ramekin and place it on the plate,150,data/chunk-000/file-372.parquet,videos/observation.images.image/chunk-000/file-035.mp4,448.7,463.7,videos/observation.images.image2/chunk-000/file-035.mp4,448.7,463.7,140,125,100
1665,train,2,38,pick up the black bowl from table center and place it on the plate,117,data/chunk-000/file-372.parquet,videos/observation.images.image/chunk-000/file-035.mp4,463.7,475.4,videos/observation.images.image2/chunk-000/file-035.mp4,463.7,475.4,107,92,67
1666,train,6,30,pick up the black bowl next to the cookie box and place it on the plate,130,data/chunk-000/file-372.parquet,videos/observation.images.image/chunk-000/file-035.mp4,475.4,488.4,videos/observation.images.image2/chunk-000/file-035.mp4,475.4,488.4,120,105,80
1667,train,7,33,pick up the black bowl on the stove and place it on the plate,132,data/chunk-000/file-372.parquet,videos/observation.images.image/chunk-000/file-035.mp4,488.4,501.59999999999997,videos/observation.images.image2/chunk-000/file-035.mp4,488.4,501.59999999999997,122,107,82
1668,train,2,38,pick up the black bowl from table center and place it on the plate,102,data/chunk-000/file-372.parquet,videos/observation.images.image/chunk-000/file-035.mp4,501.59999999999997,511.79999999999995,videos/observation.images.image2/chunk-000/file-035.mp4,501.59999999999997,511.79999999999995,92,77,52
1669,test,0,34,pick up the black bowl between the plate and the ramekin and place it on the plate,98,data/chunk-000/file-372.parquet,videos/observation.images.image/chunk-000/file-035.mp4,511.79999999999995,521.5999999999999,videos/observation.images.image2/chunk-000/file-035.mp4,511.79999999999995,521.5999999999999,88,73,48
1670,train,3,35,pick up the black bowl on the cookie box and place it on the plate,90,data/chunk-000/file-372.parquet,videos/observation.images.image/chunk-000/file-035.mp4,521.5999999999999,530.5999999999999,videos/observation.images.image2/chunk-000/file-035.mp4,521.5999999999999,530.5999999999999,80,65,40
1671,train,8,36,pick up the black bowl next to the plate and place it on the plate,120,data/chunk-000/file-373.parquet,videos/observation.images.image/chunk-000/file-035.mp4,530.5999999999999,542.5999999999999,videos/observation.images.image2/chunk-000/file-035.mp4,530.5999999999999,542.5999999999999,110,95,70
1672,train,0,34,pick up the black bowl between the plate and the ramekin and place it on the plate,113,data/chunk-000/file-373.parquet,videos/observation.images.image/chunk-000/file-035.mp4,542.5999999999999,553.8999999999999,videos/observation.images.image2/chunk-000/file-035.mp4,542.5999999999999,553.8999999999999,103,88,63
1673,train,7,33,pick up the black bowl on the stove and place it on the plate,130,data/chunk-000/file-373.parquet,videos/observation.images.image/chunk-000/file-035.mp4,553.8999999999999,566.8999999999999,videos/observation.images.image2/chunk-000/file-035.mp4,553.8999999999999,566.8999999999999,120,105,80
1674,train,9,39,pick up the black bowl on the wooden cabinet and place it on the plate,119,data/chunk-000/file-373.parquet,videos/observation.images.image/chunk-000/file-035.mp4,566.8999999999999,578.7999999999998,videos/observation.images.image2/chunk-000/file-035.mp4,566.8999999999999,578.7999999999998,109,94,69
1675,train,7,33,pick up the black bowl on the stove and place it on the plate,138,data/chunk-000/file-373.parquet,videos/observation.images.image/chunk-000/file-035.mp4,578.7999999999998,592.5999999999998,videos/observation.images.image2/chunk-000/file-035.mp4,578.7999999999998,592.5999999999998,128,113,88
1676,train,1,37,pick up the black bowl next to the ramekin and place it on the plate,140,data/chunk-000/file-373.parquet,videos/observation.images.image/chunk-000/file-035.mp4,592.5999999999998,606.5999999999998,videos/observation.images.image2/chunk-000/file-035.mp4,592.5999999999998,606.5999999999998,130,115,90
1677,train,4,31,pick up the black bowl in the top drawer of the wooden cabinet and place it on the plate,142,data/chunk-000/file-374.parquet,videos/observation.images.image/chunk-000/file-035.mp4,606.5999999999998,620.7999999999998,videos/observation.images.image2/chunk-000/file-035.mp4,606.5999999999998,620.7999999999998,132,117,92
1678,test,8,36,pick up the black bowl next to the plate and place it on the plate,97,data/chunk-000/file-374.parquet,videos/observation.images.image/chunk-000/file-036.mp4,0.0,9.7,videos/observation.images.image2/chunk-000/file-036.mp4,0.0,9.7,87,72,47
1679,train,0,34,pick up the black bowl between the plate and the ramekin and place it on the plate,88,data/chunk-000/file-374.parquet,videos/observation.images.image/chunk-000/file-036.mp4,9.7,18.5,videos/observation.images.image2/chunk-000/file-036.mp4,9.7,18.5,78,63,38
1680,test,5,32,pick up the black bowl on the ramekin and place it on the plate,98,data/chunk-000/file-374.parquet,videos/observation.images.image/chunk-000/file-036.mp4,18.5,28.3,videos/observation.images.image2/chunk-000/file-036.mp4,18.5,28.3,88,73,48
1681,train,1,37,pick up the black bowl next to the ramekin and place it on the plate,152,data/chunk-000/file-374.parquet,videos/observation.images.image/chunk-000/file-036.mp4,28.3,43.5,videos/observation.images.image2/chunk-000/file-036.mp4,28.3,43.5,142,127,102
1682,train,2,38,pick up the black bowl from table center and place it on the plate,111,data/chunk-000/file-374.parquet,videos/observation.images.image/chunk-000/file-036.mp4,43.5,54.6,videos/observation.images.image2/chunk-000/file-036.mp4,43.5,54.6,101,86,61
1683,train,9,39,pick up the black bowl on the wooden cabinet and place it on the plate,124,data/chunk-000/file-374.parquet,videos/observation.images.image/chunk-000/file-036.mp4,54.6,67.0,videos/observation.images.image2/chunk-000/file-036.mp4,54.6,67.0,114,99,74
1684,train,5,32,pick up the black bowl on the ramekin and place it on the plate,102,data/chunk-000/file-375.parquet,videos/observation.images.image/chunk-000/file-036.mp4,67.0,77.2,videos/observation.images.image2/chunk-000/file-036.mp4,67.0,77.2,92,77,52
1685,train,5,32,pick up the black bowl on the ramekin and place it on the plate,138,data/chunk-000/file-375.parquet,videos/observation.images.image/chunk-000/file-036.mp4,77.2,91.0,videos/observation.images.image2/chunk-000/file-036.mp4,77.2,91.0,128,113,88
1686,train,2,38,pick up the black bowl from table center and place it on the plate,117,data/chunk-000/file-375.parquet,videos/observation.images.image/chunk-000/file-036.mp4,91.0,102.7,videos/observation.images.image2/chunk-000/file-036.mp4,91.0,102.7,107,92,67
1687,train,4,31,pick up the black bowl in the top drawer of the wooden cabinet and place it on the plate,143,data/chunk-000/file-375.parquet,videos/observation.images.image/chunk-000/file-036.mp4,102.7,117.0,videos/observation.images.image2/chunk-000/file-036.mp4,102.7,117.0,133,118,93
1688,train,1,37,pick up the black bowl next to the ramekin and place it on the plate,145,data/chunk-000/file-375.parquet,videos/observation.images.image/chunk-000/file-036.mp4,117.0,131.5,videos/observation.images.image2/chunk-000/file-036.mp4,117.0,131.5,135,120,95
1689,train,5,32,pick up the black bowl on the ramekin and place it on the plate,102,data/chunk-000/file-375.parquet,videos/observation.images.image/chunk-000/file-036.mp4,131.5,141.7,videos/observation.images.image2/chunk-000/file-036.mp4,131.5,141.7,92,77,52
1690,train,9,39,pick up the black bowl on the wooden cabinet and place it on the plate,133,data/chunk-000/file-376.parquet,videos/observation.images.image/chunk-000/file-036.mp4,141.7,155.0,videos/observation.images.image2/chunk-000/file-036.mp4,141.7,155.0,123,108,83
1691,train,7,33,pick up the black bowl on the stove and place it on the plate,140,data/chunk-000/file-376.parquet,videos/observation.images.image/chunk-000/file-036.mp4,155.0,169.0,videos/observation.images.image2/chunk-000/file-036.mp4,155.0,169.0,130,115,90
1692,train,5,32,pick up the black bowl on the ramekin and place it on the plate,109,data/chunk-000/file-376.parquet,videos/observation.images.image/chunk-000/file-036.mp4,169.0,179.9,videos/observation.images.image2/chunk-000/file-036.mp4,169.0,179.9,99,84,59
